Sobs	Shannon	Simpson	Pielou	Chao	ACE	goods_coverage	depth	sample
1	0	0	NA	1	NA	0	1	ADAL1
1	0	0	NA	1	NA	0	1	ADAL3
1	0	0	NA	1	NA	0	1	ADALmet1
1	0	0	NA	1	NA	0	1	ADALmet2
1	0	0	NA	1	NA	0	1	ADUP1
1	0	0	NA	1	NA	0	1	ADUP3
1	0	0	NA	1	NA	0	1	ADUPmet1
1	0	0	NA	1	NA	0	1	ADUPmet2
1	0	0	NA	1	NA	0	1	KUAL1
1	0	0	NA	1	NA	0	1	KUAL2
1	0	0	NA	1	NA	0	1	KUAL3
1	0	0	NA	1	NA	0	1	KUALmet1
1	0	0	NA	1	NA	0	1	KUALmet2
1	0	0	NA	1	NA	0	1	KUALmet3
1	0	0	NA	1	NA	0	1	KUUP1
1	0	0	NA	1	NA	0	1	KUUP2
1	0	0	NA	1	NA	0	1	KUUP3
1	0	0	NA	1	NA	0	1	KUUPmet2
67	4.05353725823896	0.979	1.92810158799484	127.882352941176	156.325255296449	0.54	100	ADAL1
78	4.22581727770141	0.9822	1.93991264773706	346.125	386.159169550173	0.34	100	ADAL3
85	4.39199355038246	0.9868	1.97719483111178	262.5	293.103448275862	0.29	100	ADALmet1
72	4.18221489551274	0.983	1.95582950790414	140.055555555556	145.818181818182	0.5	100	ADALmet2
26	2.63236034622632	0.8888	1.61588848918814	35.4285714285714	41.7126530612245	0.88	100	ADUP1
23	2.55232752008564	0.8782	1.62802247066452	38	34.3971125730994	0.9	100	ADUP3
17	1.90833724011132	0.7814	1.34711863059294	44.5	59.2106666666667	0.89	100	ADUPmet1
20	2.04701612421161	0.7888	1.36662153843483	31	49.2305638972306	0.89	100	ADUPmet2
58	3.87671697202928	0.975	1.90950443681148	106.461538461538	111.612215909091	0.64	100	KUAL1
64	3.98446468355248	0.977	1.91612247985279	142.833333333333	153.628117913832	0.56	100	KUAL2
63	3.99083945100144	0.9782	1.92648306876435	121.571428571429	125.731895223421	0.59	100	KUAL3
69	4.1076676960191	0.9806	1.94027603772325	129.055555555556	151.128946999364	0.53	100	KUALmet1
77	4.21448104948237	0.9822	1.94045572496379	301	335.699588477366	0.36	100	KUALmet2
64	4.03835297796311	0.98	1.94203727155552	105.166666666667	108.739911884228	0.61	100	KUALmet3
61	3.78902866654286	0.9654	1.84341762444459	249	262.700719268833	0.52	100	KUUP1
60	3.90922526936842	0.9752	1.90957317341499	110.214285714286	124.154132374736	0.62	100	KUUP2
55	3.69788313446453	0.9636	1.84555811235846	133.111111111111	138.750951724138	0.62	100	KUUP3
49	3.56553649578727	0.9604	1.83232329484393	100.666666666667	121.479869053908	0.69	100	KUUPmet2
120	4.58792545913916	0.987866666666667	1.91663012936001	146.090909090909	150.86578481363	0.86	300	ADAL1
156	4.82031767811717	0.989377777777778	1.90909113891452	245.25	262.4624354667	0.716666666666667	300	ADAL3
186	5.01927881748356	0.991266666666667	1.92098053383712	372	468.756219077365	0.586666666666667	300	ADALmet1
128	4.68431718619841	0.989466666666667	1.93086890699411	173.37037037037	160.177123745819	0.833333333333333	300	ADALmet2
36	2.73667490726174	0.889444444444444	1.52736734715892	42	42.2926665922536	0.97	300	ADUP1
44	2.70344275471218	0.880177777777778	1.42880934426796	63	76.297520661157	0.933333333333333	300	ADUP3
29	2.03045076196587	0.769355555555556	1.20598299910823	33.5	39.5698708576998	0.966666666666667	300	ADUPmet1
32	2.07025547646413	0.774555555555556	1.19469892370721	41.75	43.8877843686852	0.956666666666667	300	ADUPmet2
108	4.37550355048462	0.9836	1.86902217739509	157.285714285714	156.920587154114	0.846666666666667	300	KUAL1
145	4.65080183359083	0.986333333333333	1.86901774308255	323	318.876349782642	0.703333333333333	300	KUAL2
134	4.6705883006949	0.988244444444444	1.90720337596248	175.325	195.145122084658	0.806666666666667	300	KUAL3
144	4.72937837232449	0.9886	1.9032418673466	228.40625	244.892508534073	0.753333333333333	300	KUALmet1
158	4.87169949681972	0.990711111111111	1.92458589519332	243.024390243902	255.760972789958	0.72	300	KUALmet2
120	4.43898146533939	0.983711111111111	1.85440798807931	181.034482758621	208.462219935711	0.8	300	KUALmet3
105	4.14992717446766	0.974155555555556	1.78339601639588	164.913043478261	182.511371949403	0.823333333333333	300	KUUP1
96	4.17574530193902	0.978244444444444	1.82972250440699	126.565217391304	135.381437446931	0.873333333333333	300	KUUP2
91	4.12117797880071	0.976955555555556	1.82722515425135	113.545454545455	120.788670421936	0.893333333333333	300	KUUP3
97	4.06515221497779	0.973222222222222	1.77722799716965	148.47619047619	166.401265126513	0.843333333333333	300	KUUPmet2
141	4.63316283889557	0.986536	1.8724540860848	171	166.919039528226	0.92	500	ADAL1
201	4.9643721676551	0.989328	1.87218055673589	276.566037735849	296.701067706523	0.82	500	ADAL3
287	5.41652192378927	0.994064	1.91414045217995	657.30612244898	685.80358532469	0.618	500	ADALmet1
153	4.77326001076353	0.989592	1.89775128342794	170.333333333333	181.642297520588	0.92	500	ADALmet2
43	2.75570377464007	0.88744	1.46533217583501	46.2727272727273	49.5022151401024	0.982	500	ADUP1
56	2.73847761065513	0.878904	1.3606153305601	77.2307692307692	92.5790577913408	0.952	500	ADUP3
37	2.1572683182394	0.789792	1.19485868714178	53.5	44.8635856709548	0.976	500	ADUPmet1
38	2.19236339095929	0.7894	1.20539461867987	41.6	43.924306979469	0.982	500	ADUPmet2
128	4.52640248284247	0.985936	1.86577669001838	155.045454545455	152.296104111321	0.93	500	KUAL1
209	4.94396156024553	0.989288	1.85086193677501	364.116279069767	411.552010590815	0.768	500	KUAL2
157	4.63359578659021	0.985736	1.83282062026691	218.176470588235	227.041409927285	0.87	500	KUAL3
195	4.92358561962322	0.989824	1.86747052221044	272.019230769231	313.97823699998	0.82	500	KUALmet1
188	4.91817800400026	0.990168	1.87844266733449	277.552631578947	284.437425582296	0.834	500	KUALmet2
145	4.51454302323083	0.982528	1.81425941466383	169.06976744186	179.931881704225	0.908	500	KUALmet3
154	4.39137056011888	0.975528	1.7436616568576	211.5	239.963946209429	0.86	500	KUUP1
121	4.34912531417851	0.979808	1.81372613037559	131.15625	135.764232413096	0.948	500	KUUP2
103	4.05972012826539	0.971368	1.75186947870111	136.066666666667	127.043010752688	0.936	500	KUUP3
106	4.21867958352395	0.97936	1.80925685889212	123.181818181818	125.590060916777	0.944	500	KUUPmet2
152	4.70016053034287	0.987959183673469	1.8711275122248	168.607142857143	169.342936196322	0.955714285714286	700	ADAL1
219	5.02279562892947	0.989922448979592	1.86406709012222	260.637931034483	273.183680560371	0.9	700	ADAL3
348	5.54838428701512	0.994571428571429	1.89616962372393	747.842105263158	755.087973902212	0.694285714285714	700	ADALmet1
175	4.8905486631801	0.990714285714286	1.8938049661194	202.774193548387	200.386146105956	0.94	700	ADALmet2
44	2.66034339807307	0.878069387755102	1.40603069900515	45.1111111111111	46.568569163694	0.992857142857143	700	ADUP1
64	2.77983421384445	0.880571428571429	1.33681767826895	78	83.4360795454545	0.97	700	ADUP3
41	2.20465838465625	0.798755102040816	1.18735187849085	44.1111111111111	44.3843635102324	0.988571428571429	700	ADUPmet1
36	1.96723445143943	0.755828571428571	1.09793445226606	41.625	44.5944007844757	0.985714285714286	700	ADUPmet2
135	4.54488580025205	0.98614693877551	1.85306063596253	152.55	151.620941776463	0.961428571428571	700	KUAL1
234	5.00668754139698	0.989665306122449	1.83552441204689	311.918032786885	349.400744250555	0.86	700	KUAL2
193	4.86537647667583	0.989028571428571	1.8490073715277	239.5	247.666577908773	0.91	700	KUAL3
233	5.08842545437346	0.99109387755102	1.86695635986385	328.232558139535	321.517529756937	0.87	700	KUALmet1
200	4.88027470530107	0.989081632653061	1.84219795368003	246	264.806465694474	0.901428571428571	700	KUALmet2
172	4.58176252952714	0.983024489795918	1.78019133392581	220.48717948718	232.448462810378	0.911428571428571	700	KUALmet3
187	4.53946337671701	0.97789387755102	1.7355645654502	236.153846153846	261.155023398636	0.897142857142857	700	KUUP1
126	4.29559765156972	0.978914285714286	1.77640498805308	150.391304347826	151.08716618777	0.951428571428571	700	KUUP2
112	4.18731271868788	0.9754	1.7748495158752	118.12	121.798077394972	0.974285714285714	700	KUUP3
118	4.27721865802376	0.979134693877551	1.79312572291564	129	131.885270305335	0.967142857142857	700	KUUPmet2
154	4.73347838941975	0.988481481481482	1.87950086611954	161.434782608696	162.025242478137	0.978888888888889	900	ADAL1
240	5.08567989839082	0.990711111111111	1.85587117470226	311.818181818182	305.015692492154	0.911111111111111	900	ADAL3
427	5.69980997301163	0.994940740740741	1.88212422980997	805.011764705882	903.510082038574	0.717777777777778	900	ADALmet1
170	4.86458612930723	0.990681481481481	1.89438358570053	181.7	182.797719429884	0.97	900	ADALmet2
48	2.72320783653871	0.88557037037037	1.4069059337738	52.6666666666667	51.9390248911927	0.991111111111111	900	ADUP1
68	2.80718303123597	0.885548148148148	1.33057371967463	78.2	81.04	0.98	900	ADUP3
41	2.0771124166635	0.777762962962963	1.11866008218167	42.6666666666667	44.3400750411184	0.993333333333333	900	ADUPmet1
38	2.04794985269614	0.765449382716049	1.12599386668558	42.6666666666667	43.2319053687547	0.991111111111111	900	ADUPmet2
148	4.60583820924434	0.98683950617284	1.84336304200062	157.51724137931	161.494867909125	0.973333333333333	900	KUAL1
255	5.06279642014105	0.99023950617284	1.82730757304065	325.5	347.010101450388	0.895555555555556	900	KUAL2
199	4.842424050974	0.98858024691358	1.82964110751964	249.323529411765	244.692242247849	0.934444444444444	900	KUAL3
247	5.08874792118263	0.990762962962963	1.84730050243552	292.491803278689	304.741377940242	0.916666666666667	900	KUALmet1
240	5.08450948046777	0.991145679012346	1.85544406467388	294.411764705882	299.346995960049	0.916666666666667	900	KUALmet2
189	4.63265488636829	0.982832098765432	1.76759957054722	237.617647058824	233.440633157008	0.935555555555556	900	KUALmet3
199	4.49397771097752	0.976888888888889	1.69798561004332	244.566037735849	266.311422226245	0.922222222222222	900	KUUP1
130	4.35716360321877	0.979918518518519	1.79029594862383	145	140.091780882876	0.976666666666667	900	KUUP2
118	4.19549697408753	0.974244444444444	1.75886578315054	132.615384615385	127.356128329279	0.977777777777778	900	KUUP3
125	4.27678890844367	0.979165432098765	1.77154557103542	139.526315789474	138.861974581288	0.973333333333333	900	KUUPmet2
161	4.73497012253066	0.988229752066116	1.86364626092698	169.636363636364	169.836378168295	0.981818181818182	1100	ADAL1
245	5.13351494610671	0.991717355371901	1.86630576120454	280.934782608696	280.588380788107	0.947272727272727	1100	ADAL3
480	5.79089400176357	0.995357024793388	1.87596197999267	850.561224489796	947.525366643034	0.754545454545455	1100	ADALmet1
180	4.94702811864461	0.991654545454545	1.90528373745164	187.777777777778	188.814760623991	0.980909090909091	1100	ADALmet2
52	2.7857284669201	0.894864462809917	1.41005144978515	54.1	55.942053733468	0.993636363636364	1100	ADUP1
73	2.8115308179026	0.882919008264463	1.31059661859899	79.8	85.2330072524878	0.984545454545455	1100	ADUP3
43	2.13577705386971	0.778988429752066	1.13568913547472	47.6666666666667	46.6617309090909	0.992727272727273	1100	ADUPmet1
39	2.087055379948	0.769123966942149	1.13935867963508	41.5	41.0998252370627	0.995454545454545	1100	ADUPmet2
156	4.61189377674731	0.986545454545455	1.8265446658782	169.541666666667	170.035529569677	0.976363636363636	1100	KUAL1
277	5.08976551384237	0.990385123966942	1.81001055144042	384.019230769231	386.287883553875	0.903636363636364	1100	KUAL2
209	4.88030249161466	0.988955371900826	1.82703000652562	234.567567567568	233.800411102583	0.96	1100	KUAL3
253	5.08266126397328	0.990828099173554	1.83708783714848	293.2	298.61565084693	0.939090909090909	1100	KUALmet1
248	5.08911389282414	0.991036363636364	1.84607950047927	280.181818181818	285.92272806937	0.945454545454545	1100	KUALmet2
193	4.62986281733952	0.982733884297521	1.75950422736283	222.684210526316	226.516057194722	0.956363636363636	1100	KUALmet3
215	4.5325919484744	0.975785123966942	1.68791563487833	266.382978723404	277.631283339735	0.936363636363636	1100	KUUP1
140	4.39824462633743	0.981100826446281	1.7800740119173	149.130434782609	151.306430178796	0.980909090909091	1100	KUUP2
123	4.24938479733473	0.976036363636364	1.76609393303506	131	129.882231428219	0.985454545454545	1100	KUUP3
128	4.323663901557	0.97964958677686	1.78220813407055	140.666666666667	137.344656471984	0.981818181818182	1100	KUUPmet2
163	4.72295079660527	0.988155029585799	1.85441005562355	173	171.677538981057	0.984615384615385	1300	ADAL1
271	5.17275658297807	0.991184615384615	1.84671434090211	311.78431372549	312.892254653201	0.95	1300	ADAL3
493	5.73033670674072	0.994737278106509	1.84834391689306	905.670454545455	964.399861118673	0.792307692307692	1300	ADALmet1
184	4.91679605808108	0.99112426035503	1.88565930113601	198.285714285714	195.640182628711	0.980769230769231	1300	ADALmet2
53	2.73762733427914	0.88269349112426	1.37905594545055	57	59.3932689723606	0.993076923076923	1300	ADUP1
78	2.78876713459166	0.878765680473373	1.28021735926322	92.4375	95.4594156386855	0.983076923076923	1300	ADUP3
45	2.18331618111775	0.786482840236686	1.14710257974538	46.6666666666667	47.1268468130356	0.996153846153846	1300	ADUPmet1
42	2.02573977218672	0.761533727810651	1.08395871174783	43.4285714285714	44.049939719602	0.996153846153846	1300	ADUPmet2
150	4.58547267836825	0.986363313609467	1.83029592425976	156	156.703540601996	0.987692307692308	1300	KUAL1
287	5.09250439505705	0.989989349112426	1.7996361507688	360.438596491228	366.970797051801	0.929230769230769	1300	KUAL2
217	4.91066803534537	0.989149112426036	1.82556198107152	237.085714285714	235.913942509369	0.970769230769231	1300	KUAL3
282	5.15963973218544	0.990947928994083	1.82904102010582	348.5	331.399579186299	0.940769230769231	1300	KUALmet1
258	5.10247329969381	0.99121775147929	1.83774912158517	298.666666666667	295.991508292023	0.953076923076923	1300	KUALmet2
201	4.67482860101252	0.984630769230769	1.76298692308206	233.228571428571	235.159882464783	0.963076923076923	1300	KUALmet3
219	4.54359121890848	0.976720710059172	1.68622406481243	264.02380952381	267.767066241067	0.952307692307692	1300	KUUP1
139	4.38381798535159	0.980657988165681	1.77681270374865	149.2	147.158521462231	0.986153846153846	1300	KUUP2
124	4.20551053762758	0.974003550295858	1.74492318773902	137.333333333333	131.010388135362	0.987692307692308	1300	KUUP3
130	4.30142967531834	0.979827218934911	1.76739567807917	138.55	140.407888654757	0.985384615384615	1300	KUUPmet2
163	4.74839596206844	0.988467555555556	1.86440079504345	167.4	167.113085128453	0.992	1500	ADAL1
272	5.16137753762797	0.991252444444444	1.84144123413131	305.478260869565	304.785591571924	0.962666666666667	1500	ADAL3
531	5.78690918225325	0.995052444444444	1.84450315809997	839.08547008547	955.782144830803	0.820666666666667	1500	ADALmet1
186	4.9601609070407	0.991659555555556	1.89835490189049	193.65	192.668649392791	0.988	1500	ADALmet2
52	2.69473964658532	0.876671111111111	1.3639956623849	52.0769230769231	52.9385545463977	0.998666666666667	1500	ADUP1
80	2.87479492048753	0.889602666666667	1.31208464035339	86.0666666666667	88.2631389181445	0.990666666666667	1500	ADUP3
44	2.15301757840998	0.785488	1.13790152539511	46.5	47.2139426949616	0.996	1500	ADUPmet1
45	2.06411419805529	0.769459555555556	1.08447449890932	48.75	47.7420051971034	0.996	1500	ADUPmet2
156	4.63497646087808	0.987130666666667	1.835686583627	163.058823529412	162.58963453649	0.989333333333333	1500	KUAL1
293	5.13376051306899	0.990685333333333	1.80760722127329	333.571428571429	341.531099884458	0.952	1500	KUAL2
221	4.88995650876719	0.988712888888889	1.81171142077371	242.724137931034	238.222673866619	0.976	1500	KUAL3
276	5.10028310393634	0.990560888888889	1.81491791272278	320.6875	319.781634239703	0.956	1500	KUALmet1
253	5.08334028952045	0.990992	1.8373332655784	272.30612244898	276.321781886643	0.970666666666667	1500	KUALmet2
205	4.61111236383635	0.981725333333333	1.73252065350541	227.285714285714	227.797464491045	0.973333333333333	1500	KUALmet3
222	4.57649176908493	0.977461333333333	1.69415696907631	253.783783783784	249.506637083255	0.967333333333333	1500	KUUP1
138	4.40555408084808	0.981590222222222	1.78823919463263	143.571428571429	143.53223523049	0.991333333333333	1500	KUUP2
126	4.21698392375274	0.974198222222222	1.74389500235353	127.647058823529	128.789419207326	0.994666666666667	1500	KUUP3
132	4.31931012758587	0.980127111111111	1.7691932607817	143.769230769231	140.884049774603	0.988	1500	KUUPmet2
163	4.74876470893046	0.988563321799308	1.86454557908173	165.894736842105	166.572956867972	0.993529411764706	1700	ADAL1
280	5.21933435094198	0.991959169550173	1.8525392138888	302	302.307842634922	0.973529411764706	1700	ADAL3
574	5.81909108079829	0.995033910034602	1.8320259904252	914.691056910569	1009.55940174888	0.829411764705882	1700	ADALmet1
189	4.95100733883005	0.991386851211073	1.88906764275564	217.875	198.144661143294	0.987058823529412	1700	ADALmet2
53	2.76066665243877	0.886467128027682	1.39066180147387	54.4285714285714	55.5250014535729	0.997058823529412	1700	ADUP1
83	2.79980839448966	0.878519031141868	1.26721402421698	89.0666666666667	89.3955338386877	0.991764705882353	1700	ADUP3
46	2.11738561872037	0.769049826989619	1.10607675122671	47.4285714285714	48.1865559212055	0.997058823529412	1700	ADUPmet1
44	2.09704546703291	0.770268512110727	1.10831943951052	44.2	44.5350907770516	0.998823529411765	1700	ADUPmet2
160	4.6435549113947	0.987508650519031	1.82990970573518	169	169.179466778786	0.988823529411765	1700	KUAL1
309	5.12983521179184	0.990348096885813	1.78947492013507	362.114754098361	368.437949996851	0.952352941176471	1700	KUAL2
230	4.92986793214758	0.989071972318339	1.81309159064977	251.483870967742	248.282305646455	0.978235294117647	1700	KUAL3
289	5.12918802950878	0.990782698961938	1.81037832546895	336.788461538462	337.673709961862	0.958235294117647	1700	KUALmet1
275	5.13190068379096	0.991485121107266	1.8273490567999	307.571428571429	310.295699248052	0.966470588235294	1700	KUALmet2
216	4.6199198767357	0.981510726643599	1.71895091801435	249.176470588235	246.937494547416	0.971764705882353	1700	KUALmet3
241	4.60828585337843	0.977950865051903	1.68038522091486	272.108695652174	274.168826914398	0.968235294117647	1700	KUUP1
142	4.40156636883932	0.981161937716263	1.77631960021211	149	148.978328298174	0.991176470588235	1700	KUUP2
127	4.26132389885711	0.975053287197232	1.75935562471119	128.5	128.765934277455	0.996470588235294	1700	KUUP3
135	4.34178441437178	0.980480968858132	1.77025125420353	139.588235294118	141.021599228334	0.992352941176471	1700	KUUPmet2
167	4.74724116460754	0.988585041551246	1.8551179773177	179	173.25522436226	0.991578947368421	1900	ADAL1
281	5.20805545275815	0.991941828254848	1.84736709844951	309.447368421053	305.728976518024	0.975263157894737	1900	ADAL3
598	5.87901447194978	0.99533351800554	1.83903371304055	838.5	906.703256185851	0.863157894736842	1900	ADALmet1
194	4.96695408857662	0.991540720221607	1.88575847663286	206.214285714286	201.41228681178	0.99	1900	ADALmet2
52	2.74766960863072	0.884417174515235	1.39078720743513	55.75	54.8303613343516	0.996842105263158	1900	ADUP1
82	2.85039404686277	0.88283324099723	1.29365811022898	86.0909090909091	85.9020322959732	0.994736842105263	1900	ADUP3
48	2.22451178689566	0.793737396121884	1.14926183405493	50	49.8389067866557	0.997368421052632	1900	ADUPmet1
43	2.06369395543531	0.770002770083102	1.0973592959463	43.4285714285714	44.1452475983101	0.998421052631579	1900	ADUPmet2
160	4.63303108422298	0.986631578947368	1.82576252672029	162.25	162.842645973821	0.995263157894737	1900	KUAL1
309	5.16862362534696	0.990929085872576	1.80300574332587	350.418181818182	352.46619767165	0.96421052631579	1900	KUAL2
235	4.97073284565795	0.989770637119114	1.82091949389941	250.5	250.119583609305	0.983157894736842	1900	KUAL3
302	5.15465860731564	0.990742936288089	1.80534961453208	323.873015873016	330.639763477981	0.972105263157895	1900	KUALmet1
279	5.11553835561832	0.990716343490305	1.81685170219748	308.651162790698	305.675420395497	0.973157894736842	1900	KUALmet2
223	4.73624597794645	0.984996121883656	1.75183855003278	237.171428571429	238.410693117546	0.983157894736842	1900	KUALmet3
241	4.62627300932984	0.978168421052632	1.68694413500759	269.285714285714	264.413815310206	0.976315789473684	1900	KUUP1
147	4.41558930265294	0.980898060941828	1.76962186178058	157.5	152.249017293818	0.992105263157895	1900	KUUP2
125	4.2828378396086	0.97721052631579	1.77405117920176	126.666666666667	126.656857551404	0.996842105263158	1900	KUUP3
136	4.31607607810745	0.979052077562327	1.75712570025597	137.473684210526	139.12536243943	0.995789473684211	1900	KUUPmet2
171	4.77791771924954	0.988902947845805	1.85851044773512	175.583333333333	174.971932922749	0.994761904761905	2100	ADAL1
282	5.17310753818701	0.990904761904762	1.83381522352046	298.738095238095	299.289008372988	0.981904761904762	2100	ADAL3
639	5.91011788504391	0.995418140589569	1.82978492229523	928.021126760563	1015.50999883874	0.863333333333333	2100	ADALmet1
192	4.95879142581654	0.991563718820862	1.8863702485406	200.076923076923	197.617404186365	0.992857142857143	2100	ADALmet2
55	2.74481218583234	0.885663945578231	1.36989467007501	58	58.0712773327349	0.997142857142857	2100	ADUP1
85	2.74495929982375	0.873084807256236	1.23573026166013	96.7692307692308	96.2632539996608	0.991428571428571	2100	ADUP3
45	2.15313469723912	0.785589569160998	1.13124539043073	45.1666666666667	45.6724670072371	0.999047619047619	2100	ADUPmet1
44	2.10330235047968	0.7727179138322	1.11162629463781	46	45.3589027178054	0.998095238095238	2100	ADUPmet2
162	4.66188856879144	0.987671201814059	1.83264876441047	170.076923076923	168.07415851623	0.992857142857143	2100	KUAL1
314	5.17617498982509	0.990912471655329	1.80059877712721	349.882352941176	348.750382016696	0.970952380952381	2100	KUAL2
237	4.96239200994434	0.989651247165533	1.81504660953278	257.035714285714	253.57141229461	0.983809523809524	2100	KUAL3
302	5.17338418002617	0.991131972789116	1.81190799367029	335.279069767442	330.610576552884	0.974285714285714	2100	KUALmet1
280	5.12705881414939	0.991225850340136	1.81978713500348	314.894736842105	309.88278275964	0.975238095238095	2100	KUALmet2
224	4.67021761505559	0.983149659863946	1.72598783080231	246.965517241379	242.923013738482	0.982380952380952	2100	KUALmet3
243	4.57072458256974	0.976850340136054	1.66418112366502	275.666666666667	270.01543104758	0.976666666666667	2100	KUUP1
147	4.34359090611858	0.97878820861678	1.74076729044538	156.545454545455	153.508611105663	0.992857142857143	2100	KUUP2
123	4.24444166649541	0.975066213151927	1.76403951014754	124.428571428571	124.294883560571	0.997619047619048	2100	KUUP3
135	4.3180959543585	0.97949977324263	1.76059289210018	137.153846153846	137.788732704496	0.996190476190476	2100	KUUPmet2
170	4.77369565035165	0.98905595463138	1.85898870793435	175.5	173.896293795517	0.995217391304348	2300	ADAL1
288	5.20636717534524	0.991697920604915	1.8387439550771	302.025	302.792692606424	0.985217391304348	2300	ADAL3
653	5.90536657902009	0.995323629489603	1.82220051115224	928.042553191489	995.189403323292	0.878695652173913	2300	ADALmet1
193	4.98055614057444	0.991779584120983	1.89277953358332	202.545454545455	198.248237928723	0.993478260869565	2300	ADALmet2
54	2.70094991268252	0.88241247637051	1.35420441954831	56	56.2573220464657	0.997826086956522	2300	ADUP1
88	2.81400730577564	0.88038034026465	1.25700049934867	98.5	94.8741076137431	0.993478260869565	2300	ADUP3
48	2.16513343732787	0.784406049149338	1.11858486874082	48.75	49.0944753025193	0.998695652173913	2300	ADUPmet1
44	2.08267160435329	0.770792060491493	1.10072264121544	45	44.5054297335875	0.999130434782609	2300	ADUPmet2
163	4.63121467332751	0.987043856332703	1.81839096569518	166.882352941176	167.997670603334	0.994782608695652	2300	KUAL1
329	5.17516424046315	0.990560302457467	1.78575316637581	373.22	368.248054798574	0.970869565217391	2300	KUAL2
239	4.98559165435851	0.990136105860113	1.82073398538373	258.375	253.366144156838	0.986521739130435	2300	KUAL3
306	5.19841549411376	0.991275992438563	1.81648928128649	326.5	324.598051130344	0.981739130434783	2300	KUALmet1
290	5.11953958469118	0.991054442344045	1.80587199422169	338.125	319.752758544891	0.975652173913043	2300	KUALmet2
223	4.66942230619557	0.983594706994329	1.72712186834585	244.483870967742	243.022904860117	0.983913043478261	2300	KUALmet3
249	4.64200073078927	0.97891606805293	1.68266075593092	300.130434782609	272.344372409149	0.978695652173913	2300	KUUP1
150	4.42907983853867	0.981021928166352	1.76787156860417	152.769230769231	153.376278610094	0.996086956521739	2300	KUUP2
128	4.25299420077941	0.974685066162571	1.75307818354114	128.6	129.178487485902	0.998260869565217	2300	KUUP3
140	4.34403516333589	0.980456332703214	1.75813415534107	151.375	146.123246571462	0.993913043478261	2300	KUUPmet2
168	4.7597273523732	0.98882528	1.85783013756764	172	170.219982069407	0.9968	2500	ADAL1
293	5.22011152289577	0.99151296	1.83801158246812	307.588235294118	305.403409606671	0.9872	2500	ADAL3
708	5.97196594929723	0.99544192	1.82004322293155	980.161676646707	1077.13917895908	0.8792	2500	ADALmet1
193	4.97594511825605	0.99182848	1.89102718938182	199	197.755126008234	0.9948	2500	ADALmet2
54	2.73096609278032	0.88227488	1.36925395584498	54	54.2359368512809	0.9996	2500	ADUP1
85	2.82614556477979	0.88030464	1.27227882704097	89.5833333333333	90.0656209442033	0.9956	2500	ADUP3
46	2.1682215945896	0.78409568	1.13263237271471	46.2	46.6596991737872	0.9992	2500	ADUPmet1
44	2.08403521234694	0.77214624	1.10144332813949	44.25	44.6083226083226	0.9992	2500	ADUPmet2
162	4.65380613095757	0.98736384	1.82947145343637	164.8	164.675822763448	0.9968	2500	KUAL1
336	5.17400741730353	0.99066464	1.77889240037705	378.654545454545	380.498556920866	0.9724	2500	KUAL2
231	4.93368516466236	0.98942272	1.81304906278108	244.541666666667	242.323130870717	0.9896	2500	KUAL3
308	5.16773119151428	0.9909104	1.80371420646799	335.972972972973	329.605525715003	0.9816	2500	KUALmet1
296	5.1856449110527	0.99151456	1.82260714904826	312.65	312.623790116726	0.9852	2500	KUALmet2
231	4.69034157258552	0.9834496	1.72362425012608	270.047619047619	252.941520781275	0.9836	2500	KUALmet3
258	4.69367519724198	0.97924608	1.69051300498821	272.588235294118	270.30544202468	0.9872	2500	KUUP1
146	4.40459120552478	0.98045984	1.7676319741364	148.8	148.417318069372	0.9968	2500	KUUP2
127	4.25919503214287	0.97548064	1.75847668809035	127.375	127.791469419779	0.9988	2500	KUUP3
135	4.354390269722	0.98035424	1.77539096845792	136.666666666667	136.857796422918	0.9976	2500	KUUPmet2
171	4.75612124600875	0.988350068587106	1.85003207376091	171.588235294118	172.515073985418	0.998148148148148	2700	ADAL1
292	5.2109898624812	0.991517421124829	1.83590483011577	309.6	305.652540274379	0.987777777777778	2700	ADAL3
728	5.98642828565301	0.995507544581619	1.81673894466204	979.635294117647	1057.41643463294	0.891481481481482	2700	ADALmet1
196	4.98720471702277	0.991881207133059	1.8897674791134	203	201.347545910953	0.994814814814815	2700	ADALmet2
55	2.72310326670189	0.881023593964335	1.35906007353562	56	55.9959343112245	0.998888888888889	2700	ADUP1
85	2.83655706073395	0.88338244170096	1.27696589129745	88.2142857142857	90.0599256788097	0.996296296296296	2700	ADUP3
47	2.15978750243242	0.783600274348422	1.12192452126934	47.25	47.5425690783231	0.999259259259259	2700	ADUPmet1
44	2.08488858063124	0.768877366255144	1.10189434585628	44	44.2281902530102	0.99962962962963	2700	ADUPmet2
163	4.68386969440005	0.987908641975309	1.83906532898225	165.333333333333	165.101790342965	0.997407407407407	2700	KUAL1
342	5.18746259512033	0.990525925925926	1.77810826396465	383.108695652174	375.583674620133	0.977037037037037	2700	KUAL2
232	4.95421071482535	0.989548971193416	1.81914800614288	238	237.061238142319	0.994074074074074	2700	KUAL3
316	5.17270715782513	0.990758573388203	1.79740751613737	335.06976744186	335.871261195671	0.984814814814815	2700	KUALmet1
294	5.15511318967898	0.991320438957476	1.81403742032562	321.774193548387	313.510238263985	0.984444444444444	2700	KUALmet2
235	4.65198884536575	0.982508367626886	1.70415458584313	261.896551724138	257.172040261073	0.985185185185185	2700	KUALmet3
252	4.66404852422904	0.979543484224966	1.68699098963511	265.046511627907	268.343927661906	0.987407407407407	2700	KUUP1
151	4.41767520617065	0.980798628257888	1.76098417862022	153	154.120020379789	0.997037037037037	2700	KUUP2
128	4.26596794957714	0.97563840877915	1.7584259444132	128.375	128.76454974801	0.998888888888889	2700	KUUP3
141	4.35653832369293	0.97981536351166	1.76065859738449	144	143.048203875171	0.997407407407407	2700	KUUPmet2
170	4.76781287959485	0.988557431629013	1.85669781944684	171.111111111111	171.273764472513	0.998275862068966	2900	ADAL1
290	5.20123425889803	0.991413317479191	1.83468906298084	295.675675675676	297.253373576889	0.992758620689655	2900	ADAL3
745	5.99914081308835	0.995520808561237	1.81424233493523	949.755434782609	1031.98642256962	0.905172413793103	2900	ADALmet1
196	4.99006027411616	0.991867538644471	1.89084951589272	199	198.843774357412	0.996896551724138	2900	ADALmet2
56	2.72473628979355	0.882622354340071	1.35378794159272	58.5	58.2484384607916	0.998275862068966	2900	ADUP1
88	2.86232860497461	0.884866349583829	1.27858533926632	106.2	95.0450564040362	0.995172413793103	2900	ADUP3
47	2.10333190395656	0.772737693222354	1.09259806196643	47	47.3064786926217	0.999655172413793	2900	ADUPmet1
44	2.09080652527906	0.773452318668252	1.10502206683241	44	44.2612809266418	0.999655172413793	2900	ADUPmet2
164	4.65816238357306	0.987216884661118	1.82677819095761	164.4	165.325628708507	0.998620689655172	2900	KUAL1
339	5.16450426736493	0.990404042806183	1.77291595337339	375.122448979592	372.276346993138	0.979310344827586	2900	KUAL2
241	4.94640382773843	0.989500594530321	1.80367801678682	256.260869565217	253.286140606422	0.990689655172414	2900	KUAL3
321	5.2143125547147	0.991283709869203	1.80693606448395	348.5	340.277032393447	0.98448275862069	2900	KUALmet1
299	5.15914004426361	0.991365041617122	1.81008371641328	320.081081081081	318.003519213627	0.986206896551724	2900	KUALmet2
235	4.68800709741788	0.983301545778835	1.71734908639956	252.222222222222	249.747525222902	0.989310344827586	2900	KUALmet3
264	4.63866950334103	0.977819738406659	1.66381343069419	289.161290322581	281.491332941645	0.986206896551724	2900	KUUP1
151	4.41943378750102	0.980847800237812	1.76168518848515	152.866666666667	154.16037215854	0.997241379310345	2900	KUUP2
128	4.2820633954592	0.97646468489893	1.76506046440033	128.142857142857	128.572015419854	0.999310344827586	2900	KUUP3
142	4.36862740164719	0.98021046373365	1.76302657492722	143.153846153846	144.095995397681	0.997931034482759	2900	KUUPmet2
171	4.76566088519462	0.988712382934443	1.85374279465155	172.363636363636	172.90791642291	0.998064516129032	3100	ADAL1
299	5.23278334994246	0.991929448491155	1.83592146210122	312.096774193548	310.573581369323	0.990645161290323	3100	ADAL3
760	6.00146066466671	0.995551925078044	1.80948969208427	980.346590909091	1035.91307061444	0.91	3100	ADALmet1
197	4.98669398444751	0.991716753381894	1.8877538101824	199.153846153846	199.398666093698	0.99741935483871	3100	ADALmet2
55	2.75641670668225	0.884790426638918	1.37568631270292	55.6	55.9897526647187	0.999032258064516	3100	ADUP1
90	2.8837368234319	0.888273673257024	1.281715021169	92.1538461538462	93.5072568108675	0.99741935483871	3100	ADUP3
48	2.13132000928616	0.778816649323621	1.10111565030115	48	48.3095483178958	0.999677419354839	3100	ADUPmet1
44	2.10998638316058	0.775532778355879	1.11515890443146	44.25	44.6162679905722	0.999354838709677	3100	ADUPmet2
166	4.65874672431328	0.987239958376691	1.82267521644883	167.75	168.445376765782	0.997741935483871	3100	KUAL1
341	5.1959594301057	0.990918418314256	1.78191499926315	373.046511627907	366.711175601571	0.982903225806452	3100	KUAL2
248	4.95966899401393	0.989493236212279	1.79912327604261	261	260.480593804841	0.991290322580645	3100	KUAL3
316	5.20095714811747	0.991225390218522	1.80722379672952	335.6875	330.355918373797	0.988387096774194	3100	KUALmet1
306	5.17770778044349	0.991401040582726	1.80925335719296	320.318181818182	322.570003186746	0.988387096774194	3100	KUALmet2
232	4.6752738924899	0.982595837669095	1.71672455397261	241.130434782609	240.255368598349	0.993225806451613	3100	KUALmet3
260	4.66667950016554	0.978647866805411	1.67845591955362	269.2	268.783505308304	0.992258064516129	3100	KUUP1
152	4.43029831783604	0.980638293444329	1.76369573259268	157.142857142857	155.010371575927	0.997096774193548	3100	KUUP2
128	4.27344881708146	0.976120707596254	1.76150954739892	128.2	128.569237897496	0.999354838709677	3100	KUUP3
142	4.36179101586448	0.980275546305931	1.76026764661787	144.5	143.76529663486	0.998064516129032	3100	KUUPmet2
170	4.7726192897758	0.988775022956841	1.85856954795794	171.428571428571	171.385518367667	0.998484848484849	3300	ADAL1
300	5.23184523168875	0.991711111111111	1.8345177975968	313.5	310.808207119027	0.991515151515151	3300	ADAL3
754	5.98317834504683	0.995429935720845	1.80613555023181	940.120689655172	989.830920955468	0.922727272727273	3300	ADALmet1
196	4.99478551889605	0.991912029384757	1.89264002067899	200.5	199.069525718451	0.997272727272727	3300	ADALmet2
56	2.76598207200358	0.886925252525253	1.37428094959744	59	57.5689480050499	0.998787878787879	3300	ADUP1
89	2.86584343559307	0.882826629935721	1.2769327695681	96.8571428571429	93.6126981830284	0.996666666666667	3300	ADUP3
49	2.15042427804619	0.781871625344353	1.10509947187961	49.2	49.78929743793	0.999393939393939	3300	ADUPmet1
45	2.07180377074594	0.768605509641873	1.08851455904668	45.3333333333333	45.6744305269682	0.999393939393939	3300	ADUPmet2
165	4.64480597231902	0.987051974288338	1.81937155265809	166.111111111111	166.393683877069	0.998484848484849	3300	KUAL1
341	5.21224014571948	0.991042424242424	1.78749834758239	358.083333333333	359.485787421089	0.987575757575758	3300	KUAL2
248	4.98259371674871	0.989777777777778	1.80743923469202	255.916666666667	255.638913779491	0.993939393939394	3300	KUAL3
319	5.18239963270652	0.990952249770432	1.79782405832244	335.028571428571	333.617270109421	0.98969696969697	3300	KUALmet1
299	5.18076234470224	0.991507070707071	1.81766989814116	319.51724137931	315.306579241371	0.989393939393939	3300	KUALmet2
233	4.70051246786507	0.983507621671258	1.72463008944298	239.84	240.100306575965	0.994242424242424	3300	KUALmet3
266	4.63704269670606	0.978176124885216	1.66098173626906	288.677419354839	284.057186206299	0.988484848484849	3300	KUUP1
150	4.39976244907892	0.980360330578512	1.75616950380041	150.714285714286	151.692038632399	0.998484848484849	3300	KUUP2
128	4.29755117740651	0.976902479338843	1.77144450617454	128.25	128.474308166402	0.999393939393939	3300	KUUP3
142	4.34678214304976	0.980051423324151	1.75421058585273	143.25	143.936242136543	0.998181818181818	3300	KUUPmet2
171	4.77548687989861	0.988784653061225	1.85756490187268	171.428571428571	171.674166097559	0.999142857142857	3500	ADAL1
307	5.25016405582775	0.992068244897959	1.8335266754873	317.636363636364	317.439951693354	0.992285714285714	3500	ADAL3
786	6.00531943779386	0.995449795918367	1.80151743134538	1010.48275862069	1069.68053102816	0.92	3500	ADALmet1
199	4.99898443087861	0.991900408163265	1.88879522204308	202.272727272727	202.212887514496	0.997428571428571	3500	ADALmet2
55	2.75414213562987	0.887059755102041	1.37455110834269	56.2	56.6111111111111	0.998857142857143	3500	ADUP1
94	2.85849734474619	0.882977795918367	1.25833672774276	97.2727272727273	98.1014466573334	0.997428571428571	3500	ADUP3
48	2.15557268404213	0.779597387755102	1.11364544386528	48.3333333333333	48.593621155942	0.999428571428571	3500	ADUPmet1
44	2.09553936532631	0.770517714285714	1.10752344255884	44	44	1	3500	ADUPmet2
164	4.6405691918958	0.98706987755102	1.81987871940232	164.666666666667	165.088251635709	0.998857142857143	3500	KUAL1
347	5.21294709560722	0.990971591836735	1.78240986497405	358.22	361.338759374027	0.990285714285714	3500	KUAL2
247	4.98848175798085	0.989850775510204	1.81090221025663	254.555555555556	253.168014961834	0.995142857142857	3500	KUAL3
323	5.18699752010067	0.990996408163265	1.79553812861051	338.365853658537	339.370621418715	0.989714285714286	3500	KUALmet1
294	5.14683310461902	0.991233306122449	1.81112373374114	313.772727272727	305.903000946205	0.991428571428571	3500	KUALmet2
228	4.6931301990702	0.98340506122449	1.72880141357808	233.454545454545	234.045271001439	0.995428571428571	3500	KUALmet3
265	4.63378273864236	0.977653551020408	1.66093444777977	281.607142857143	278.503230170591	0.991142857142857	3500	KUUP1
152	4.42888001557408	0.980873959183673	1.7631311083919	152.75	153.188732086726	0.998857142857143	3500	KUUP2
128	4.25394224228741	0.975235428571429	1.75346896490746	128.166666666667	128.509196271101	0.999428571428571	3500	KUUP3
142	4.3574512176516	0.980069551020408	1.75851625450413	142.545454545455	143.239243137412	0.998857142857143	3500	KUUPmet2
172	4.77728640862918	0.988751059167275	1.85615989687727	172.428571428571	172.717173112339	0.999189189189189	3700	ADAL1
307	5.2286266758132	0.991622205989774	1.82600512752102	321	318.835723029245	0.992162162162162	3700	ADAL3
810	6.02221341985803	0.995713951789628	1.798471740519	1058.45614035088	1093.66801634772	0.921081081081081	3700	ADALmet1
198	5.00212865289094	0.991966544923302	1.8917836878725	202.2	200.061856995885	0.998108108108108	3700	ADALmet2
57	2.74983948466911	0.883977063550036	1.36027930516049	72	59.3492352	0.998378378378378	3700	ADUP1
88	2.82532605831714	0.880269101533966	1.26205651948318	89.5	89.8659634474616	0.998378378378378	3700	ADUP3
49	2.17795772722188	0.785252739225712	1.11924886577071	52	49.9988839285714	0.999189189189189	3700	ADUPmet1
45	2.09263553998136	0.770599561723886	1.09945945857029	45.5	45.6363470767767	0.999459459459459	3700	ADUPmet2
165	4.65082318722014	0.987207888970051	1.82172849709938	166	166.357314078862	0.998648648648649	3700	KUAL1
354	5.20819695200613	0.990752958363769	1.77472601202086	385.410256410256	377.354294739504	0.986486486486487	3700	KUAL2
248	4.9814685383473	0.989656975894814	1.80703107546726	250.64	252.02305236205	0.996756756756757	3700	KUAL3
327	5.22322253846598	0.991412710007305	1.80423435888905	351.230769230769	341.264609413585	0.99027027027027	3700	KUALmet1
299	5.16489800344317	0.991408181154127	1.81210389575737	306.7	306.753635050538	0.994054054054054	3700	KUALmet2
241	4.69662712300356	0.982977501826151	1.71259836232971	246.275862068966	247.881412010249	0.995135135135135	3700	KUALmet3
270	4.67879224660902	0.978379401022644	1.67146823904146	281.111111111111	279.739755853305	0.993243243243243	3700	KUUP1
151	4.4219995198672	0.98097969320672	1.76270794681222	153.333333333333	153.292416764213	0.998108108108108	3700	KUUP2
128	4.27690261143974	0.976084441197955	1.76293319653976	128	128.201984068716	0.99972972972973	3700	KUUP3
141	4.36157024444725	0.980187728268809	1.76269220615347	151.5	143.257555513139	0.998108108108108	3700	KUUPmet2
172	4.76535716250327	0.988518343195266	1.85152492497797	172.375	172.810011759705	0.999230769230769	3900	ADAL1
305	5.2383492057413	0.9917902695595	1.83149080340794	321.25	314.052440700825	0.993333333333333	3900	ADAL3
829	6.06008144389423	0.99577738330046	1.80353658183754	1015.9	1059.8969673621	0.931538461538462	3900	ADALmet1
196	4.98920533100577	0.991830506245891	1.89052555812917	197.111111111111	197.379513453299	0.998717948717949	3900	ADALmet2
57	2.73873403503863	0.883247074293228	1.35478570693737	58.5	58.0009512211781	0.999230769230769	3900	ADUP1
92	2.82306861071028	0.87862261669954	1.24865130804176	93.9090909090909	94.5516139779726	0.998205128205128	3900	ADUP3
49	2.182070982632	0.784968047337278	1.12136266090772	52	49.8734196610677	0.999230769230769	3900	ADUPmet1
45	2.09959870194717	0.773977514792899	1.10311786641944	45.3333333333333	45.6748922362874	0.999487179487179	3900	ADUPmet2
165	4.67335586328431	0.987542800788955	1.83055455142344	165.428571428571	165.731958977408	0.999230769230769	3900	KUAL1
352	5.21482217965439	0.990922156476003	1.77870061178344	377.083333333333	370.761898952355	0.988974358974359	3900	KUAL2
251	4.99249456191377	0.989775016436555	1.80708970537291	255.333333333333	255.603437827568	0.996666666666667	3900	KUAL3
332	5.20575687631093	0.990924654832347	1.79350072106336	347.085714285714	345.364581165204	0.991538461538462	3900	KUALmet1
305	5.16932919026747	0.991380407626561	1.80735924618895	325.777777777778	320.25622667419	0.991282051282051	3900	KUALmet2
239	4.69522435705326	0.983146877054569	1.71469208642767	246.241379310345	247.999446366567	0.994615384615385	3900	KUALmet3
266	4.65155119715737	0.978257725180802	1.66617865936131	277.607142857143	276.221535613125	0.993333333333333	3900	KUUP1
152	4.42334230614436	0.98081617357002	1.76092655380237	153.875	154.018565703151	0.998461538461539	3900	KUUP2
127	4.2812445256763	0.976228139381985	1.76758017362462	127	127	1	3900	KUUP3
142	4.35019794899152	0.979984352399737	1.75558908671729	142.545454545455	143.291170976541	0.998974358974359	3900	KUUPmet2
172	4.77616357684814	0.988821296847115	1.85572363345393	172.142857142857	172.440126859046	0.999512195121951	4100	ADAL1
298	5.22472787078841	0.991891731112433	1.8341731211412	305.285714285714	303.593029653103	0.995609756097561	4100	ADAL3
826	6.06589437386937	0.995883283759667	1.80624098323845	1008.80924855491	1031.51682145122	0.938536585365854	4100	ADALmet1
197	4.99614628030276	0.991902082093992	1.89133205411944	197.5	197.753647545869	0.999268292682927	4100	ADALmet2
57	2.74763185246936	0.884548007138608	1.35918724272868	59	58.5168367346939	0.999024390243902	4100	ADUP1
91	2.81520355196545	0.879003212373587	1.24818941840167	92.3636363636364	93.0495380729129	0.998536585365854	4100	ADUP3
49	2.14888714159196	0.781311600237954	1.10430954000378	49.3333333333333	49.5930567650684	0.999512195121951	4100	ADUPmet1
45	2.11120075530825	0.775466983938132	1.10921352285983	45	45.2337813022753	0.999756097560976	4100	ADUPmet2
166	4.67237512176316	0.987369779892921	1.8280071530708	167	166.620083600239	0.999268292682927	4100	KUAL1
354	5.22563370266712	0.990898869720405	1.78066769495804	364.782608695652	366.891323208001	0.99219512195122	4100	KUAL2
247	4.96893874787067	0.989521951219512	1.80380777112252	255.076923076923	252.140952878992	0.996341463414634	4100	KUAL3
334	5.2091399307715	0.990945627602618	1.79281140728377	344.216216216216	344.694500643037	0.993170731707317	4100	KUALmet1
307	5.18502114893406	0.991512908982748	1.81077667068016	317.615384615385	315.831457157165	0.994146341463415	4100	KUALmet2
240	4.69516367088252	0.983150981558596	1.71336361929842	257.647058823529	250.404743297308	0.99390243902439	4100	KUALmet3
268	4.65455241011219	0.97826508030934	1.66501994239554	286.913043478261	280.288389586203	0.992682926829268	4100	KUUP1
152	4.41905158585636	0.980838072575848	1.75921842389355	156	154.754165573057	0.998048780487805	4100	KUUP2
128	4.27946051882281	0.976098750743605	1.76398756233879	128	128	1	4100	KUUP3
143	4.36032030408353	0.979962284354551	1.7571858999967	143.111111111111	143.473612412474	0.999512195121951	4100	KUUPmet2
172	4.77715333962927	0.988748512709573	1.85610819444203	172	172.230244772814	0.999767441860465	4300	ADAL1
305	5.24057157954576	0.991735640886966	1.83226781483362	307.275862068966	308.609791993586	0.997209302325581	4300	ADAL3
833	6.02308498142992	0.995543645213629	1.79124307829909	1033.92727272727	1040.59870630958	0.94	4300	ADALmet1
198	5.00412813935141	0.991910762574365	1.89253988511023	198.857142857143	199.009645283153	0.99906976744186	4300	ADALmet2
55	2.71948980123408	0.880318226068145	1.35725664701689	55	55.3228352982176	0.999767441860465	4300	ADUP1
89	2.82229385917792	0.878829421308816	1.25752840136896	91.625	91.4845522947099	0.998372093023256	4300	ADUP3
49	2.14635306811615	0.779784964845863	1.10300728384512	49	49.217700787318	0.999767441860465	4300	ADUPmet1
45	2.11047860387104	0.773458409951325	1.10883410837843	45	45	1	4300	ADUPmet2
166	4.66856005246441	0.987345375878853	1.82651455588289	166	166.186266519622	0.999767441860465	4300	KUAL1
356	5.20496797180373	0.990754678204435	1.77192488226967	391.689655172414	377.023523104116	0.989302325581395	4300	KUAL2
250	4.97415728717775	0.989659275283937	1.80175405066658	262.363636363636	256.012978673858	0.996046511627907	4300	KUAL3
328	5.2203027430989	0.991399242833964	1.80227532541737	349.136363636364	338.738549550724	0.992790697674419	4300	KUALmet1
310	5.19354894479008	0.991531314223905	1.81068020255659	319.545454545455	317.178902708551	0.995116279069767	4300	KUALmet2
240	4.6932611581801	0.983201838831801	1.71266935254265	250.5	248.602422248804	0.995116279069767	4300	KUALmet3
268	4.66980513125867	0.97865235262304	1.67047612435398	276.884615384615	275.869218749365	0.994883720930233	4300	KUUP1
154	4.42756680236838	0.980904164413196	1.75803393514037	156.142857142857	155.880484373306	0.998604651162791	4300	KUUP2
128	4.26150514355283	0.975078096268253	1.75658638209328	128	128	1	4300	KUUP3
141	4.34122732281098	0.979896592752839	1.75447078418639	144.75	142.853817465664	0.998604651162791	4300	KUUPmet2
172	4.77759031239229	0.988722074074074	1.85627797520236	172	172	1	4500	ADAL1
309	5.26201366347971	0.991971160493827	1.83558361846791	314.44	315.238923302635	0.996222222222222	4500	ADAL3
859	6.04478202818003	0.995592987654321	1.78951710693047	1061.55747126437	1083.18019271542	0.940888888888889	4500	ADALmet1
198	5.01259771356515	0.99203012345679	1.89574304189659	198	198.204826112363	0.999777777777778	4500	ADALmet2
57	2.7231520923308	0.880394567901235	1.34707769549967	57.25	57.6162934631555	0.999555555555556	4500	ADUP1
91	2.82977235316759	0.881844740740741	1.25464885309747	94.1111111111111	94.3724328152372	0.998222222222222	4500	ADUP3
50	2.16347431321583	0.781595950617284	1.10606420780956	50.25	50.6949533752935	0.999555555555556	4500	ADUPmet1
45	2.08601909343726	0.768871703703704	1.09598321313909	45	45	1	4500	ADUPmet2
166	4.66286803245516	0.987242271604938	1.82428762567691	166.2	166.372695691533	0.999555555555556	4500	KUAL1
363	5.23194857001507	0.990976987654321	1.77522599561779	395.25	380.520918119018	0.990444444444444	4500	KUAL2
252	4.98828836311411	0.989832296296296	1.80426886181812	253.730769230769	255.574620026114	0.997777777777778	4500	KUAL3
330	5.1922638257322	0.990928	1.79071593958356	352	343.261090100888	0.992666666666667	4500	KUALmet1
313	5.19696324396556	0.991720790123457	1.80883378872547	328.037037037037	325.451682483572	0.993555555555556	4500	KUALmet2
245	4.70008255281848	0.983306567901235	1.70873002972645	256.5	254.867364073597	0.994888888888889	4500	KUALmet3
267	4.64181384627626	0.977806716049383	1.66157410563693	277.04347826087	275.187021947566	0.995111111111111	4500	KUUP1
152	4.43354863717774	0.98135012345679	1.76498968030032	155	154.460861590323	0.998444444444444	4500	KUUP2
128	4.28713847582187	0.976398913580247	1.767152405335	128	128	1	4500	KUUP3
142	4.33876619867931	0.979828839506173	1.75097562858837	142.428571428571	142.956303753969	0.999333333333333	4500	KUUPmet2
172	4.77679580988127	0.988768673607967	1.85596928035495	172	172	1	4700	ADAL1
308	5.25043376241581	0.991927659574468	1.83258022068549	314	313.060452704562	0.996595744680851	4700	ADAL3
867	6.05830048604786	0.99553879583522	1.79106151696734	1050.01807228916	1045.74129089728	0.947446808510638	4700	ADALmet1
199	4.99812064689281	0.991852693526483	1.88846885354008	199.333333333333	199.787460542421	0.99936170212766	4700	ADALmet2
57	2.72952228395505	0.880734812132187	1.35022887573572	57	57.3148475384236	0.999787234042553	4700	ADUP1
92	2.81221092281318	0.880652059755546	1.24384892167977	93.25	94.34101901603	0.998723404255319	4700	ADUP3
48	2.14989869736594	0.779521140787687	1.11071406073111	48	48.2209963110293	0.999787234042553	4700	ADUPmet1
45	2.08595264695997	0.769634585785423	1.09594830251727	45	45	1	4700	ADUPmet2
166	4.66854125364404	0.98734341330919	1.82650720108427	166	166	1	4700	KUAL1
354	5.22213496659955	0.991131552738796	1.7794754785412	370.028571428571	367.125763667183	0.992765957446809	4700	KUAL2
253	4.99623517016529	0.989804345857854	1.80584980701015	256.666666666667	256.55976054232	0.997659574468085	4700	KUAL3
331	5.20212067288732	0.991150203712087	1.79317977894557	350.333333333333	341.395655708973	0.993829787234043	4700	KUALmet1
310	5.18892918403533	0.991571389769126	1.80906956801206	319.545454545455	318.121501207437	0.995531914893617	4700	KUALmet2
240	4.69660493370163	0.983122589406972	1.71388956630543	247.125	247.639277644207	0.995957446808511	4700	KUALmet3
266	4.65767386696849	0.978717790855591	1.66837179050085	276	273.691441010719	0.995744680851064	4700	KUUP1
153	4.41688913245376	0.980318605703938	1.75606545651642	153.6	153.775910746663	0.99936170212766	4700	KUUP2
128	4.27794954625285	0.975904843820733	1.76336474158634	128	128	1	4700	KUUP3
143	4.37714905962996	0.980623449524672	1.76396779900834	143.2	143.600281964025	0.999574468085106	4700	KUUPmet2
172	4.77802925719677	0.988763598500625	1.85644852217679	172	172.205553663526	0.999795918367347	4900	ADAL1
308	5.27735765069467	0.992339858392337	1.84197757476259	311.473684210526	311.527632631187	0.997551020408163	4900	ADAL3
886	6.08435568591663	0.995694877134527	1.79301884260082	1033.69398907104	1050.74283598702	0.952448979591837	4900	ADALmet1
198	5.00460936878058	0.992003165347772	1.89272188402457	200	199.294045071132	0.998979591836735	4900	ADALmet2
57	2.73378151878184	0.883709787588505	1.35233581653099	63	58.4663269971912	0.999183673469388	4900	ADUP1
92	2.8484345904137	0.881483965014577	1.2598707532994	96.6666666666667	94.9966974022033	0.998367346938775	4900	ADUP3
50	2.17785743354254	0.783301624323199	1.11341749806718	51.5	51.3098366477273	0.999387755102041	4900	ADUPmet1
45	2.08998772327171	0.771165097875885	1.09806830991093	45	45	1	4900	ADUPmet2
166	4.66582018051797	0.987274302374011	1.82544261594098	166	166.173818938704	0.999795918367347	4900	KUAL1
357	5.21574338085592	0.990859891711787	1.77474577779565	372.529411764706	370.560795847847	0.993265306122449	4900	KUAL2
251	5.0077033370033	0.990024739691795	1.81259469302083	251.9375	252.602453593794	0.998775510204082	4900	KUAL3
333	5.23285505028654	0.991357600999583	1.80190312455787	339.785714285714	339.410879892064	0.995918367346939	4900	KUALmet1
317	5.18294231823382	0.991337276134944	1.7999759404628	340.25	330.518020236541	0.993673469387755	4900	KUALmet2
238	4.69442513682215	0.983413077884215	1.71571379296286	247	244.832615389626	0.996326530612245	4900	KUALmet3
273	4.66572827007128	0.978068388171595	1.66351786422252	286.04347826087	283.406458604712	0.994897959183674	4900	KUUP1
154	4.41884047830362	0.980414327363598	1.75456901309184	154.75	154.698563495049	0.999387755102041	4900	KUUP2
128	4.27295690109159	0.97585964181591	1.76130678032489	128	128	1	4900	KUUP3
142	4.35635274752541	0.980114035818409	1.75807295004115	142.166666666667	142.503554279553	0.999591836734694	4900	KUUPmet2
310	5.25611909786939	0.99203844675125	1.8324946763694	313	313.486490529108	0.997647058823529	5100	ADAL3
897	6.08321801360696	0.995754171472511	1.78943022002615	1084.90058479532	1086.92649449546	0.950196078431373	5100	ADALmet1
198	4.99984626062512	0.991910495963091	1.89092049686775	198	198.203190312638	0.999803921568627	5100	ADALmet2
57	2.73252496719046	0.88263537101115	1.35171423074929	58.5	58.1713869397918	0.999411764705882	5100	ADUP1
92	2.84057926001219	0.881632064590542	1.25639631823122	97	97.5776926548703	0.998039215686275	5100	ADUP3
50	2.14472716004161	0.78037600922722	1.09647983003458	51.5	51.1215396565687	0.999411764705882	5100	ADUPmet1
45	2.08875699994494	0.771281660899654	1.09742169449384	45	45.2012930089853	0.999803921568627	5100	ADUPmet2
166	4.66281051106222	0.987282737408689	1.82426512116582	166	166.169381107492	0.999803921568627	5100	KUAL1
359	5.2332135177738	0.991011457131872	1.77899940619044	378.193548387097	374.120664249651	0.993137254901961	5100	KUAL2
254	5.00582420981965	0.98998339100346	1.80802673937722	256.4	256.509599966722	0.998235294117647	5100	KUAL3
333	5.20461648881375	0.990913648596694	1.79217934056961	352.894736842105	343.968141335842	0.994509803921569	5100	KUALmet1
314	5.18573701470044	0.991506113033449	1.80392504996986	321.228571428571	324.343641049112	0.995490196078431	5100	KUALmet2
242	4.70690282115013	0.983268589004229	1.71505054565298	255.153846153846	249.308746209245	0.996274509803922	5100	KUALmet3
268	4.6618602866387	0.977680968858131	1.66763410570945	275.555555555556	273.378271898484	0.996666666666667	5100	KUUP1
154	4.42812472297216	0.980797001153403	1.7582554661524	155.2	155.047858945698	0.99921568627451	5100	KUUP2
128	4.2845710454516	0.976353863898501	1.76609411417413	128	128	1	5100	KUUP3
143	4.35189824329227	0.979874125336409	1.75379185427546	144.2	144.184474715432	0.99921568627451	5100	KUUPmet2
315	5.2763832293848	0.992129013883944	1.83444297383508	322.058823529412	320.147360734591	0.996981132075472	5300	ADAL3
901	6.07004634699369	0.995630473478106	1.78438793450055	1093.37426900585	1101.02781879927	0.951509433962264	5300	ADALmet1
199	5.00924848149614	0.992011605553578	1.89267334769706	199	199.212908080813	0.999811320754717	5300	ADALmet2
55	2.75842677726419	0.88444079743681	1.37668950883812	56	55.5296443076681	0.999622641509434	5300	ADUP1
93	2.84567151396871	0.881013670345319	1.25564657467189	94	94.2321351760023	0.999245283018868	5300	ADUP3
50	2.16992838973774	0.783439444642221	1.10936381852911	50.3333333333333	50.6736103416436	0.999622641509434	5300	ADUPmet1
45	2.09894475179542	0.772320754716981	1.10277428452663	45	45.2102023294617	0.999811320754717	5300	ADUPmet2
166	4.67191613389306	0.987450907796369	1.8278275799227	166	166.167808219178	0.999811320754717	5300	KUAL1
362	5.24347135657798	0.991130295478818	1.77996877206306	385.375	375.181815112212	0.993584905660377	5300	KUAL2
253	4.99833981400746	0.989920256318975	1.80661051393181	256	255.453646787147	0.998301886792453	5300	KUAL3
338	5.20880666221075	0.991109433962264	1.78903163591798	347.677419354839	347.583468120466	0.995283018867924	5300	KUALmet1
310	5.18742930682407	0.991581701673193	1.80854665044614	321	318.396193303104	0.995849056603774	5300	KUALmet2
245	4.68940923525284	0.982807547169811	1.7048497110222	255.058823529412	252.447152776155	0.996415094339623	5300	KUALmet3
275	4.67265368575573	0.978186329654681	1.66382200894636	281.652173913043	281.53976831863	0.996603773584906	5300	KUUP1
154	4.42491293104251	0.980561765752937	1.75698017444999	154.2	154.476876452776	0.999622641509434	5300	KUUP2
128	4.28019959680702	0.976114061943752	1.76429220923669	128	128.167832167832	0.999811320754717	5300	KUUP3
142	4.34806587076736	0.979705019579922	1.7547286538574	142	142	1	5300	KUUPmet2
311	5.2562281869781	0.992027900826446	1.83150446972571	314.9	314.902206974016	0.997636363636364	5500	ADAL3
891	6.08093151771736	0.995746909090909	1.79052507794622	1053.75471698113	1042.0840272551	0.958545454545455	5500	ADALmet1
199	5.00492469127396	0.991942545454545	1.89103966501096	199	199	1	5500	ADALmet2
57	2.74936108499002	0.883593983471074	1.36004265237159	57	57.2555309595382	0.999818181818182	5500	ADUP1
91	2.86201843591215	0.884625719008264	1.26894594335177	94.75	93.3660479481099	0.998909090909091	5500	ADUP3
50	2.17251824849389	0.784709884297521	1.11068786941151	50	50.3094475098186	0.999818181818182	5500	ADUPmet1
45	2.08832332278655	0.770248991735537	1.09719384284712	45	45	1	5500	ADUPmet2
166	4.67092905267122	0.987347504132231	1.8274413969885	166	166.161073825503	0.999818181818182	5500	KUAL1
363	5.18685484499556	0.990389619834711	1.75992547195579	381.59375	377.927871865289	0.993636363636364	5500	KUAL2
251	4.99382669166594	0.989861884297521	1.80757188475869	251.5	251.920532154045	0.999272727272727	5500	KUAL3
334	5.20859674971119	0.990980561983471	1.79262446256467	338.375	338.405340462305	0.997272727272727	5500	KUALmet1
315	5.18507997067761	0.991515305785124	1.80269952114368	323.076923076923	323.563680747922	0.996181818181818	5500	KUALmet2
245	4.70135895595727	0.983256066115702	1.7091940701659	249.789473684211	250.345632885639	0.997454545454545	5500	KUALmet3
271	4.69846920085339	0.979319801652893	1.67739005582734	275.772727272727	275.993151173397	0.997272727272727	5500	KUUP1
154	4.41773237948277	0.980249586776859	1.75412902530227	154	154.239528232103	0.999818181818182	5500	KUUP2
143	4.35374949633105	0.979853223140496	1.75453789940752	143	143	1	5500	KUUPmet2
313	5.27310262408222	0.992202092951677	1.83533455021682	316.3	316.619700002988	0.997894736842105	5700	ADAL3
895	6.07938128447896	0.995785903354878	1.78888890942783	1049.18421052632	1030.39013494594	0.961929824561404	5700	ADALmet1
199	5.00821274064382	0.991982579255155	1.89228200773587	199	199	1	5700	ADALmet2
57	2.72878663492688	0.881703416435826	1.34986496789511	57	57	1	5700	ADUP1
95	2.86479504410956	0.88321514312096	1.25817852010605	95.8571428571429	96.1664289418709	0.999298245614035	5700	ADUP3
50	2.17732694396463	0.784504709141274	1.11314628822145	50	50.3233991111111	0.999824561403509	5700	ADUPmet1
45	2.09207795064937	0.771395567867036	1.09916650413397	45	45	1	5700	ADUPmet2
166	4.66609748445748	0.987339796860572	1.82555110756929	166	166.163194444444	0.999824561403509	5700	KUAL1
371	5.22629701461807	0.990868698060942	1.76677434587645	395.241379310345	387.48074801617	0.993333333333333	5700	KUAL2
254	4.98023047438735	0.989587811634349	1.79878267564615	257	256.615477586326	0.998421052631579	5700	KUAL3
331	5.21006026581991	0.991142566943675	1.79591657003424	339.636363636364	337.440516627413	0.996491228070175	5700	KUALmet1
321	5.18880509781504	0.991484702985534	1.79809686596993	337.434782608696	333.292387004856	0.995087719298246	5700	KUALmet2
246	4.7047064652937	0.983145767928593	1.70914555629825	251.833333333333	251.565236686281	0.997368421052632	5700	KUALmet3
273	4.6709711264801	0.978628131732841	1.66538715124285	276.95652173913	277.923379805427	0.997543859649123	5700	KUUP1
153	4.42765488938043	0.980877439212065	1.76034570292634	153.333333333333	153.461791992188	0.999649122807018	5700	KUUP2
143	4.35959604106126	0.980187442289935	1.75689402584942	143	143.220239728009	0.999824561403509	5700	KUUPmet2
311	5.24870202082608	0.991748175811548	1.82888201756857	311.84	312.98455769047	0.998813559322034	5900	ADAL3
920	6.07828483829473	0.995613846595806	1.78134584422789	1038.96808510638	1060.30801868977	0.96406779661017	5900	ADALmet1
199	5.0069881319892	0.991984774490089	1.89181930675976	199	199	1	5900	ADALmet2
57	2.74656630694687	0.884077219189888	1.35866014304485	58.5	58.2964278746098	0.999491525423729	5900	ADUP1
91	2.83813164260298	0.881975466819879	1.25835514872619	91.3	92.21270884802	0.999491525423729	5900	ADUP3
49	2.16271662077245	0.780705142200517	1.11141648643047	49	49	1	5900	ADUPmet1
166	4.66774253712398	0.987357885665039	1.82619471343636	166	166	1	5900	KUAL1
369	5.24611641679765	0.991127319735708	1.77509622906312	378.027777777778	378.493812230342	0.995593220338983	5900	KUAL2
254	5.00013960957809	0.989956391841425	1.80597354917145	255.866666666667	256.289125408104	0.99864406779661	5900	KUAL3
338	5.22856433573258	0.991444527434645	1.79581766298233	342.25	343.742860725731	0.997118644067797	5900	KUALmet1
318	5.18644474403257	0.991504567652973	1.80020773835242	335.55	329.786429148804	0.995423728813559	5900	KUALmet2
246	4.70853860355909	0.983459925308819	1.7105377116082	252.066666666667	250.9753165036	0.997627118644068	5900	KUALmet3
276	4.66658777742842	0.9784760700948	1.66058894691775	285	283.429328461057	0.996779661016949	5900	KUUP1
154	4.44302316636636	0.981210341855789	1.76417112372165	154.25	154.415549513619	0.999661016949153	5900	KUUP2
142	4.34511400614443	0.979899224360816	1.75353738362596	142	142	1	5900	KUUPmet2
313	5.26561678648872	0.99191986025262	1.83272906017573	316.666666666667	315.998427915048	0.998196721311475	6100	ADAL3
923	6.08793114720059	0.995672614888471	1.78332212781436	1098.92715231788	1080.30392608723	0.962131147540984	6100	ADALmet1
199	5.00745911564514	0.99198586401505	1.89199726124058	199	199.190908920543	0.99983606557377	6100	ADALmet2
57	2.73509509527744	0.882632733136254	1.35298561115815	57	57.2611943152938	0.99983606557377	6100	ADUP1
91	2.84434207981442	0.881439666756248	1.26110869811183	92.6666666666667	92.9328075641353	0.999180327868852	6100	ADUP3
50	2.15640579926532	0.780867616232196	1.10245046937259	50	50.3871398936293	0.99983606557377	6100	ADUPmet1
373	5.22726675380699	0.990753560870734	1.76549777217049	391.857142857143	385.906428399062	0.994590163934426	6100	KUAL2
255	4.99772298191175	0.989863477559796	1.80382071387975	255.461538461538	256.007384343091	0.999344262295082	6100	KUAL3
339	5.24063191959644	0.991362644450417	1.79904971610198	344	344.234643350224	0.997377049180328	6100	KUALmet1
317	5.19431570713987	0.991514861596345	1.8039257869275	318.71875	320.531535124389	0.998196721311475	6100	KUALmet2
244	4.71210106717583	0.9836082773448	1.71437397367424	249.076923076923	248.248332325066	0.998032786885246	6100	KUALmet3
271	4.66073193128475	0.977961569470572	1.66391755701921	277.666666666667	276.956437227895	0.997377049180328	6100	KUUP1
154	4.41845782554851	0.980460037624295	1.75441707489217	154	154	1	6100	KUUP2
142	4.35888048023656	0.980237409298576	1.7590930553361	142	142.238619712356	0.99983606557377	6100	KUUPmet2
313	5.25834266014165	0.991994457042076	1.8301972574859	314.894736842105	315.736100520791	0.998571428571429	6300	ADAL3
945	6.10557572254966	0.99571967750063	1.78234153279035	1096.42592592593	1080.76462611227	0.964761904761905	6300	ADALmet1
57	2.74947887686101	0.883139682539683	1.36010092117067	57	57	1	6300	ADUP1
92	2.83970623318474	0.882303300579491	1.25601017597243	95.75	94.313573416788	0.999047619047619	6300	ADUP3
50	2.15794227292861	0.780880423280423	1.10323598298596	50	50	1	6300	ADUPmet1
370	5.2207119670494	0.990849785840262	1.76569182837032	385.529411764706	383.799881232649	0.994761904761905	6300	KUAL2
254	5.00089237718964	0.989971025447216	1.80624543725884	255.363636363636	255.38616590561	0.999047619047619	6300	KUAL3
338	5.21855378198546	0.991112068531116	1.7923794095573	341.791666666667	342.381839841795	0.997777777777778	6300	KUALmet1
321	5.18373450251671	0.991391735953641	1.79633973280678	332	330.321151731806	0.996507936507936	6300	KUALmet2
248	4.72067098326846	0.983733786848073	1.71242658628791	257.714285714286	255.0177645155	0.997301587301587	6300	KUALmet3
274	4.6566943177432	0.977787805492567	1.65921540698264	278.714285714286	277.404343920981	0.998095238095238	6300	KUUP1
154	4.42304534695288	0.980533585285966	1.75623862127804	154	154.170731707317	0.99984126984127	6300	KUUP2
143	4.35326379672635	0.979952028218695	1.75434216504915	143	143	1	6300	KUUPmet2
312	5.24847104956775	0.991819171597633	1.82777925692555	315.928571428571	314.991672013002	0.998307692307692	6500	ADAL3
945	6.09527467160411	0.995637538461538	1.77933444684695	1100.13043478261	1089.62802152114	0.965538461538462	6500	ADALmet1
56	2.73003686038044	0.881890130177515	1.35642153537241	56	56	1	6500	ADUP1
92	2.83884477445284	0.880521230769231	1.25562915031534	92.75	92.9288445646602	0.999538461538461	6500	ADUP3
50	2.16520098071707	0.78221675739645	1.10694695696459	50	50	1	6500	ADUPmet1
375	5.23256838068324	0.990878627218935	1.76569383783612	390.615384615385	386.30406669942	0.995538461538461	6500	KUAL2
253	4.99736871166422	0.989866366863905	1.80625951664698	254.5	254.467312141221	0.999076923076923	6500	KUAL3
336	5.24287815667676	0.991487715976331	1.80257107437154	339.666666666667	339.696003566902	0.998153846153846	6500	KUALmet1
319	5.20727753663142	0.991579644970414	1.80645444142036	320.875	322.086725147306	0.998461538461539	6500	KUALmet2
249	4.71948338291952	0.983686153846154	1.7107471405668	253.4	253.129097123669	0.998153846153846	6500	KUALmet3
272	4.69640821460668	0.979452781065089	1.67555263602441	276.4	275.998390918532	0.998153846153846	6500	KUUP1
154	4.41853850705896	0.980376426035503	1.7544491107348	154	154.187553583676	0.999846153846154	6500	KUUP2
143	4.35937911778909	0.979911337278107	1.75680660692405	143	143	1	6500	KUUPmet2
314	5.25968297324597	0.991922833593228	1.82964809889929	317.461538461538	316.814531939194	0.998507462686567	6700	ADAL3
951	6.09704097697038	0.995687948318111	1.77820735659046	1089.89240506329	1079.13882744027	0.96865671641791	6700	ADALmet1
57	2.74398661396484	0.88302802405881	1.35738403111298	57	57	1	6700	ADUP1
93	2.85334438960465	0.882394475384273	1.25903221491984	94	94.3192751951591	0.999402985074627	6700	ADUP3
50	2.17178438807222	0.78343256850078	1.11031268735319	50	50.3518016528926	0.999850746268657	6700	ADUPmet1
368	5.23366231035279	0.991055959010916	1.77169561264651	376.724137931034	376.34265609589	0.996567164179105	6700	KUAL2
254	5.00271678437586	0.98995223880597	1.80690438508401	257.111111111111	256.282231151787	0.998805970149254	6700	KUAL3
337	5.24741287206057	0.991527110715081	1.8032089696505	339.75	340.495888564831	0.998208955223881	6700	KUALmet1
319	5.18514713874367	0.991422989529962	1.79877719447635	325.315789473684	324.332051290338	0.997611940298507	6700	KUALmet2
250	4.70621939914071	0.983426019157942	1.70470079174728	250.913043478261	252.233708001053	0.998955223880597	6700	KUALmet3
276	4.67994156907119	0.978469592336823	1.66534084699101	279.666666666667	279.400389656189	0.998358208955224	6700	KUUP1
154	4.42879131700817	0.980769926486968	1.7585201476329	154	154.201871137677	0.999850746268657	6700	KUUP2
143	4.35059467436036	0.979768857206505	1.7532665229266	143	143.203225357811	0.999850746268657	6700	KUUPmet2
314	5.25323001271879	0.991650787649653	1.82740335391734	315.105263157895	316.063019618629	0.998985507246377	6900	ADAL3
957	6.11203554872101	0.995807771476581	1.78094715135108	1052.01621621622	1063.98305533721	0.972753623188406	6900	ADALmet1
56	2.74100060853909	0.883295736189876	1.36186888457366	56	56.204498962963	0.999855072463768	6900	ADUP1
93	2.82856497354325	0.879283889939088	1.24809834966268	93.6	94.8848319373101	0.999420289855072	6900	ADUP3
50	2.15305916348588	0.780281411468179	1.10073952044678	50	50.3382568359375	0.999855072463768	6900	ADUPmet1
372	5.23520268752451	0.991021844150389	1.76898008865118	379.241379310345	379.421956435772	0.99695652173913	6900	KUAL2
254	5.00636414628869	0.989978575929427	1.80822175612825	254.3	254.672806502927	0.999565217391304	6900	KUAL3
335	5.2159720228904	0.991258391094308	1.79423973862971	341.176470588235	339.632914282411	0.997826086956522	6900	KUALmet1
317	5.19811147260024	0.991520982986767	1.80524401238416	321.789473684211	321.642368605256	0.997971014492754	6900	KUALmet2
248	4.71976400723118	0.983674102079395	1.71209758011805	249.166666666667	250.219075373588	0.998985507246377	6900	KUALmet3
276	4.6645052406614	0.978065868515018	1.65984788348943	288.363636363636	282.260626608394	0.997536231884058	6900	KUUP1
154	4.43202381240224	0.980864524259609	1.75980365996634	154	154	1	6900	KUUP2
143	4.35818730855852	0.980106238185255	1.75632631414064	143	143.22964458558	0.999855072463768	6900	KUUPmet2
315	5.25977343765703	0.991982701844872	1.82866823867896	319.4	318.506316550206	0.99830985915493	7100	ADAL3
962	6.10337486833183	0.995798095615949	1.77707440045939	1094.88888888889	1090.86612191965	0.970704225352113	7100	ADALmet1
57	2.73854162711073	0.882839952390399	1.35469052737364	57	57.2640237384872	0.999859154929577	7100	ADUP1
96	2.85786058109695	0.884223725451299	1.25225353597658	98.5	98.6248145168675	0.999154929577465	7100	ADUP3
50	2.16038036606646	0.781680618924816	1.10448244454024	50	50	1	7100	ADUPmet1
372	5.22927478901819	0.990899146994644	1.76697704597048	379.027777777778	380.842486456774	0.996760563380282	7100	KUAL2
256	5.00353838527058	0.989759690537592	1.80464500383186	260.666666666667	258.087574021182	0.99887323943662	7100	KUAL3
337	5.22461567163619	0.991234635984924	1.79537499178551	341.333333333333	341.117308281375	0.998028169014085	7100	KUALmet1
319	5.19855317869596	0.991645784566554	1.80342787810965	323.789473684211	323.811662390493	0.998028169014085	7100	KUALmet2
251	4.71092613931168	0.983161713945646	1.70517283965934	252.05	253.124292065734	0.999014084507042	7100	KUALmet3
278	4.70095258036905	0.979317992461813	1.67067131400612	285.5	284.612198784565	0.997746478873239	7100	KUUP1
154	4.42342534604083	0.980439992065066	1.75638950579809	154	154.171428571429	0.999859154929577	7100	KUUP2
143	4.35821461136008	0.980104423725451	1.75633731702451	143	143	1	7100	KUUPmet2
315	5.26433255719287	0.991967048226684	1.83025331020159	318.75	317.853166906679	0.998630136986301	7300	ADAL3
968	6.11216609863133	0.995804391067743	1.77802466041622	1084.30120481928	1083.03357207269	0.973013698630137	7300	ADALmet1
57	2.73950792904735	0.882370275849127	1.35516853364792	57	57	1	7300	ADUP1
94	2.82054201876238	0.880474798273597	1.2416284454046	101	98.147954225422	0.998904109589041	7300	ADUP3
50	2.15694625864933	0.781377181459936	1.10272677622624	50	50.3263549804688	0.99986301369863	7300	ADUPmet1
369	5.24793947130167	0.991178457496716	1.77571308483192	375.576923076923	375.305476278087	0.997397260273973	7300	KUAL2
256	5.00566496418268	0.989954625633327	1.8054120050445	256.428571428571	257.087593168723	0.999452054794521	7300	KUAL3
336	5.22885286639341	0.99134422968662	1.79774899348029	344.272727272727	339.783020846168	0.998082191780822	7300	KUALmet1
319	5.20055660431763	0.991553837492963	1.80412288564226	321.8125	321.979683214025	0.998630136986301	7300	KUALmet2
247	4.70488701708275	0.983186301369863	1.70795258188766	251.583333333333	250.731258992991	0.998493150684931	7300	KUALmet3
277	4.68682661200819	0.978877875774066	1.66671835813168	278.555555555556	279.340292177143	0.998904109589041	7300	KUUP1
153	4.42521166070953	0.98068759617189	1.75937432480416	153	153	1	7300	KUUP2
143	4.36168318339878	0.980249089885532	1.75773513311472	143	143	1	7300	KUUPmet2
314	5.26870465570243	0.992025671111111	1.83278640670972	314.4	314.882685547068	0.999466666666667	7500	ADAL3
970	6.1013362715696	0.995696035555556	1.77434160406624	1096.56172839506	1092.91482462534	0.972933333333333	7500	ADALmet1
57	2.73816007487761	0.88272608	1.35450178268165	57	57.2881111111111	0.999866666666667	7500	ADUP1
95	2.85824490960348	0.882610275555556	1.25530179126072	99.6666666666667	98.9370777506766	0.998933333333333	7500	ADUP3
50	2.1626319888094	0.781960853333333	1.10563357414239	50	50	1	7500	ADUPmet1
374	5.24317795564584	0.991012728888889	1.7700714266707	379.037037037037	379.720763070403	0.997733333333333	7500	KUAL2
253	4.99166935556502	0.989787946666667	1.80419952932427	253.545454545455	254.049644559041	0.999466666666667	7500	KUAL3
339	5.22799713590155	0.991369635555556	1.79471233763922	344.352941176471	343.105827932376	0.998133333333333	7500	KUALmet1
318	5.20057529420675	0.991615644444444	1.80511243261336	324.5	322.622581813791	0.998133333333333	7500	KUALmet2
250	4.71999425163816	0.983639573333333	1.70969035979906	250.882352941176	251.818307277628	0.9992	7500	KUALmet3
279	4.65529101261884	0.977598826666667	1.65338871737945	284.571428571429	283.244323305526	0.998266666666667	7500	KUUP1
154	4.42336896909755	0.980529102222222	1.75636712046008	154	154	1	7500	KUUP2
143	4.35479323221363	0.979954097777778	1.75495851941896	143	143	1	7500	KUUPmet2
315	5.27054221984543	0.991966233766234	1.83241222693066	315.214285714286	315.672195327893	0.99961038961039	7700	ADAL3
974	6.10539671145646	0.995824557260921	1.77446062793098	1122.27702702703	1101.00403275347	0.972727272727273	7700	ADALmet1
57	2.73509243948302	0.882434103558779	1.35298429740068	57	57	1	7700	ADUP1
94	2.83644193252678	0.880624017540901	1.24862773315782	94.1428571428571	94.6677130400317	0.99974025974026	7700	ADUP3
376	5.23400690283993	0.990886894923259	1.76538602465387	385.730769230769	384.013686205508	0.997012987012987	7700	KUAL2
255	4.98317951614167	0.989631641086187	1.79857156243566	256	256.261354071818	0.999350649350649	7700	KUAL3
341	5.21439049466704	0.991232180806207	1.7882357934949	346	345.943304854444	0.998051948051948	7700	KUALmet1
322	5.21212525151759	0.991720391297015	1.80520520439002	324.894736842105	325.608629407363	0.998571428571429	7700	KUALmet2
252	4.70310166720732	0.98286827458256	1.70111655028892	253.153846153846	253.693559407055	0.999220779220779	7700	KUALmet3
280	4.69623196648135	0.978747950750548	1.66687038814723	281.555555555556	282.319595911126	0.998961038961039	7700	KUUP1
154	4.42994123207889	0.980802023950076	1.75897673921177	154	154	1	7700	KUUP2
143	4.35754250059093	0.980042233091584	1.75606645995795	143	143	1	7700	KUUPmet2
314	5.27614844881766	0.992116103188592	1.83537582550001	315.363636363636	315.506636752583	0.999240506329114	7900	ADAL3
969	6.09019674278678	0.995524979971159	1.77136776623032	1082.94039735099	1072.54500953582	0.976455696202532	7900	ADALmet1
57	2.73929185489138	0.88286438070822	1.35506164697167	57	57	1	7900	ADUP1
95	2.83360131018793	0.880968370453453	1.24447866186915	96.6666666666667	97.9662077596996	0.999240506329114	7900	ADUP3
374	5.23788472274858	0.990950648934466	1.76828445693871	389.333333333333	382.738853433774	0.996962025316456	7900	KUAL2
256	5.00237261852772	0.989979202050953	1.80422454235717	256.769230769231	257.396957809375	0.999367088607595	7900	KUAL3
343	5.2362934496458	0.991426630347701	1.79394834928971	352	349.012571368021	0.997721518987342	7900	KUALmet1
320	5.19954228747199	0.991527062970678	1.80279228262903	323.235294117647	323.344843242372	0.998607594936709	7900	KUALmet2
252	4.70408246226863	0.983179490466271	1.701471304838	257.076923076923	256.079206211106	0.998481012658228	7900	KUALmet3
276	4.65711657366623	0.977776478128505	1.65721865216886	279.75	279.152107093969	0.99873417721519	7900	KUUP1
154	4.42761784591614	0.980668226245794	1.75805420277113	154	154	1	7900	KUUP2
316	5.27647463556491	0.992102606310014	1.83346454367235	316.833333333333	317.26994005195	0.999382716049383	8100	ADAL3
991	6.11695619420422	0.995759548849261	1.77336115699946	1129.62068965517	1109.37707651158	0.975185185185185	8100	ADALmet1
57	2.73923102772187	0.882702179545801	1.35503155723721	57	57	1	8100	ADUP1
95	2.83192752062757	0.880188629782045	1.2437435565511	96.5	96.327199360973	0.999506172839506	8100	ADUP3
378	5.25218450510666	0.991147386069197	1.7699336608168	384.333333333333	384.471351246671	0.997654320987654	8100	KUAL2
255	5.00004611511	0.98987523243408	1.80465919888567	256	255.80747088657	0.999506172839506	8100	KUAL3
343	5.22776100483883	0.991166041761927	1.79102514312793	344.5	345.516107036805	0.998888888888889	8100	KUALmet1
318	5.20925510769028	0.99172037799116	1.80812518376982	319.75	320.406840163506	0.999012345679012	8100	KUALmet2
250	4.71128816422908	0.983133760097546	1.70653681491715	251.5	251.998501589244	0.999135802469136	8100	KUALmet3
280	4.70051764455518	0.978812589544277	1.6683915374272	283.055555555556	283.823366384088	0.998641975308642	8100	KUUP1
316	5.26632454559882	0.992059340978371	1.82993759976506	317.909090909091	317.782367310087	0.999156626506024	8300	ADAL3
983	6.12925053105321	0.995794280737408	1.77901559185302	1069.79220779221	1068.27448872862	0.980240963855422	8300	ADALmet1
95	2.85725795804814	0.883451415299753	1.25486833573312	95.2	95.5988878931074	0.999759036144578	8300	ADUP3
377	5.22592826769968	0.990749978226158	1.76187197345018	391.526315789474	385.731432439173	0.99710843373494	8300	KUAL2
256	5.01327667402848	0.990047205690231	1.8081573490563	256.083333333333	256.458427128427	0.999759036144578	8300	KUAL3
340	5.23056447926959	0.991251618522282	1.79468631975814	346	343.886757641678	0.998433734939759	8300	KUALmet1
320	5.19949490374821	0.991564203803164	1.8027758536807	322.117647058824	322.583528489463	0.998915662650602	8300	KUALmet2
251	4.71863860459422	0.983562578022935	1.70796445343924	251.625	252.409588327187	0.999397590361446	8300	KUALmet3
282	4.6742878969127	0.978380055160401	1.6569886168421	290.75	287.615369234038	0.998192771084337	8300	KUUP1
316	5.26540846174669	0.991958809688581	1.82961927979236	316.1875	316.697489855388	0.999647058823529	8500	ADAL3
983	6.12507242383611	0.995811543252595	1.77780289580707	1055.59615384615	1058.39741950657	0.982235294117647	8500	ADALmet1
95	2.8414243281705	0.882389259515571	1.24791442360306	98.75	97.5967511107661	0.999294117647059	8500	ADUP3
380	5.22499378757628	0.990686283737024	1.75920644886572	387.916666666667	386.733651121537	0.997647058823529	8500	KUAL2
255	5.00553667289565	0.989958532871972	1.8066408977314	255	255.21636050614	0.999882352941176	8500	KUAL3
340	5.23417217097082	0.99123601384083	1.79592417371592	342.368421052632	342.959312557032	0.998823529411765	8500	KUALmet1
322	5.1976829151836	0.991511529411765	1.80020314103667	323.8	324.860267250205	0.998941176470588	8500	KUALmet2
251	4.71721993142536	0.983392830449827	1.70745094868787	252.153846153846	252.662796978647	0.999294117647059	8500	KUALmet3
278	4.69011474054071	0.979024885813149	1.66681965462486	284	282.000205191341	0.998588235294118	8500	KUUP1
315	5.26260633927911	0.991920095124851	1.82965315509808	316.25	316.688096640375	0.999310344827586	8700	ADAL3
987	6.111147169817	0.995760496763113	1.77271635476819	1074.93421052632	1073.90186854312	0.981149425287356	8700	ADALmet1
95	2.86159756020353	0.884176456599287	1.25677422922067	95.375	96.1134462354621	0.999655172413793	8700	ADUP3
380	5.22782037585917	0.990857391993658	1.76015813465478	386.551724137931	387.285203487681	0.997701149425287	8700	KUAL2
256	5.00292804426778	0.989858950984278	1.80442486984736	256.3	256.757343474278	0.999655172413793	8700	KUAL3
341	5.24839813944777	0.991484423305589	1.79989845813644	344	343.410811787863	0.998965517241379	8700	KUALmet1
321	5.19059175176142	0.99150225921522	1.79871600212961	324.4375	324.582427350427	0.998735632183908	8700	KUALmet2
251	4.71207821019073	0.983431813978068	1.70558984470552	251.588235294118	252.500613165837	0.999425287356322	8700	KUALmet3
273	4.67901858399185	0.978870075307174	1.66825639020352	274.111111111111	274.202327253188	0.999425287356322	8700	KUUP1
316	5.27034638890879	0.992094154778437	1.83133510617195	317.3125	318.166590020736	0.999213483146067	8900	ADAL3
985	6.12071108978236	0.995824491857089	1.7760131480567	1073.73913043478	1059.04478181544	0.982359550561798	8900	ADALmet1
94	2.88620628387615	0.885079005176114	1.27053445668524	95.2	95.5806417629669	0.999550561797753	8900	ADUP3
376	5.25214568989002	0.991098522913774	1.77150408329553	382.47619047619	381.840655378102	0.998089887640449	8900	KUAL2
256	4.99900673145628	0.989828026764297	1.80301055521063	257.25	257.163633032724	0.999438202247191	8900	KUAL3
340	5.23066600586722	0.991306577452342	1.79472115507975	341.3125	341.709598242185	0.999213483146067	8900	KUALmet1
320	5.20420519826895	0.991679914152254	1.8044090133208	321.866666666667	322.506110448041	0.999101123595506	8900	KUALmet2
251	4.71386360481696	0.983319883853049	1.70623608842379	251.461538461538	252.049960840049	0.999550561797753	8900	KUALmet3
282	4.67430326553259	0.978080797879056	1.65699406486515	285.272727272727	284.904769162453	0.998988764044944	8900	KUUP1
315	5.26468570265925	0.992050428692187	1.8303760884744	315.666666666667	315.855058543359	0.99956043956044	9100	ADAL3
1007	6.12967807279124	0.995743919816447	1.77293322557093	1098.41891891892	1091.23517155045	0.981868131868132	9100	ADALmet1
96	2.83496904557051	0.879990435937689	1.24222295348542	97.5	97.4569436448955	0.99956043956044	9100	ADUP3
376	5.23223220111468	0.990859413114358	1.76478743285187	382.181818181818	381.796959034041	0.998131868131868	9100	KUAL2
256	5.01176028075317	0.989952083081753	1.80761042579172	257.2	256.890425938719	0.99956043956044	9100	KUAL3
340	5.24790167118567	0.991472430865837	1.80063497430166	351	343.07433500097	0.998791208791209	9100	KUALmet1
322	5.21426900396262	0.991724477720082	1.80594768713629	322.47619047619	323.451148377397	0.999450549450549	9100	KUALmet2
252	4.71097837344752	0.983374423378819	1.70396556276943	254.153846153846	254.503415345362	0.999120879120879	9100	KUALmet3
282	4.68684726026502	0.978579471078372	1.66144078636365	287.076923076923	286.180040027212	0.998681318681319	9100	KUUP1
316	5.26177216971585	0.991878876170656	1.82835574438862	316.6	316.945042155314	0.999569892473118	9300	ADAL3
998	6.10150602711884	0.995662157474853	1.76707906668157	1073.00653594771	1074.2821576871	0.983655913978495	9300	ADALmet1
95	2.86511794420727	0.883552133194589	1.25832033338094	100	96.9499362244898	0.999462365591398	9300	ADUP3
377	5.23620203924454	0.990955486183374	1.76533567773759	384.65	383.340497192279	0.998064516129032	9300	KUAL2
256	4.99510567630926	0.989747878367441	1.80160354698192	256	256.208600734583	0.99989247311828	9300	KUAL3
339	5.2279381165055	0.991207307203145	1.7946920769475	339.9375	340.596100787944	0.999354838709677	9300	KUALmet1
321	5.20101094130473	0.991479685512776	1.80232660451505	321.588235294118	322.283893131404	0.999462365591398	9300	KUALmet2
251	4.70998369388031	0.983257925771766	1.70483171090781	251.375	252.133892893412	0.999569892473118	9300	KUALmet3
278	4.67831999539375	0.978409134003931	1.66262792070793	279.75	279.908735080805	0.999247311827957	9300	KUUP1
315	5.26382724750642	0.991955257617729	1.83007762891318	315.333333333333	315.729797089389	0.999684210526316	9500	ADAL3
1010	6.11033090405487	0.995662936288089	1.76657731585671	1100.92517006803	1092.70269415976	0.982736842105263	9500	ADALmet1
95	2.8557890676347	0.883016509695291	1.25422321929787	95.5	96.2202276752842	0.999684210526316	9500	ADUP3
380	5.24971973111275	0.991158891966759	1.76753144236659	388.55	386.717430782827	0.998	9500	KUAL2
255	5.0150629459444	0.990051434903047	1.81007920127756	255.166666666667	255.385551948052	0.999789473684211	9500	KUAL3
340	5.23593502186126	0.991412565096953	1.79652903469974	349.1	344.509423527283	0.998526315789474	9500	KUALmet1
321	5.20606771142324	0.991689905817175	1.80407894678473	323.571428571429	323.747326685354	0.999052631578947	9500	KUALmet2
251	4.7120390856155	0.983285163434903	1.70557568312432	251.055555555556	251.514645233524	0.999789473684211	9500	KUALmet3
279	4.69341023877792	0.979129551246537	1.66692726916404	280.75	280.901385561833	0.999263157894737	9500	KUUP1
316	5.27322638661812	0.992035051546392	1.83233584512184	316.2	316.801341646408	0.999690721649485	9700	ADAL3
1005	6.11898775338396	0.995730683388245	1.77035018147758	1104.07692307692	1081.10993214895	0.98340206185567	9700	ADALmet1
96	2.84562794180789	0.882861409288979	1.24689345441579	97	96.8083961118263	0.999690721649485	9700	ADUP3
382	5.24314137901812	0.991071973642257	1.76375793208916	389.6	389.915950106707	0.997938144329897	9700	KUAL2
256	5.01323979895764	0.990042895100436	1.80814404918584	256.428571428571	256.62811933928	0.999690721649485	9700	KUAL3
342	5.235316991678	0.991349728982889	1.79451133124966	343.75	344.24893658642	0.999175257731959	9700	KUALmet1
322	5.19490793679397	0.991440769476034	1.79924203492557	324.8	324.264498950245	0.999175257731959	9700	KUALmet2
251	4.71830012866371	0.983283855882666	1.70784193825931	251.071428571429	251.490813265956	0.99979381443299	9700	KUALmet3
279	4.69371515789834	0.979140843872888	1.6670355652581	280.647058823529	281.591389489288	0.999175257731959	9700	KUUP1
316	5.27277148321112	0.992135312723192	1.83217777570521	316.083333333333	316.470828256804	0.99979797979798	9900	ADAL3
1028	6.12778555873279	0.995798306295276	1.76711124702896	1134.5652173913	1115.55660242591	0.982626262626263	9900	ADALmet1
96	2.84787917529651	0.882441873278237	1.24787989690185	97	97.4853029044159	0.99959595959596	9900	ADUP3
379	5.24254662178595	0.990974859708193	1.76589967309957	382.545454545455	383.295172662161	0.998686868686869	9900	KUAL2
256	5.01162133677704	0.990020671360065	1.80756031234539	256.125	256.436078355114	0.99979797979798	9900	KUAL3
340	5.23963690231177	0.991416957453321	1.79779920625163	342.333333333333	342.309146081352	0.999191919191919	9900	KUALmet1
323	5.21109994365611	0.991646015712682	1.80388145638693	324.909090909091	325.044134164493	0.999292929292929	9900	KUALmet2
252	4.72370601333708	0.983542148760331	1.70856916277519	252.1875	252.751497291697	0.99969696969697	9900	KUALmet3
284	4.69173626341219	0.978850586674829	1.66109317040872	286.117647058824	286.760831841812	0.999090909090909	9900	KUUP1
316	5.26256136778364	0.991859837270856	1.82862997420591	316.857142857143	317.034389304979	0.99960396039604	10100	ADAL3
1014	6.14005940514776	0.995812920301931	1.77415851571722	1098.02255639098	1085.66986651191	0.985148514851485	10100	ADALmet1
95	2.83468711290173	0.881634898539359	1.24495553146384	95	95.2248385011325	0.99990099009901	10100	ADUP3
378	5.23312670817753	0.990912577198314	1.76351137381353	387.5	384.747017243627	0.998118811881188	10100	KUAL2
256	5.0044120281662	0.989902146848348	1.80496010390011	257	257.016180150125	0.99960396039604	10100	KUAL3
341	5.23851549805532	0.991409234388785	1.79650928099477	342.5	342.97639902259	0.999306930693069	10100	KUALmet1
322	5.20035777991258	0.991555043623174	1.80112957305754	323	323.671155984733	0.999405940594059	10100	KUALmet2
252	4.7158388503529	0.983335241642976	1.70572360209987	252.833333333333	253.310275092696	0.99950495049505	10100	KUALmet3
283	4.69124567524292	0.978611979217724	1.66195724104724	288	285.905075617237	0.999009900990099	10100	KUUP1
315	5.26753445353299	0.991964878876426	1.8313665152113	315	315.184423475831	0.999902912621359	10300	ADAL3
998	6.13568085315333	0.995788462626072	1.77697656074691	1060.00787401575	1051.88321562707	0.987766990291262	10300	ADALmet1
95	2.84116693564511	0.881245697049675	1.24780138035156	95.1428571428571	95.7619468197572	0.999805825242718	10300	ADUP3
383	5.24441992175904	0.990980582524272	1.76341259972362	390.65	389.339857773142	0.998252427184466	10300	KUAL2
256	5.00831028206223	0.989926006221133	1.8063661017911	256	256.202277614356	0.999902912621359	10300	KUAL3
342	5.25236137885305	0.991552512018098	1.80035364146095	343.615384615385	343.807748709272	0.999320388349515	10300	KUALmet1
323	5.20397103482627	0.991491431803186	1.80141370359357	323.833333333333	324.319578883335	0.999514563106796	10300	KUALmet2
252	4.71852966432989	0.983397436139127	1.70669687219138	252	252.231025916109	0.999902912621359	10300	KUALmet3
283	4.70107806132078	0.978959901970025	1.66544053874045	283.882352941176	284.668141454537	0.999417475728155	10300	KUUP1
316	5.26355119879963	0.991871727891156	1.82897391977514	316	316.2271618552	0.999904761904762	10500	ADAL3
1020	6.11023631190387	0.9956909569161	1.76403760013793	1083.09868421053	1084.25533083163	0.986761904761905	10500	ADALmet1
96	2.84908122820246	0.882623764172336	1.24840661084019	96.5	97.0677316535433	0.999714285714286	10500	ADUP3
380	5.23195669047861	0.990773623582766	1.76155079302891	388	385.092401546538	0.998476190476191	10500	KUAL2
256	5.00145341347968	0.98984043537415	1.80389300921608	256	256.185844605691	0.999904761904762	10500	KUAL3
340	5.22429282674895	0.991151183673469	1.79253442027851	340.5	340.90676419342	0.999619047619048	10500	KUALmet1
323	5.2075304836567	0.991596807256236	1.80264584725031	324.25	324.384101804271	0.999428571428571	10500	KUALmet2
252	4.71261231818246	0.983233160997732	1.70455656220502	252.083333333333	252.463074467195	0.999809523809524	10500	KUALmet3
283	4.69745513864504	0.979001197278912	1.6641570539282	284.909090909091	284.906796059316	0.999333333333333	10500	KUUP1
316	5.26918115381884	0.991902524237925	1.83093021135675	316.166666666667	316.437726477278	0.99981308411215	10700	ADAL3
1023	6.14207220296444	0.995839566774391	1.77247726472269	1087	1077.14557613888	0.98803738317757	10700	ADALmet1
95	2.85075696625861	0.883357673159228	1.25201318969194	98.3333333333333	96.7598019264686	0.999532710280374	10700	ADUP3
384	5.24522269468875	0.990980539785134	1.76290968524325	387.142857142857	387.601931473259	0.998878504672897	10700	KUAL2
256	5.00698410681972	0.989951209712639	1.80588778517967	256	256	1	10700	KUAL3
342	5.24118704609029	0.991412560048913	1.79652341173583	344.1	343.698127333194	0.999345794392523	10700	KUALmet1
323	5.19570371861795	0.991418534369814	1.79855187815105	323.25	323.737851330406	0.999719626168224	10700	KUALmet2
252	4.71596926822982	0.983308428683728	1.70577077437566	252	252	1	10700	KUALmet3
282	4.70225943835898	0.978837750021836	1.66690425036622	285.6	284.626207849515	0.999158878504673	10700	KUUP1
316	5.27082069448684	0.992011160676711	1.8314999174371	316	316.21426425443	0.999908256880734	10900	ADAL3
1019	6.13319902858312	0.995756821816345	1.77091772723115	1066.36029411765	1065.32548187814	0.98954128440367	10900	ADALmet1
96	2.8269309248752	0.879498207221614	1.23870082048499	97	97.0217311906501	0.999724770642202	10900	ADUP3
382	5.23615302747145	0.990865213365878	1.76140709704932	389.285714285714	388.719270492207	0.998348623853211	10900	KUAL2
256	5.01256870402764	0.989986028112112	1.80790200285397	256	256.176518572899	0.999908256880734	10900	KUAL3
340	5.23613005570586	0.991341957747664	1.79659595378164	340.071428571429	340.429679932843	0.999816513761468	10900	KUALmet1
323	5.20937886551526	0.991670347613837	1.8032856856328	324.111111111111	324.196941385319	0.99954128440367	10900	KUALmet2
251	4.71518851509575	0.983300210419998	1.70671565463976	251	251	1	10900	KUALmet3
281	4.70718362959629	0.979071054625032	1.66970114710876	281.769230769231	282.365465670015	0.99954128440367	10900	KUUP1
316	5.27362196096901	0.992006476747017	1.83247329893274	316	316	1	11100	ADAL3
1033	6.14194326694942	0.99582796850905	1.76995573103827	1101.00751879699	1092.57883408494	0.987837837837838	11100	ADALmet1
95	2.84227595238446	0.880989010632254	1.2482884452265	98	96.1953149730927	0.99963963963964	11100	ADUP3
380	5.23732505717945	0.990942991640289	1.76335827179424	389.5625	386.374232900737	0.998378378378378	11100	KUAL2
256	5.00800938420223	0.989944062981901	1.80625757582849	256	256	1	11100	KUAL3
344	5.23808616861551	0.991380034088142	1.79366805083917	352.25	347.50669717467	0.998918918918919	11100	KUALmet1
322	5.20074838599788	0.991514471227985	1.80126485839779	323.666666666667	323.589791745885	0.999459459459459	11100	KUALmet2
252	4.71789837140896	0.983354727700674	1.70646853291405	252	252	1	11100	KUALmet3
282	4.68747185427337	0.97889556042529	1.66166219873379	283.666666666667	283.664104381443	0.999459459459459	11100	KUUP1
316	5.26951897215643	0.992008520635915	1.83104759616137	316	316	1	11300	ADAL3
1035	6.1312787162126	0.995758101652439	1.76639017992171	1110.24590163934	1094.63766449121	0.987964601769912	11300	ADALmet1
96	2.85026166483346	0.883268948234004	1.24892385298802	96	96.2774073378412	0.999911504424779	11300	ADUP3
383	5.24934686521986	0.991063748140027	1.76506926229194	387.136363636364	387.666702227972	0.998761061946903	11300	KUAL2
256	5.00326855508913	0.989889278721905	1.80454768316569	256	256.176565358751	0.999911504424779	11300	KUAL3
343	5.22893438545934	0.991237121152792	1.79142714203183	344.25	344.278579623074	0.999557522123894	11300	KUALmet1
321	5.21234683137812	0.991648445453833	1.80625487471016	321.5	321.583804379078	0.999734513274336	11300	KUALmet2
281	4.67990608853305	0.978400657843214	1.66002543755767	283.625	282.929870331908	0.999380530973451	11300	KUUP1
316	5.27144412712572	0.992019689981096	1.83171654723592	316	316	1	11500	ADAL3
1026	6.12644090516423	0.995685671077505	1.76721970733022	1115.55445544554	1084.87410583117	0.988260869565217	11500	ADALmet1
96	2.83888308340929	0.881391652173913	1.24393800136284	96.75	97.0018425434809	0.999739130434783	11500	ADUP3
380	5.23846357868734	0.990906480151229	1.76374160131773	382.647058823529	383.015211376035	0.999130434782609	11500	KUAL2
256	5.00771093505829	0.989940612476371	1.80614993305351	256	256	1	11500	KUAL3
342	5.24493288693814	0.991493156899811	1.7978073748382	345.5	344.131417437821	0.999304347826087	11500	KUALmet1
322	5.19912315099625	0.991542623818526	1.80070196273782	322.5	322.989868946244	0.999652173913044	11500	KUALmet2
281	4.68546532174625	0.97836813610586	1.66199737211632	281.6	282.099932201252	0.999652173913044	11500	KUUP1
316	5.27263628751971	0.992060924830156	1.83213079803095	316.5	316.397869077307	0.99982905982906	11700	ADAL3
1045	6.13476043170807	0.99579627438089	1.76494864521744	1104.54545454545	1103.77224017982	0.988803418803419	11700	ADALmet1
96	2.83628940728293	0.881089604792169	1.24280150781872	99.3333333333333	97.6697664359862	0.99957264957265	11700	ADUP3
380	5.24823766337406	0.991086785009862	1.7670324440463	382.894736842105	383.142288557214	0.999059829059829	11700	KUAL2
256	5.00616622113782	0.989918094820659	1.80559279527534	256	256	1	11700	KUAL3
342	5.23921467443803	0.991504156622105	1.79584734125432	342.230769230769	342.717644070885	0.99974358974359	11700	KUALmet1
322	5.20258198629401	0.991520637007816	1.80189992080278	322	322.19322529542	0.99991452991453	11700	KUALmet2
282	4.68463337715655	0.97846771860618	1.66065598679831	282.333333333333	282.763821111866	0.99974358974359	11700	KUUP1
316	5.27248559633016	0.99202635407104	1.83207843599528	316	316	1	11900	ADAL3
1029	6.14741919597806	0.995917618812231	1.7725246372904	1101.42990654206	1081.19857998567	0.989495798319328	11900	ADALmet1
96	2.83654922262111	0.881478101828967	1.24291535335691	97.5	97.361424	0.999663865546218	11900	ADUP3
382	5.25110709229727	0.991036536967728	1.76643754512365	383.894736842105	384.667406439828	0.999243697478992	11900	KUAL2
342	5.24099907777228	0.991427738154085	1.7964589817735	343	343.14204688062	0.999579831932773	11900	KUALmet1
323	5.2064212380989	0.991588475390156	1.80226186929672	323.375	323.635134863368	0.999747899159664	11900	KUALmet2
283	4.68632053795168	0.978581936303933	1.66021242354013	284.363636363636	284.806097131782	0.999495798319328	11900	KUUP1
316	5.27351142724299	0.992038057509733	1.83243489077549	316	316.18988617005	0.999917355371901	12100	ADAL3
1027	6.13391277070577	0.995857017963254	1.76912645324768	1084	1072.42765285728	0.990495867768595	12100	ADALmet1
94	2.85638145213127	0.883316781640598	1.25740529242266	94.3333333333333	94.6130310177203	0.999834710743802	12100	ADUP3
377	5.23766886847594	0.990967625162216	1.76583020525122	377.315789473684	378.070927681637	0.999669421487603	12100	KUAL2
342	5.2529258381055	0.991551710948706	1.80054712134501	343.111111111111	343.24728666167	0.999586776859504	12100	KUALmet1
323	5.20880186876259	0.991611884434123	1.80308595165077	323	323	1	12100	KUALmet2
282	4.69232129370125	0.978628358718667	1.6633812768281	283.428571428571	283.192838211889	0.999586776859504	12100	KUUP1
316	5.27381934563427	0.992021891731112	1.83254188597431	316	316	1	12300	ADAL3
1049	6.11965915906944	0.995641205631569	1.75963702982898	1131.20472440945	1116.40666577558	0.988211382113821	12300	ADALmet1
95	2.85436834233567	0.882325996430696	1.25359925631738	95.5	95.4816468283266	0.999837398373984	12300	ADUP3
380	5.23555629056492	0.990931760195651	1.76276274464888	385.076923076923	383.513153324193	0.999024390243902	12300	KUAL2
342	5.2438439860439	0.99137621785974	1.79743413191969	342.333333333333	342.634258832821	0.999756097560976	12300	KUALmet1
323	5.20920681549794	0.991645264062397	1.8032261285644	323	323.222898896222	0.999918699186992	12300	KUALmet2
280	4.69463339402635	0.978796047326327	1.66630299430732	280.5	280.696543043169	0.999756097560976	12300	KUUP1
316	5.2720042814945	0.9920048896	1.83191118915975	316	316	1	12500	ADAL3
1040	6.13745815137498	0.9957091584	1.76694382082884	1087.3606557377	1082.79322524401	0.99136	12500	ADALmet1
95	2.84351867719654	0.8819330688	1.24883423284512	95	95	1	12500	ADUP3
385	5.24511509286298	0.990990912	1.7621033773821	390.055555555556	389.738704696581	0.99888	12500	KUAL2
343	5.23176681792321	0.9912797056	1.79239753026387	344.5	344.468682647729	0.99952	12500	KUALmet1
323	5.20303618682353	0.9915579776	1.80109009533526	323.5	323.594229155479	0.99976	12500	KUALmet2
283	4.68910114423674	0.978681216	1.66119750278557	283.6	283.909760613885	0.99968	12500	KUUP1
1052	6.12931749943856	0.995610750821502	1.76169086928698	1126.29245283019	1102.41963888828	0.99007874015748	12700	ADALmet1
95	2.84268027043062	0.881402207204414	1.24846601614279	96	95.4134484911551	0.999842519685039	12700	ADUP3
384	5.24653837664783	0.991023684047368	1.76335188352602	385.555555555556	386.228521125481	0.999370078740157	12700	KUAL2
342	5.22906022348294	0.99118387996776	1.79236669675266	343	342.873547251636	0.999685039370079	12700	KUALmet1
323	5.20786526094414	0.991582081964164	1.80276173421225	323.111111111111	323.443123286745	0.999842519685039	12700	KUALmet2
282	4.68752876618856	0.978679818959638	1.66168237344226	283.666666666667	283.314744264788	0.999606299212598	12700	KUUP1
1053	6.13748951646823	0.995767261582838	1.76379884145657	1114.55172413793	1103.29390870363	0.990697674418605	12900	ADALmet1
94	2.85399365795026	0.882602463794243	1.25635416354133	94.5	94.520462364793	0.99984496124031	12900	ADUP3
383	5.24696886759525	0.991050453698696	1.76426967129123	383.9375	384.694755270435	0.99953488372093	12900	KUAL2
342	5.23557504474992	0.991284442040743	1.7945997841862	343.25	343.205536713059	0.999612403100775	12900	KUALmet1
322	5.19875976796023	0.991497542215011	1.8005761060256	322.6	322.599100233674	0.999767441860465	12900	KUALmet2
282	4.68779720749635	0.978554209482603	1.66177753321871	284	283.087703121097	0.999612403100775	12900	KUUP1
1051	6.13957815750588	0.995753359361343	1.76488120087698	1107.14851485149	1090.95887886048	0.991832061068702	13100	ADALmet1
96	2.84152331948477	0.882237107394674	1.24509489648333	96	96.2889388812681	0.999923664122137	13100	ADUP3
383	5.24086954550232	0.990928687139444	1.76221880168336	384.866666666667	385.233657130426	0.999389312977099	13100	KUAL2
342	5.23982111629895	0.991374372122837	1.79605521153093	342.545454545455	342.97741222907	0.99969465648855	13100	KUALmet1
323	5.21233824099328	0.99166069576365	1.80431010708029	323.75	323.592874471488	0.999770992366412	13100	KUALmet2
283	4.68688035419288	0.978375840568731	1.6604107484031	286	284.439964778107	0.999541984732824	13100	KUUP1
1052	6.10625745902697	0.995553835717112	1.75506294331607	1120.72950819672	1109.75430863573	0.990225563909774	13300	ADALmet1
95	2.84778936560381	0.883009406976087	1.25070986036379	95	95.1937757802083	0.999924812030075	13300	ADUP3
383	5.2480198773843	0.990942088303465	1.76462306860344	385.769230769231	385.482071732713	0.999323308270677	13300	KUAL2
343	5.25097429322284	0.991522358527899	1.79897799007559	343.090909090909	343.470334300147	0.99984962406015	13300	KUALmet1
323	5.20747141891577	0.991587766408502	1.80262540131911	323	323.181944347592	0.999924812030075	13300	KUALmet2
282	4.69365463945844	0.978752264118944	1.66385393465121	285	283.478011517375	0.999548872180451	13300	KUUP1
1049	6.14493170716721	0.995809152263375	1.76690385798314	1116.67647058824	1097.28240470614	0.991259259259259	13500	ADALmet1
95	2.84694015312832	0.882086770919067	1.25033689794267	95	95	1	13500	ADUP3
382	5.24405047191559	0.990935780521262	1.76406374490118	385.461538461538	384.88061258788	0.999259259259259	13500	KUAL2
344	5.23205340029228	0.991237069958848	1.79160226126428	346.625	345.87346613359	0.999481481481482	13500	KUALmet1
323	5.20797916616034	0.991602710562414	1.80280116379707	323	323.17365231038	0.999925925925926	13500	KUALmet2
282	4.6808035265965	0.978161009602195	1.65929834282726	282.6	282.962994908	0.999703703703704	13500	KUUP1
1059	6.1461594594725	0.99577503329959	1.76484955076044	1104.4128440367	1096.63669230605	0.992700729927007	13700	ADALmet1
96	2.85714963312508	0.8833558847035	1.25194201374293	96	96	1	13700	ADUP3
384	5.25146087548836	0.991003431189728	1.76500632631839	388	386.399285173987	0.999343065693431	13700	KUAL2
343	5.24452172329786	0.991447589109702	1.79676734674995	345.5	344.089846671297	0.99963503649635	13700	KUALmet1
323	5.20567767164686	0.99157211359156	1.80200447532061	323	323.184777327421	0.99992700729927	13700	KUALmet2
283	4.68355500499544	0.978380233363525	1.65923268428958	283.857142857143	283.795691975772	0.99970802919708	13700	KUUP1
1071	6.15041140726987	0.995768096889395	1.76321804622203	1119.73983739837	1116.12848677967	0.992086330935252	13900	ADALmet1
95	2.84601932732487	0.881682459500026	1.2499324839344	95	95.2585848074922	0.999928057553957	13900	ADUP3
383	5.24741903087535	0.9910561772165	1.76442103666851	384.3125	384.85688598574	0.999496402877698	13900	KUAL2
344	5.2413726242294	0.991422089953936	1.79479342568895	345	345.169289702165	0.999640287769784	13900	KUALmet1
323	5.20730970160934	0.991623052637027	1.80256942103599	323.166666666667	323.367527898554	0.999856115107914	13900	KUALmet2
283	4.68793499680592	0.978557983541225	1.66078437431161	283	283.180929095355	0.999928057553957	13900	KUUP1
1050	6.14426599470508	0.995835018359237	1.76647045431259	1104.5	1093.66198488857	0.992269503546099	14100	ADALmet1
95	2.85877319314043	0.88284075247724	1.25553380611291	95	95.1980198019802	0.999929078014184	14100	ADUP3
385	5.24332660304826	0.990950103113525	1.76150253185495	390	388.104203136014	0.999219858156028	14100	KUAL2
343	5.24349538649737	0.991396096775816	1.79641572489629	347.2	344.68719224115	0.999503546099291	14100	KUALmet1
323	5.20930123629079	0.991620501986822	1.80325881339469	323	323	1	14100	KUALmet2
283	4.69544160559204	0.978895246717972	1.66344372402199	284	284.031473249489	0.999716312056738	14100	KUUP1
1057	6.1454544701755	0.99578332436794	1.76512617999679	1110	1099.69807042413	0.992517482517483	14300	ADALmet1
95	2.84906348537863	0.881940662135068	1.25126943621758	95	95.1700615788747	0.99993006993007	14300	ADUP3
383	5.24877416324896	0.991101276346032	1.76487669383128	386.6	385.543211486658	0.999370629370629	14300	KUAL2
344	5.24413905501733	0.991434446672209	1.79574072941009	348	346.097769506253	0.999440559440559	14300	KUALmet1
323	5.21243385566827	0.991635209545699	1.80434320518646	323	323.177777777778	0.99993006993007	14300	KUALmet2
283	4.68823173805311	0.978383637341679	1.66088950017766	283	283.176039119804	0.99993006993007	14300	KUUP1
1061	6.12490017685276	0.995657151010702	1.75826871434656	1119.64150943396	1104.62552508077	0.992275862068966	14500	ADALmet1
96	2.83083054463621	0.880061802615933	1.24040955066833	96	96.2151836192513	0.999931034482759	14500	ADUP3
385	5.24876520695324	0.991034416171225	1.76332963805558	388.272727272727	387.574522628111	0.999379310344828	14500	KUAL2
344	5.25036463798876	0.991468623067776	1.79787254414437	345	344.968429256393	0.999724137931034	14500	KUALmet1
323	5.20930231536729	0.991631457788347	1.80325918692928	323	323	1	14500	KUALmet2
284	4.69237785133025	0.978706520808561	1.6613203224158	284.857142857143	284.883967123403	0.999724137931034	14500	KUUP1
1066	6.14311777553584	0.995759627932806	1.76230917555998	1118	1106.32517806821	0.992857142857143	14700	ADALmet1
96	2.83074285009777	0.880511444305613	1.24037112479249	96.25	96.5834459886413	0.999863945578231	14700	ADUP3
384	5.24939885842818	0.99103299551113	1.76431328618298	386.153846153846	386.131394312462	0.999455782312925	14700	KUAL2
344	5.23992024442694	0.991374890092091	1.79429608998933	344	344	1	14700	KUALmet1
323	5.20922728603819	0.991607978157249	1.8032332146745	323	323	1	14700	KUALmet2
283	4.69031211936993	0.978617178027674	1.66162651227061	284.428571428571	284.107835837239	0.999659863945578	14700	KUUP1
1063	6.14656374322908	0.995775649745507	1.76401082231055	1142.51851851852	1107.61948090808	0.992348993288591	14900	ADALmet1
96	2.83790331295788	0.881320003603441	1.24350868685381	96.25	96.5246073109592	0.999865771812081	14900	ADUP3
384	5.24072235980517	0.990904076392955	1.76139713097913	384.352941176471	385.04092807028	0.999731543624161	14900	KUAL2
344	5.24092137189314	0.991362650331066	1.79463890419534	344.142857142857	344.455238095238	0.999865771812081	14900	KUALmet1
323	5.21096814520391	0.991640745912346	1.80383583285515	323	323	1	14900	KUALmet2
283	4.69899665720331	0.978907229404081	1.66470316430218	283.090909090909	283.444174294656	0.999865771812081	14900	KUUP1
1061	6.13937403803832	0.995767632998553	1.76242371060177	1113.10526315789	1097.57197401798	0.993377483443709	15100	ADALmet1
96	2.85021053052701	0.882346844436647	1.24890144702585	96.3333333333333	96.5120444407036	0.999867549668874	15100	ADUP3
385	5.25779665299269	0.991124520854349	1.76636376434013	385.428571428571	385.924113470366	0.999735099337748	15100	KUAL2
342	5.23476046844505	0.99131689838165	1.79432057159762	342.5	342.625007622692	0.999801324503311	15100	KUALmet1
323	5.20953682086638	0.991607973334503	1.80334036367235	323	323	1	15100	KUALmet2
284	4.68551047866888	0.978294039735099	1.65888895262304	284.857142857143	285.07008136588	0.999735099337748	15100	KUUP1
1074	6.14170154636072	0.99577341193558	1.76001538993617	1119.00840336134	1115.05599163438	0.993202614379085	15300	ADALmet1
96	2.84923534831781	0.882925097184843	1.24847414298668	96	96.252567205021	0.999934640522876	15300	ADUP3
381	5.25842623355707	0.991119125122816	1.76967987698389	381.857142857143	381.812814986575	0.999738562091503	15300	KUAL2
344	5.24453762031274	0.991466982784399	1.79587720937883	345.666666666667	345.189542054724	0.999673202614379	15300	KUALmet1
323	5.20864000196223	0.991620752701952	1.80302991961862	323	323	1	15300	KUALmet2
283	4.69490243783626	0.978675372719894	1.66325271425233	283	283.176676847937	0.999934640522876	15300	KUUP1
1065	6.14224249062738	0.995753623309053	1.76229531821528	1111.01052631579	1098.32582014942	0.993935483870968	15500	ADALmet1
96	2.83940280228082	0.880961906347555	1.24416573108447	97	96.4943330496386	0.999870967741936	15500	ADUP3
384	5.24474552900728	0.990976291363163	1.76274931073671	384.272727272727	384.650032457995	0.999806451612903	15500	KUAL2
344	5.2425345141026	0.991400682622268	1.79519128946535	345	344.829750693921	0.999741935483871	15500	KUALmet1
323	5.20934171258604	0.991620237252862	1.8032728247242	323	323	1	15500	KUALmet2
284	4.69386207832734	0.978759991675338	1.66184580790555	284.1	284.392722751761	0.999870967741936	15500	KUUP1
1071	6.13774239953249	0.995737952858128	1.75958605779214	1116.7641509434	1107.65923283704	0.993694267515924	15700	ADALmet1
96	2.84578911239752	0.880941019919672	1.24696407592969	96	96	1	15700	ADUP3
385	5.25009145894476	0.99101221956266	1.76377519417249	386.75	386.861590236665	0.999554140127389	15700	KUAL2
342	5.23632770309229	0.991321554626963	1.79485777313435	342	342.176360388341	0.999936305732484	15700	KUALmet1
284	4.70433409247284	0.978958554099558	1.66555338868182	284.125	284.421665004305	0.999872611464968	15700	KUUP1
1075	6.13949438855145	0.995718159882916	1.75914830750605	1127.0618556701	1111.39215727276	0.993647798742138	15900	ADALmet1
96	2.85434666597505	0.882162786282188	1.25071381333733	96	96	1	15900	ADUP3
383	5.25813517939239	0.991011914085677	1.76802429338658	383.6	383.838621237516	0.999748427672956	15900	KUAL2
343	5.2377516941942	0.991322898619517	1.7944479422605	343	343.192402450476	0.999937106918239	15900	KUALmet1
283	4.68548579505074	0.978396408369922	1.6599167010168	283	283	1	15900	KUUP1
1075	6.14004314386979	0.99567828401682	1.75930554227627	1117.12264150943	1111.07678442678	0.994099378881988	16100	ADALmet1
96	2.85185909479609	0.883032475598935	1.24962381271748	96	96.2338692343344	0.999937888198758	16100	ADUP3
384	5.25185275490015	0.99104474364415	1.76513803626679	384.666666666667	384.878417587582	0.999751552795031	16100	KUAL2
344	5.24863174459003	0.991494487095405	1.79727915269857	344.75	344.560928462778	0.999813664596273	16100	KUALmet1
284	4.70466252795293	0.979060136568805	1.66566967013974	284	284.202996401376	0.999937888198758	16100	KUUP1
1066	6.14553924121491	0.995770913470586	1.76300383441895	1113.01098901099	1099.89814879137	0.994294478527607	16300	ADALmet1
96	2.84092981660136	0.881419699649968	1.24483483618184	96	96.2159178883917	0.999938650306748	16300	ADUP3
384	5.24642060227674	0.991026519628138	1.76331229977685	384.066666666667	384.459870319717	0.999877300613497	16300	KUAL2
344	5.24479165700272	0.991392803643344	1.7959641986875	344.75	344.586662414966	0.999815950920245	16300	KUALmet1
284	4.69524930129814	0.978765997967556	1.66233694945173	284	284.20149657464	0.999938650306748	16300	KUUP1
1070	6.15539128281449	0.995823544536272	1.76488201182907	1106.06060606061	1098.86615627105	0.994848484848485	16500	ADALmet1
96	2.84101055881243	0.880880492194674	1.24487021569614	96	96.2394625911852	0.999939393939394	16500	ADUP3
383	5.24596764288478	0.990942648301194	1.76393301398767	383.75	383.839669121072	0.999757575757576	16500	KUAL2
344	5.24425988489516	0.991414670339761	1.79578210495919	344.375	344.668319979924	0.999818181818182	16500	KUALmet1
284	4.68992645269535	0.978430464646465	1.66045241311703	284.125	284.386081389464	0.999878787878788	16500	KUUP1
1076	6.14965142373322	0.995739252034852	1.76182391252337	1106.85714285714	1104.12454660599	0.995149700598802	16700	ADALmet1
96	2.84414623569782	0.881456918498333	1.24624420240962	96	96.186924159545	0.999940119760479	16700	ADUP3
384	5.24327366143647	0.990959116497544	1.76225461875755	386.1	385.935820044503	0.999580838323353	16700	KUAL2
344	5.24159821398845	0.991349636057227	1.79487067396826	344.125	344.394009939977	0.999880239520958	16700	KUALmet1
284	4.69556707971619	0.978631496288859	1.6624494578133	284.2	284.401538508469	0.999880239520958	16700	KUUP1
1065	6.13804593862809	0.99567262350758	1.76109126872484	1088.48453608247	1086.95298687586	0.995976331360947	16900	ADALmet1
96	2.84939590283714	0.882204684709919	1.24854449455172	96.5	96.5085289674337	0.999881656804734	16900	ADUP3
385	5.2440174310078	0.990991610937992	1.7617346164249	388.111111111111	387.19427244582	0.999526627218935	16900	KUAL2
344	5.24062577826052	0.9913882567137	1.79453768462052	344	344	1	16900	KUALmet1
284	4.68931664067603	0.978537523195967	1.66023651125817	284.857142857143	285.023289864437	0.999763313609467	16900	KUUP1
1067	6.15133032451362	0.995786368455251	1.76442784887364	1112.07228915663	1097.44911983695	0.994912280701754	17100	ADALmet1
96	2.83145132763636	0.880750877192983	1.24068156453498	96	96.1862002027498	0.999941520467836	17100	ADUP3
385	5.25040994833533	0.991018720290004	1.76388219110599	385.25	385.678054973226	0.999824561403509	17100	KUAL2
344	5.24094757366049	0.991364276187545	1.79464787641754	344	344.172236503856	0.999941520467836	17100	KUALmet1
284	4.68755329268349	0.978343503984132	1.65961220393504	284	284.171099265697	0.999941520467836	17100	KUUP1
1087	6.14421253839463	0.995714811721073	1.75770478636099	1124.52941176471	1119.38163799159	0.994913294797688	17300	ADALmet1
96	2.85623517954506	0.882931578068095	1.25154131969346	96	96	1	17300	ADUP3
385	5.25302376796143	0.991092599151325	1.76476030727875	386.428571428571	386.186018628066	0.99971098265896	17300	KUAL2
343	5.23966916034118	0.991274516355374	1.79510486404349	343	343.174041297935	0.999942196531792	17300	KUALmet1
284	4.69076841485264	0.97845228373818	1.66075050693789	284	284	1	17300	KUUP1
1075	6.14149525566768	0.995724146938776	1.75972161562856	1116.51162790698	1104.49895778007	0.995142857142857	17500	ADALmet1
96	2.8505563744157	0.882490109387755	1.24905298843951	96	96	1	17500	ADUP3
384	5.25128506808941	0.991033391020408	1.76494723777546	384.3	384.589799859299	0.999828571428571	17500	KUAL2
344	5.24211487172483	0.991364447346939	1.79504759211072	345.2	344.809798173026	0.999771428571429	17500	KUALmet1
284	4.68827756357889	0.97845701877551	1.65986862956733	284.142857142857	284.414104803286	0.999885714285714	17500	KUUP1
1088	6.15940309270304	0.995865626097226	1.76181869247458	1124.59139784946	1116.91862727807	0.995310734463277	17700	ADALmet1
96	2.84381058719907	0.882068026429187	1.24609712839832	96	96	1	17700	ADUP3
385	5.24921593156009	0.991006690286955	1.76348105958551	386.5	386.513714748659	0.999661016949153	17700	KUAL2
344	5.24176520391822	0.991362392671327	1.79492785601762	344.2	344.362698866016	0.999887005649718	17700	KUALmet1
283	4.69653262968353	0.978618366369817	1.6638302387165	283	283.165719289218	0.999943502824859	17700	KUUP1
1074	6.14991484134038	0.995765762616647	1.76236905780121	1103.68131868132	1098.80597037845	0.995865921787709	17900	ADALmet1
96	2.84994422422908	0.882095920851409	1.24878475728758	96	96	1	17900	ADUP3
385	5.25648142140239	0.991122542991792	1.76592191054164	385.1875	385.683433106622	0.999832402234637	17900	KUAL2
344	5.24858284790799	0.991484878749103	1.79726240909919	344	344.172760679399	0.999944134078212	17900	KUALmet1
284	4.68882894101981	0.978489984707094	1.66006384286364	284	284	1	17900	KUUP1
1088	6.16006434122735	0.995822178810171	1.76200783418085	1131.06451612903	1120.32921361352	0.995027624309392	18100	ADALmet1
96	2.84374226364663	0.881495577058087	1.24606719047528	96	96.168	0.999944751381216	18100	ADUP3
385	5.25325427420799	0.991064759927963	1.76483774615823	386.666666666667	386.099211710222	0.999723756906077	18100	KUAL2
344	5.2456291647912	0.991393077134398	1.79625098491326	344	344	1	18100	KUALmet1
284	4.69914397958692	0.97872918409084	1.6637158469735	284	284	1	18100	KUUP1
1093	6.14960576833196	0.995770844157783	1.75786357538898	1134.03921568627	1127.87071132848	0.994972677595628	18300	ADALmet1
96	2.84250755707479	0.88123240467019	1.24552616839719	96	96.1757490833887	0.999945355191257	18300	ADUP3
384	5.24345958998883	0.990913141628594	1.76231710900149	384.857142857143	384.805026903177	0.999781420765027	18300	KUAL2
344	5.24380907732249	0.991395461196214	1.79562773576514	344.5	344.60880364178	0.99983606557377	18300	KUALmet1
284	4.69758516384878	0.978834918928603	1.66316395359519	284.2	284.37215568608	0.999890710382514	18300	KUUP1
1091	6.16867227621646	0.995876119795471	1.7637754315561	1130.53571428571	1119.66169393635	0.995567567567568	18500	ADALmet1
96	2.85753724273737	0.883174042366691	1.25211185600563	96	96.1626016260163	0.999945945945946	18500	ADUP3
385	5.24968759872777	0.99100315558802	1.76363951679654	385.090909090909	385.396402269672	0.999891891891892	18500	KUAL2
344	5.24282808007155	0.991392759678598	1.79529181471109	344.75	344.553173502306	0.999837837837838	18500	KUALmet1
284	4.70014616635222	0.978843699050402	1.66407066776858	284	284	1	18500	KUUP1
1086	6.14068877466916	0.995651537075696	1.75692802524065	1127.53409090909	1116.43426769216	0.995401069518717	18700	ADALmet1
96	2.8496445910389	0.882380199605365	1.24865346441613	96	96	1	18700	ADUP3
384	5.24818784411905	0.991005839457806	1.76390626650454	384.111111111111	384.371982333395	0.999893048128342	18700	KUAL2
344	5.24415620085775	0.991402053247162	1.79574660062816	344.25	344.343949988648	0.999893048128342	18700	KUALmet1
283	4.69992350768079	0.978764191140725	1.66503151757315	283	283	1	18700	KUUP1
1079	6.15706660140069	0.995820357772739	1.76324506665576	1106.11904761905	1100.63267016718	0.996402116402116	18900	ADALmet1
96	2.84801863868519	0.881770224797738	1.2479410067834	96	96	1	18900	ADUP3
384	5.25394994055403	0.991103664511072	1.76584289650175	384.083333333333	384.397173079933	0.99989417989418	18900	KUAL2
343	5.24055539624255	0.991344581618656	1.79540848748393	343	343	1	18900	KUALmet1
284	4.69657440929639	0.978757890316621	1.6628060994044	284.5	284.317204301075	0.99989417989418	18900	KUUP1
1086	6.14102335039137	0.995690008497574	1.75702375154831	1122.3125	1116.52530356305	0.995602094240838	19100	ADALmet1
96	2.84598217979103	0.88185374852663	1.24704867394255	96	96	1	19100	ADUP3
385	5.25348972954724	0.991066144020175	1.76491684769198	385.333333333333	385.602745445497	0.999842931937173	19100	KUAL2
344	5.24397452272218	0.991401644691757	1.79568438892396	344	344.188723962384	0.999947643979058	19100	KUALmet1
284	4.69817812588914	0.978713730435021	1.66337388977665	284	284	1	19100	KUUP1
1091	6.15601379234443	0.995757792155494	1.760156059047	1116.41379310345	1113.55459058779	0.996528497409326	19300	ADALmet1
96	2.84528242209477	0.882059786839915	1.24674205504895	96	96.168097405553	0.999948186528497	19300	ADUP3
385	5.25558560331576	0.991083744530055	1.7656209592664	385	385.177214953256	0.999948186528497	19300	KUAL2
344	5.24550991375742	0.991410040538001	1.79621015000478	344	344.162857142857	0.999948186528497	19300	KUALmet1
284	4.69390379693803	0.978614770866332	1.66186057823692	284	284	1	19300	KUUP1
1085	6.16093487737999	0.995828034188034	1.76295302569691	1118.36666666667	1113.07289713532	0.996	19500	ADALmet1
96	2.84612302767637	0.881598700854701	1.24711039048101	96	96.1771972789116	0.999948717948718	19500	ADUP3
385	5.25219244182881	0.991027655489809	1.76448102216106	385.333333333333	385.600493377197	0.999846153846154	19500	KUAL2
344	5.24688618729502	0.99144467061144	1.79668142477845	344	344.159961848562	0.999948717948718	19500	KUALmet1
284	4.69047890102844	0.978642666666667	1.66064800555905	284.2	284.361856424718	0.999897435897436	19500	KUUP1
1090	6.1632228618095	0.995851900332397	1.76244836307223	1122.93902439024	1115.42557967619	0.996243654822335	19700	ADALmet1
96	2.84367411905577	0.881202463346131	1.24603733096939	96	96	1	19700	ADUP3
385	5.24940002947633	0.990996057615502	1.76354290752482	385.142857142857	385.37799837932	0.99989847715736	19700	KUAL2
344	5.24816207280457	0.991460424128424	1.79711832386742	344	344.1642228739	0.99994923857868	19700	KUALmet1
284	4.69168075666758	0.978528207374578	1.66107351843572	284	284	1	19700	KUUP1
1082	6.15631113024905	0.995805676624328	1.76232808090173	1102.58139534884	1100.99896893647	0.996984924623116	19900	ADALmet1
96	2.85347718565176	0.882692083533244	1.25033282560948	96	96.1697816643804	0.999949748743719	19900	ADUP3
385	5.2575856204127	0.991119845458448	1.76629286766478	385	385	1	19900	KUAL2
344	5.24442309881231	0.991354061766117	1.79583799399561	345.5	344.522397670823	0.999849246231156	19900	KUALmet1
284	4.69615757277184	0.978718678821242	1.66265851985917	284	284	1	19900	KUUP1
