"","Mmp8","ident","split"
"Female_NTPH_GCTTTCGGTTCTTCAT-1",3.36730953957095,"PMN(3)","10X_ntph_F"
"Female_NTPH_GATGGAGGTCGCTTGG-1",2.07943589469812,"PMN(2)","10X_ntph_F"
"Female_NTPH_AGTCTCCAGTCTTCCC-1",3.40120101294627,"PMN(1)","10X_ntph_F"
"Female_NTPH_GGAGCAACAGGTCTCG-1",3.4012037102882,"PMN(1)","10X_ntph_F"
"Female_NTPH_ATGGATCCAGACACCC-1",2.30258913567728,"PMN(1)","10X_ntph_F"
"Female_NTPH_GGGAGTACAGATACCT-1",1.38629329987473,"PMN(1)","10X_ntph_F"
"Female_NTPH_TAACACGCATAACGGG-1",2.94445409438641,"PMN(1)","10X_ntph_F"
"Female_NTPH_TCGGGCACAGGTACGA-1",3.29583591941394,"PMN(0)","10X_ntph_F"
"Female_NTPH_AGCGATTGTGGAGGTT-1",2.77260890647692,"PMN(1)","10X_ntph_F"
"Female_NTPH_GGTAATCGTATTGACC-1",3.68887882697295,"PMN(0)","10X_ntph_F"
"Female_NTPH_TTTCAGTTCTCATGCC-1",2.94445202786298,"PMN(2)","10X_ntph_F"
"Female_NTPH_CACGAATGTCGATGCC-1",2.63908019606919,"PMN(1)","10X_ntph_F"
"Female_NTPH_TATTCCACACTGATTG-1",3.21886193626119,"PMN(5)","10X_ntph_F"
"Female_NTPH_TAGACTGAGTAAACGT-1",3.52635773672849,"PMN(1)","10X_ntph_F"
"Female_NTPH_GGAATGGAGAACAAGG-1",1.09861095545475,"PMN(0)","10X_ntph_F"
"Female_NTPH_AACGAAACAGCGTATT-1",2.70805656060619,"PMN(3)","10X_ntph_F"
"Female_NTPH_CTCCATGTCCATCTGC-1",3.13549137339994,"PMN(0)","10X_ntph_F"
"Female_NTPH_GGGCCATTCTCTGACC-1",2.89034519334196,"PMN(1)","10X_ntph_F"
"Female_NTPH_TCTCACGAGTTGGAAT-1",1.09858788399882,"PMN(1)","10X_ntph_F"
"Female_NTPH_GTCCCATCATCGGATT-1",2.83322654518967,"PMN(6)","10X_ntph_F"
"Female_NTPH_CAACAACGTGTCGCTG-1",2.99572920716805,"PMN(3)","10X_ntph_F"
"Female_NTPH_AGTTAGCGTATCAAGA-1",1.94589233597097,"PMN(3)","10X_ntph_F"
"Female_NTPH_TCATCCGGTTTACTTC-1",1.09861056949455,"PMN(0)","10X_ntph_F"
"Female_NTPH_AATTTCCCAGTCTTCC-1",2.07945368842683,"PMN(4)","10X_ntph_F"
"Female_NTPH_TGAGCGCAGACTGGGT-1",3.61093686457884,"PMN(2)","10X_ntph_F"
"Female_NTPH_CTAGGTACATCCGATA-1",3.29583256131301,"PMN(1)","10X_ntph_F"
"Female_NTPH_GTGGGAAGTTGCCGAC-1",0.693144607866118,"PMN(1)","10X_ntph_F"
"Female_NTPH_TCTCACGTCCTCTGCA-1",-1.76316308519478e-05,"PMN(6)","10X_ntph_F"
"Female_NTPH_TTACTGTTCTAGAACC-1",2.56495395843509,"PMN(2)","10X_ntph_F"
"Female_NTPH_ATCGCCTTCTGCCCTA-1",-6.39994875960119e-06,"PMN(0)","10X_ntph_F"
"Female_NTPH_TTCCGTGAGATGCGAC-1",3.33220906467644,"PMN(2)","10X_ntph_F"
"Female_NTPH_CCAATGACATCAGTGT-1",3.55535510986279,"PMN(1)","10X_ntph_F"
"Female_NTPH_AAGCGAGGTCATACCA-1",3.4965179125017,"PMN(0)","10X_ntph_F"
"Female_NTPH_AACGAAATCCTCACGT-1",1.94590405979156,"PMN(1)","10X_ntph_F"
"Female_NTPH_TCATTCAAGCGATGCA-1",5.0495512329797e-06,"PMN(7)","10X_ntph_F"
"Female_NTPH_ATTCCATTCCTAGCGG-1",1.94589297896852,"PMN(3)","10X_ntph_F"
"Female_NTPH_AGCTACATCGGTAAGG-1",2.89036391330608,"PMN(6)","10X_ntph_F"
"Female_NTPH_TGGTACAGTTCCGCAG-1",2.89036324882022,"PMN(3)","10X_ntph_F"
"Female_NTPH_TCTGTCGCACTCCCTA-1",0.693123038483446,"PMN(1)","10X_ntph_F"
"Female_NTPH_GGCTGTGGTCATCTAG-1",2.19722493856229,"PMN(1)","10X_ntph_F"
"Female_NTPH_GGGAGTATCGCGAAGA-1",3.2188778848542,"PMN(5)","10X_ntph_F"
"Female_NTPH_CGTCAAAAGTCTCCTC-1",2.56494574688855,"PMN(2)","10X_ntph_F"
"Female_NTPH_GTGTGGCCATGGAACG-1",7.58163235699517e-06,"PMN(0)","10X_ntph_F"
"Female_NTPH_GGGCGTTTCGTTAGAC-1",3.17804656329968,"PMN(0)","10X_ntph_F"
"Female_NTPH_TCAAGCATCCTTTAGT-1",3.25808285521104,"PMN(1)","10X_ntph_F"
"Female_NTPH_GGTTGTAGTAACCCTA-1",2.19722890551648,"PMN(3)","10X_ntph_F"
"Female_NTPH_TGAGACTTCATACGAC-1",1.09860417473635,"PMN(0)","10X_ntph_F"
"Female_NTPH_TGTTCCGTCATACAGC-1",1.60945235344672,"PMN(1)","10X_ntph_F"
"Female_NTPH_GTGAGCCCAACAGCTT-1",2.70804588664018,"PMN(2)","10X_ntph_F"
"Female_NTPH_GGGCTCAGTGCCGGTT-1",2.30259164947288,"PMN(5)","10X_ntph_F"
"Female_NTPH_TACCGGGTCCTGATAG-1",3.09104567261097,"PMN(0)","10X_ntph_F"
"Female_NTPH_GAATAGAGTAAGCTCT-1",0.693139342170537,"PMN(4)","10X_ntph_F"
"Female_NTPH_TTACCATGTAATACCC-1",1.57572751979198e-05,"PMN(0)","10X_ntph_F"
"Female_NTPH_GCCTGTTTCAAGCCTA-1",1.60944434142716,"PMN(1)","10X_ntph_F"
"Female_NTPH_CATGGATGTCAGCGTC-1",3.17805472795441,"PMN(6)","10X_ntph_F"
"Female_NTPH_ACGGTCGCACTAACGT-1",3.2958396315118,"PMN(5)","10X_ntph_F"
"Female_NTPH_ACCCAAACATGGCCCA-1",3.43399399737331,"PMN(2)","10X_ntph_F"
"Female_NTPH_TCCTCTTGTGCATCTA-1",1.79176036755692,"PMN(1)","10X_ntph_F"
"Female_NTPH_ATCGGATTCACCTCTG-1",1.60940798153327,"PMN(3)","10X_ntph_F"
"Female_NTPH_TCAAGTGAGGTTATAG-1",0.693150029389481,"PMN(0)","10X_ntph_F"
"Female_NTPH_ATACTTCAGCAACCAG-1",1.79175579688163,"PMN(1)","10X_ntph_F"
"Female_NTPH_CACCGTTCATTGCCGG-1",2.39789712510402,"PMN(1)","10X_ntph_F"
"Female_NTPH_ATCGGCGAGTAAAGCT-1",3.33221032841248,"PMN(3)","10X_ntph_F"
"Female_NTPH_CAGATACAGAGATTCA-1",1.09862628603638,"PMN(4)","10X_ntph_F"
"Female_NTPH_GTCAAACCATTCTTCA-1",1.09860501574752,"PMN(4)","10X_ntph_F"
"Female_NTPH_TACACCCAGTTTCGAC-1",3.63759918515271,"PMN(1)","10X_ntph_F"
"Female_NTPH_TTAGGCAGTGTGTTTG-1",3.40120074014335,"PMN(0)","10X_ntph_F"
"Female_NTPH_CCACCATAGCTGGTGA-1",3.04453282278441,"PMN(0)","10X_ntph_F"
"Female_NTPH_TCAGGGCTCAATCAGC-1",2.99574148083967,"PMN(1)","10X_ntph_F"
"Female_NTPH_GTAATGCAGGTCCGAA-1",3.29584407478596,"PMN(0)","10X_ntph_F"
"Female_NTPH_ACTTCGCAGGTCACTT-1",3.09103202216893,"PMN(3)","10X_ntph_F"
"Female_NTPH_TCCTAATGTCATACCA-1",1.38629345925602,"PMN(1)","10X_ntph_F"
"Female_NTPH_CAGGTATGTTATCTTC-1",2.94444521434806,"PMN(0)","10X_ntph_F"
"Female_NTPH_CAGATACAGCCTATTG-1",-9.53523357772344e-06,"PMN(7)","10X_ntph_F"
"Female_NTPH_TTGCATTTCCGAACGC-1",3.40119195337401,"PMN(5)","10X_ntph_F"
"Female_NTPH_TTACGCCTCCCTCTCC-1",3.49651337143146,"PMN(2)","10X_ntph_F"
"Female_NTPH_TTCCGGTCATCTTTCA-1",0.693154862347324,"PMN(1)","10X_ntph_F"
"Female_NTPH_TGCGGCATCATTGCGA-1",3.29584150368021,"PMN(1)","10X_ntph_F"
"Female_NTPH_TCCGTGTTCGGCATAT-1",2.83320448629324,"PMN(1)","10X_ntph_F"
"Female_NTPH_GAGACTTCATGCCGAC-1",3.52634952680717,"PMN(0)","10X_ntph_F"
"Female_NTPH_CATAAGCTCCATCTGC-1",1.79177459629815,"PMN(1)","10X_ntph_F"
"Female_NTPH_ATCAGGTGTACAGCGA-1",2.19722715655059,"PMN(1)","10X_ntph_F"
"Female_NTPH_CTATAGGTCAACGAGG-1",3.36729671438877,"PMN(2)","10X_ntph_F"
"Female_NTPH_AGAACAACATCAGCTA-1",3.40119617269678,"PMN(2)","10X_ntph_F"
"Female_NTPH_GCGTTTCCACATTACG-1",3.21886388157925,"PMN(6)","10X_ntph_F"
"Female_NTPH_AGTCACAAGGATTTGA-1",3.6109240326132,"PMN(1)","10X_ntph_F"
"Female_NTPH_TCAAGCATCAACACCA-1",0.693145009161488,"PMN(1)","10X_ntph_F"
"Female_NTPH_AGATCCAGTTCAAAGA-1",2.30258326542698,"PMN(1)","10X_ntph_F"
"Female_NTPH_GTGTCCTCATACTGTG-1",3.5835282719194,"PMN(2)","10X_ntph_F"
"Female_NTPH_AGTACTGGTTCACCGG-1",1.386302578851,"PMN(5)","10X_ntph_F"
"Female_NTPH_CTGCATCGTTGTCCCT-1",2.89038567905992,"PMN(0)","10X_ntph_F"
"Female_NTPH_TCATTACTCCGATCGG-1",2.07943677994061,"PMN(2)","10X_ntph_F"
"Female_NTPH_CAGCAATTCGTCTCAC-1",2.56495586094714,"PMN(2)","10X_ntph_F"
"Female_NTPH_TTGGGATCAGGCAATG-1",2.83322725516078,"PMN(0)","10X_ntph_F"
"Female_NTPH_TCCCAGTGTTAACAGA-1",2.39788416490958,"PMN(1)","10X_ntph_F"
"Female_NTPH_TGATGGTTCCTATTGT-1",1.79175086130219,"PMN(1)","10X_ntph_F"
"Female_NTPH_CGATGGCTCACTTTGT-1",1.38628304373308,"PMN(3)","10X_ntph_F"
"Female_NTPH_GTCTACCCACGTGTGC-1",-1.4592139995024e-05,"PMN(1)","10X_ntph_F"
"Female_NTPH_CATCCACTCCCTCTCC-1",1.38629516094542,"PMN(1)","10X_ntph_F"
"Female_NTPH_GCCAGCAAGGATGTTA-1",2.56495588950493,"PMN(2)","10X_ntph_F"
"Female_NTPH_GAAGAATTCAGTGTGT-1",3.13550622558291,"PMN(0)","10X_ntph_F"
"Female_NTPH_AATCGACGTAAGGTCG-1",3.04453288523429,"PMN(2)","10X_ntph_F"
"Female_NTPH_CTCAACCGTCCCTGTT-1",2.63904729752879,"PMN(1)","10X_ntph_F"
"Female_NTPH_GCAGGCTAGCGTCAAG-1",3.4965260462855,"PMN(0)","10X_ntph_F"
"Female_NTPH_ACTTCGCAGCGCCCAT-1",2.83320667632213,"PMN(3)","10X_ntph_F"
"Female_NTPH_CAGGTATTCATTACCT-1",2.77258977737791,"PMN(2)","10X_ntph_F"
"Female_NTPH_TAATCTCGTATGCTTG-1",2.77258449968096,"PMN(3)","10X_ntph_F"
"Female_NTPH_TGAGACTAGTTGGAGC-1",3.36729460648475,"PMN(3)","10X_ntph_F"
"Female_NTPH_GATGATCAGCCTAACT-1",3.09104433528866,"PMN(2)","10X_ntph_F"
"Female_NTPH_CTATAGGGTAGTTACC-1",0.693148372169525,"PMN(1)","10X_ntph_F"
"Female_NTPH_TCCGAAAGTCAAACGG-1",3.61091766171872,"PMN(0)","10X_ntph_F"
"Female_NTPH_GAGTCTATCTCCTGAC-1",3.17805491107522,"PMN(2)","10X_ntph_F"
"Female_NTPH_CCCTGATGTCGGCCTA-1",3.17804897599559,"PMN(3)","10X_ntph_F"
"Female_NTPH_TCGCACTGTGGTAATA-1",-5.04217130687904e-06,"PMN(4)","10X_ntph_F"
"Female_NTPH_ACCAAACCAGCGTACC-1",3.46571929180893,"PMN(2)","10X_ntph_F"
"Female_NTPH_GGAATCTGTAGTTAGA-1",0.693143357222677,"PMN(4)","10X_ntph_F"
"Female_NTPH_AGACACTCATGACACT-1",2.63905220311268,"PMN(3)","10X_ntph_F"
"Female_NTPH_CAAGACTCAAGGGTCA-1",3.55537508039942,"PMN(2)","10X_ntph_F"
"Female_NTPH_AGCCACGTCGGCTGTG-1",2.30257147183173,"PMN(5)","10X_ntph_F"
"Female_NTPH_TTTGACTAGTACCATC-1",1.79176084179024,"PMN(3)","10X_ntph_F"
"Female_NTPH_GTAACACGTATGCTAC-1",1.79174453297738,"PMN(1)","10X_ntph_F"
"Female_NTPH_AGTCATGGTTGAATCC-1",2.99571756919658,"PMN(0)","10X_ntph_F"
"Female_NTPH_TCTTAGTGTAGTCCTA-1",3.04452368474728,"PMN(5)","10X_ntph_F"
"Female_NTPH_AAGCATCTCCAGCCTT-1",2.89036179150482,"PMN(5)","10X_ntph_F"
"Female_NTPH_CATCGCTGTTCAGCTA-1",3.63758614150024,"PMN(0)","10X_ntph_F"
"Female_NTPH_AGATGCTAGTTGCCTA-1",3.46573162021091,"PMN(2)","10X_ntph_F"
"Female_NTPH_ACTGTCCTCGCCAGTG-1",3.55534192477335,"PMN(2)","10X_ntph_F"
"Female_NTPH_ATCGTAGGTAGCGAGT-1",0.693126933781491,"PMN(4)","10X_ntph_F"
"Female_NTPH_ATCGTAGCATGAAGGC-1",2.63904508213575,"PMN(3)","10X_ntph_F"
"Female_NTPH_CACTGGGTCACGACTA-1",0.693148975724357,"PMN(4)","10X_ntph_F"
"Female_NTPH_AACAACCGTCCAGAAG-1",3.36730150619242,"PMN(1)","10X_ntph_F"
"Female_NTPH_CAGGCCACACTCACTC-1",1.79175454045452,"PMN(1)","10X_ntph_F"
"Female_NTPH_TATCGCCAGCATCAAA-1",3.66356164675849,"PMN(0)","10X_ntph_F"
"Female_NTPH_TGTTACTAGGCTGTAG-1",3.55535929038585,"PMN(2)","10X_ntph_F"
"Female_NTPH_AATAGAGCAATTCTTC-1",2.19723897589365,"PMN(1)","10X_ntph_F"
"Female_NTPH_GTTCATTAGCAGTAAT-1",1.79174849809037,"PMN(3)","10X_ntph_F"
"Female_NTPH_CATCGGGCATGAGGGT-1",-1.17319560250177e-06,"PMN(0)","10X_ntph_F"
"Female_NTPH_CTCCCTCGTGTATACC-1",1.2014984009197e-05,"PMN(4)","10X_ntph_F"
"Female_NTPH_TGAACGTCATGCTGCG-1",1.60943321513829,"PMN(3)","10X_ntph_F"
"Female_NTPH_TTAGTCTTCCCATTTA-1",1.60943738773925,"PMN(4)","10X_ntph_F"
"Female_NTPH_CTATCTACACGCGTCA-1",0.693146319486963,"PMN(4)","10X_ntph_F"
"Female_NTPH_ACGGTCGCAGTCACGC-1",-8.87679017906432e-06,"PMN(0)","10X_ntph_F"
"Female_NTPH_TGAATCGTCGAGCCAC-1",3.33220006333516,"PMN(0)","10X_ntph_F"
"Female_NTPH_TACCTCGGTGAGACCA-1",3.40119708721336,"PMN(4)","10X_ntph_F"
"Female_NTPH_CGGAATTAGTTCCTGA-1",3.09103831466983,"PMN(3)","10X_ntph_F"
"Female_NTPH_TGTGGCGGTTTAAGGA-1",3.13550534978938,"PMN(3)","10X_ntph_F"
"Female_NTPH_GTCCACTGTGGACCAA-1",0.693142370631529,"PMN(1)","10X_ntph_F"
"Female_NTPH_AAGCGAGGTACAGTAA-1",1.09860795697778,"PMN(1)","10X_ntph_F"
"Female_NTPH_ACCTACCAGGCCACTC-1",1.09861925729388,"PMN(4)","10X_ntph_F"
"Female_NTPH_ATAGACCGTCTTTCAT-1",3.33219394649107,"PMN(1)","10X_ntph_F"
"Female_NTPH_TTGTGTTGTTTCGGCG-1",1.7917590622433,"PMN(3)","10X_ntph_F"
"Female_NTPH_TCAAGCAAGGCCCACT-1",3.82862588104087,"PMN(0)","10X_ntph_F"
"Female_NTPH_GAACTGTGTTGCCGAC-1",1.94592182075081,"PMN(1)","10X_ntph_F"
"Female_NTPH_TGCAGTATCCCAGGAC-1",0.693144444102932,"PMN(1)","10X_ntph_F"
"Female_NTPH_GAGTGAGTCAGGTGTT-1",3.4339825260319,"PMN(0)","10X_ntph_F"
"Female_NTPH_GTTGTAGTCGCAGTCG-1",2.63904494709198,"PMN(2)","10X_ntph_F"
"Female_NTPH_ATTTCTGGTTGGATCT-1",1.38629428349955,"PMN(1)","10X_ntph_F"
"Female_NTPH_CCAATGAGTCCATACA-1",3.58351093563433,"PMN(2)","10X_ntph_F"
"Female_NTPH_AGCGTCGCATTGAGGG-1",3.04451710280012,"PMN(6)","10X_ntph_F"
"Female_NTPH_GTACAGTAGTTGTACC-1",2.63907020636771,"PMN(1)","10X_ntph_F"
"Female_NTPH_GTAGGTTGTATGTCTG-1",2.39789351753967,"PMN(1)","10X_ntph_F"
"Female_NTPH_TACTGCCCATGACTCA-1",3.73765890045953,"PMN(0)","10X_ntph_F"
"Female_NTPH_TCCTAATGTCGTGCCA-1",2.63905896168408,"PMN(3)","10X_ntph_F"
"Female_NTPH_TTCCTCTTCATTCACT-1",-3.6273841562795e-06,"PMN(4)","10X_ntph_F"
"Female_NTPH_GTGTGGCAGGCACTCC-1",5.90013547987339e-06,"PMN(4)","10X_ntph_F"
"Female_NTPH_GCTTTCGCACTTTATC-1",1.60945223665338,"PMN(3)","10X_ntph_F"
"Female_NTPH_CGTTAGACATCGATAC-1",3.93181570579921,"PMN(0)","10X_ntph_F"
"Female_NTPH_CATGGATAGTAGCCAG-1",3.85015214821303,"PMN(3)","10X_ntph_F"
"Female_NTPH_CAGATTGCACAAAGTA-1",3.25809738700207,"PMN(6)","10X_ntph_F"
"Female_NTPH_TACGGTAGTCAAAGAT-1",3.09105140901414,"PMN(5)","10X_ntph_F"
"Female_NTPH_CAGAGCCAGTGGTCAG-1",2.70804790332082,"PMN(5)","10X_ntph_F"
"Female_NTPH_CAACCTCGTTAGAGAT-1",2.30259345918473,"PMN(0)","10X_ntph_F"
"Female_NTPH_CTGTACCAGTAGGCCA-1",2.94442152860783,"PMN(1)","10X_ntph_F"
"Female_NTPH_GTTGTGACATGATAGA-1",3.13551111051836,"PMN(0)","10X_ntph_F"
"Female_NTPH_GTCGCGACATGGCACC-1",2.30259374077383,"PMN(2)","10X_ntph_F"
"Female_NTPH_GATAGCTAGAATTGCA-1",2.63905582185537,"PMN(2)","10X_ntph_F"
"Female_NTPH_AGATAGAGTCCAGAAG-1",2.39788078272707,"PMN(3)","10X_ntph_F"
"Female_NTPH_AGAACAAGTTCCGTTC-1",0.693153610646946,"PMN(1)","10X_ntph_F"
"Female_NTPH_AAAGGATCAGTCGCTG-1",2.83321817599485,"PMN(3)","10X_ntph_F"
"Female_NTPH_CTAAGTGTCATGCAGT-1",3.09104238980205,"PMN(2)","10X_ntph_F"
"Female_NTPH_AACCTGAAGATGACCG-1",2.56495087202047,"PMN(0)","10X_ntph_F"
"Female_NTPH_GTAGAGGCAGGTGTGA-1",3.09103661226861,"PMN(2)","10X_ntph_F"
"Female_NTPH_TGGATGTCAACGATTC-1",1.60944160050143,"PMN(3)","10X_ntph_F"
"Female_NTPH_GTGCTTCTCTTGAGCA-1",3.73767256482677,"PMN(2)","10X_ntph_F"
"Female_NTPH_GAAGAATTCATTGCCC-1",1.60943511984037,"PMN(1)","10X_ntph_F"
"Female_NTPH_GAAATGAAGCGTATGG-1",1.79174610686151,"PMN(2)","10X_ntph_F"
"Female_NTPH_ATTACCTCATGCAGGA-1",0.69315418804813,"PMN(1)","10X_ntph_F"
"Female_NTPH_ATCACGAAGAGCCGTA-1",3.33221005214143,"PMN(0)","10X_ntph_F"
"Female_NTPH_CGTAATGTCACCACAA-1",2.99572391048806,"PMN(0)","10X_ntph_F"
"Female_NTPH_TCTTGCGCATCTCCCA-1",3.6109019667626,"PMN(1)","10X_ntph_F"
"Female_NTPH_TAACACGGTGCCTTCT-1",3.17805587993375,"PMN(2)","10X_ntph_F"
"Female_NTPH_TAAGTCGCACGCTTAA-1",1.09860883778833,"PMN(4)","10X_ntph_F"
"Female_NTPH_GGATCTACAACCAACT-1",1.94591267517235,"PMN(0)","10X_ntph_F"
"Female_NTPH_GCACGTGCAGAGGACT-1",0.69313424053529,"PMN(1)","10X_ntph_F"
"Female_NTPH_GTTGTAGGTAACATCC-1",2.70804060939777,"PMN(1)","10X_ntph_F"
"Female_NTPH_CCTGCATTCCGTGGGT-1",3.29584772375287,"PMN(5)","10X_ntph_F"
"Female_NTPH_GGAGATGCAGCTATTG-1",2.83321738180526,"PMN(2)","10X_ntph_F"
"Female_NTPH_TGGGTTATCGTGGGTC-1",0.693153045435313,"PMN(1)","10X_ntph_F"
"Female_NTPH_TCCTCCCAGTGTACCT-1",3.49652571375094,"PMN(0)","10X_ntph_F"
"Female_NTPH_ACAAAGATCTATGCCC-1",3.17805511856223,"PMN(0)","10X_ntph_F"
"Female_NTPH_CCTAACCAGCGCATCC-1",1.79173945993568,"PMN(1)","10X_ntph_F"
"Female_NTPH_TGCTTGCTCCAGTTCC-1",2.48490998755997,"PMN(1)","10X_ntph_F"
"Female_NTPH_GAAATGATCCGCTGTT-1",3.33221622342648,"PMN(2)","10X_ntph_F"
"Female_NTPH_CACCGTTGTAAGCTCT-1",2.7726093176322,"PMN(5)","10X_ntph_F"
"Female_NTPH_GAGTGAGGTTGTTTGG-1",2.19721080872024,"PMN(5)","10X_ntph_F"
"Female_NTPH_GGGACCTTCTTCGGAA-1",3.25808502946583,"PMN(0)","10X_ntph_F"
"Female_NTPH_AGGAAATAGAGTCACG-1",3.55534100327547,"PMN(5)","10X_ntph_F"
"Female_NTPH_CCACACTGTCCTGAAT-1",1.60942737187628,"PMN(5)","10X_ntph_F"
"Female_NTPH_GAAACCTTCATACAGC-1",3.25809008058425,"PMN(0)","10X_ntph_F"
"Female_NTPH_ATGCATGCACCTGCGA-1",3.17805197656827,"PMN(1)","10X_ntph_F"
"Female_NTPH_GTGCTTCTCCACAGGC-1",2.89035974567566,"PMN(3)","10X_ntph_F"
"Female_NTPH_GATCAGTGTAGGCAGT-1",3.17807420006962,"PMN(2)","10X_ntph_F"
"Female_NTPH_TTAGGGTTCATTCCTA-1",3.58352001620356,"PMN(5)","10X_ntph_F"
"Female_NTPH_AGGCTGCAGCAGCGAT-1",3.09104161227731,"PMN(0)","10X_ntph_F"
"Female_NTPH_GTCTTTATCTATCGCC-1",1.79176442542447,"PMN(5)","10X_ntph_F"
"Female_NTPH_TTGCTGCCAAGAGTAT-1",2.83321371820808,"PMN(1)","10X_ntph_F"
"Female_NTPH_CAACGATCAAGGAGTC-1",3.09104113247795,"PMN(1)","10X_ntph_F"
"Female_NTPH_GAAGCCCGTATGCTAC-1",3.43400197235938,"PMN(0)","10X_ntph_F"
"Female_NTPH_GAGGCCTGTCTCGCGA-1",0.693145010257844,"PMN(4)","10X_ntph_F"
"Female_NTPH_CAACGATGTAGCCAGA-1",3.21886298884616,"PMN(0)","10X_ntph_F"
"Female_NTPH_TTCTCTCCACGCAAAG-1",3.29584072268323,"PMN(1)","10X_ntph_F"
"Female_NTPH_GACCCAGTCGGTGCAC-1",2.39789175766964,"PMN(2)","10X_ntph_F"
"Female_NTPH_TCAGTCCCAAAGGATT-1",3.36729061202554,"PMN(0)","10X_ntph_F"
"Female_NTPH_GAGACTTGTTTACCAG-1",0.693136499247938,"PMN(4)","10X_ntph_F"
"Female_NTPH_TCTCCGAGTGCGAGTA-1",3.43399148814418,"PMN(2)","10X_ntph_F"
"Female_NTPH_ATTCTACAGGGCCAAT-1",3.04452069754108,"PMN(2)","10X_ntph_F"
"Female_NTPH_AGGATAAAGTGGACGT-1",3.66356680280693,"PMN(5)","10X_ntph_F"
"Female_NTPH_ACTACGAGTTCCGCTT-1",3.49650521781371,"PMN(1)","10X_ntph_F"
"Female_NTPH_ATACCTTCAGACCAAG-1",1.60943132739984,"PMN(5)","10X_ntph_F"
"Female_NTPH_GATGCTATCATGCATG-1",3.49652006383252,"PMN(0)","10X_ntph_F"
"Female_NTPH_GACGCTGTCCAATCCC-1",2.07943882404268,"PMN(2)","10X_ntph_F"
"Female_NTPH_ACAGAAAGTGCGCTCA-1",3.87121049042785,"PMN(2)","10X_ntph_F"
"Female_NTPH_TCAATCTCAGGCACAA-1",1.09860027284381,"PMN(1)","10X_ntph_F"
"Female_NTPH_TCGCTTGGTCCGGCAT-1",2.77258406107882,"PMN(2)","10X_ntph_F"
"Female_NTPH_GACCAATTCCGTAATG-1",2.94443628565249,"PMN(2)","10X_ntph_F"
"Female_NTPH_GTTACCCGTATAGCTC-1",2.83320943440213,"PMN(3)","10X_ntph_F"
"Female_NTPH_CTCCAACCACAACCGC-1",3.2581100250916,"PMN(5)","10X_ntph_F"
"Female_NTPH_TCATGCCTCTACCTTA-1",1.0986120610211,"PMN(1)","10X_ntph_F"
"Female_NTPH_CTCGAGGCAATGGCCC-1",2.30258753525256,"PMN(5)","10X_ntph_F"
"Female_NTPH_TCCTCCCCAGTAGAAT-1",2.99572284983691,"PMN(2)","10X_ntph_F"
"Female_NTPH_CATCGCTCAGCGACAA-1",-7.29217276509574e-06,"PMN(7)","10X_ntph_F"
"Female_NTPH_AAGCGAGCAGGTGACA-1",1.0986222693572,"PMN(4)","10X_ntph_F"
"Female_NTPH_TGTAGACGTTGCACGC-1",2.99574485837064,"PMN(0)","10X_ntph_F"
"Female_NTPH_GGGACTCGTGAATTAG-1",1.9459226376922,"PMN(1)","10X_ntph_F"
"Female_NTPH_CATTCCGCACATGACT-1",3.04450863135293,"PMN(1)","10X_ntph_F"
"Female_NTPH_AATCACGGTACCAGAG-1",3.91204350503508,"PMN(5)","10X_ntph_F"
"Female_NTPH_AAATGGAGTAACATCC-1",1.09862245739641,"PMN(5)","10X_ntph_F"
"Female_NTPH_CATCCACTCTAGTTCT-1",2.70804993392757,"PMN(5)","10X_ntph_F"
"Female_NTPH_CTAAGTGTCGTTAGAC-1",2.70805723718,"PMN(0)","10X_ntph_F"
"Female_NTPH_TGCGACGGTATGTCTG-1",2.94442926531415,"PMN(5)","10X_ntph_F"
"Female_NTPH_TTTACTGGTGAGTCAG-1",1.38628339955748,"PMN(4)","10X_ntph_F"
"Female_NTPH_GGGCCATGTGGACTGA-1",2.89037224840067,"PMN(2)","10X_ntph_F"
"Female_NTPH_GCCAACGTCCTATGGA-1",1.09860030370954,"PMN(3)","10X_ntph_F"
"Female_NTPH_CGGAGAATCTGGAGAG-1",2.30258699318403,"PMN(3)","10X_ntph_F"
"Female_NTPH_TTTGTTGTCTGGGCGT-1",2.07945451873883,"PMN(3)","10X_ntph_F"
"Female_NTPH_TGCATGAGTTCAAAGA-1",2.19721423859899,"PMN(4)","10X_ntph_F"
"Female_NTPH_TGATCAGGTCACCTTC-1",1.09860490426057,"PMN(1)","10X_ntph_F"
"Female_NTPH_AGGAAATTCGACGCGT-1",3.04452290336282,"PMN(0)","10X_ntph_F"
"Female_NTPH_GTGTGGCTCCATGAGT-1",2.39788509683717,"PMN(2)","10X_ntph_F"
"Female_NTPH_AATAGAGTCCCGGTAG-1",3.09103862051872,"PMN(2)","10X_ntph_F"
"Female_NTPH_GCATCGGTCTGTAAGC-1",0.693155908114062,"PMN(3)","10X_ntph_F"
"Female_NTPH_GGGTATTCATCGCTAA-1",3.4012070771123,"PMN(3)","10X_ntph_F"
"Female_NTPH_GGTGAAGCAGCAAGAC-1",0.693151019026596,"PMN(4)","10X_ntph_F"
"Female_NTPH_TCACTCGCAAACGTGG-1",2.19720606177959,"PMN(5)","10X_ntph_F"
"Female_NTPH_GAGACTTCAAGGATGC-1",3.17805329038058,"PMN(0)","10X_ntph_F"
"Female_NTPH_AGTGATCAGCCAACCC-1",2.30259574072619,"PMN(3)","10X_ntph_F"
"Female_NTPH_AGGTCTACACATCATG-1",2.94444711111681,"PMN(0)","10X_ntph_F"
"Female_NTPH_ATTCGTTGTTAAGGGC-1",-1.90816474104282e-06,"PMN(7)","10X_ntph_F"
"Female_NTPH_GCTTGGGCATTCAGCA-1",2.83318634475813,"PMN(3)","10X_ntph_F"
"Female_NTPH_ATGCGATAGAGCTGCA-1",0.693147790226333,"PMN(4)","10X_ntph_F"
"Female_NTPH_CACTGGGCACTCCCTA-1",5.73751697483578e-06,"PMN(1)","10X_ntph_F"
"Female_NTPH_AGCATCAAGGGCATGT-1",2.77258918027558,"PMN(2)","10X_ntph_F"
"Female_NTPH_GCCTGTTAGGAAGAAC-1",2.19722615146162,"PMN(3)","10X_ntph_F"
"Female_NTPH_CAGGCCAAGTCGAGGT-1",3.55535237714314,"PMN(3)","10X_ntph_F"
"Female_NTPH_TCAGTTTTCAAACGTC-1",3.13549025043179,"PMN(2)","10X_ntph_F"
"Female_NTPH_TATTCCAAGAGCAGCT-1",3.25810963780374,"PMN(0)","10X_ntph_F"
"Female_NTPH_GATGACTCAGTTCACA-1",1.94591485298931,"PMN(4)","10X_ntph_F"
"Female_NTPH_GTGACGCGTATGCGGA-1",3.40118495495945,"PMN(0)","10X_ntph_F"
"Female_NTPH_TTGCATTCAATCAGCT-1",3.13550803168371,"PMN(5)","10X_ntph_F"
"Female_NTPH_CGCCATTCAACTCGAT-1",1.79177151381743,"PMN(0)","10X_ntph_F"
"Female_NTPH_TGTAGACCAGTTGCGC-1",2.56495759820117,"PMN(5)","10X_ntph_F"
"Female_NTPH_TGATTCTGTGGATCGA-1",2.70803357480819,"PMN(6)","10X_ntph_F"
"Female_NTPH_GTAAGTCGTCACCACG-1",2.70804450803877,"PMN(2)","10X_ntph_F"
"Female_NTPH_GCGGATCGTCTTCGAA-1",1.09861864380628,"PMN(4)","10X_ntph_F"
"Female_NTPH_GTGAGCCAGAACCCGA-1",3.66356208334972,"PMN(0)","10X_ntph_F"
"Female_NTPH_GACCCAGCATGGCTGC-1",2.99573575367703,"PMN(0)","10X_ntph_F"
"Female_NTPH_GGAATGGGTGATCGTT-1",2.45959354887041e-05,"PMN(6)","10X_ntph_F"
"Female_NTPH_GTCTAGATCCATTCGC-1",3.04451425392018,"PMN(0)","10X_ntph_F"
"Female_NTPH_TGAGGGAGTTCGGCTG-1",2.3025639609929,"PMN(3)","10X_ntph_F"
"Female_NTPH_TTCCTCTAGCCGATAG-1",1.94591288600804,"PMN(5)","10X_ntph_F"
"Female_NTPH_TGATTCTTCTTGAGCA-1",3.36728895401806,"PMN(0)","10X_ntph_F"
"Female_NTPH_CTGCCATGTGGCGCTT-1",2.63906179002579,"PMN(2)","10X_ntph_F"
"Female_NTPH_AAGCATCTCTTAATCC-1",3.6888713302667,"PMN(2)","10X_ntph_F"
"Female_NTPH_AGCGATTAGCAAATCA-1",3.29585898655913,"PMN(0)","10X_ntph_F"
"Female_NTPH_GCCAGTGGTGCTGATT-1",2.48490541272828,"PMN(6)","10X_ntph_F"
"Female_NTPH_ATGTCTTTCCGCCTAT-1",1.09860751531305,"PMN(1)","10X_ntph_F"
"Female_NTPH_CTCAACCGTTCCATTT-1",3.25809487540657,"PMN(6)","10X_ntph_F"
"Female_NTPH_ATTATCCAGTACTGTC-1",2.19723320297006,"PMN(1)","10X_ntph_F"
"Female_NTPH_CGGGACTCAATAGAGT-1",3.04452341112827,"PMN(1)","10X_ntph_F"
"Female_NTPH_CCTCACATCAGGTGTT-1",3.43397094831775,"PMN(0)","10X_ntph_F"
"Female_NTPH_TTCTTGAAGTGGGAAA-1",2.89037171168849,"PMN(1)","10X_ntph_F"
"Female_NTPH_GGATGTTAGACCATTC-1",2.1972321797579,"PMN(5)","10X_ntph_F"
"Female_NTPH_AACCTTTCACCGTACG-1",2.30258548290317,"PMN(1)","10X_ntph_F"
"Female_NTPH_AATGACCCAGTCCGTG-1",2.56495670818295,"PMN(2)","10X_ntph_F"
"Female_NTPH_TGGCGTGCACCCAACG-1",3.66356018140338,"PMN(2)","10X_ntph_F"
"Female_NTPH_AACGAAACAGTCTGGC-1",3.36729525111312,"PMN(2)","10X_ntph_F"
"Female_NTPH_GAGGGTAGTGCGACAA-1",0.693152004254606,"PMN(4)","10X_ntph_F"
"Female_NTPH_TAACGACAGCAGTCTT-1",3.09105238279468,"PMN(2)","10X_ntph_F"
"Female_NTPH_TTCGATTCACTTTAGG-1",3.09102998940334,"PMN(0)","10X_ntph_F"
"Female_NTPH_CGTTGGGCAGAACTAA-1",3.46573556792448,"PMN(6)","10X_ntph_F"
"Female_NTPH_ACTTTCAGTGCAGTGA-1",-7.09621812499963e-07,"PMN(5)","10X_ntph_F"
"Female_NTPH_GGACGTCCAGAGGTAC-1",3.36728824077994,"PMN(2)","10X_ntph_F"
"Female_NTPH_AGGCCACCAGTATACC-1",3.17804348675434,"PMN(0)","10X_ntph_F"
"Female_NTPH_ACGCACGAGTGTAGAT-1",1.79175316190852,"PMN(1)","10X_ntph_F"
"Female_NTPH_GAAGCGACACCAGGTC-1",3.29584273408153,"PMN(3)","10X_ntph_F"
"Female_NTPH_CAATACGGTAGGAGGG-1",0.693143017333383,"PMN(3)","10X_ntph_F"
"Female_NTPH_AAGCATCGTAGTCTGT-1",2.39788742392028,"PMN(2)","10X_ntph_F"
"Female_NTPH_AGGGTTTCATCGGTTA-1",3.55534969565261,"PMN(2)","10X_ntph_F"
"Female_NTPH_GCATTAGGTGCACAAG-1",3.33219214303285,"PMN(0)","10X_ntph_F"
"Female_NTPH_ACGGTCGCAGGTCAAG-1",3.21888628360596,"PMN(0)","10X_ntph_F"
"Female_NTPH_TGATTCTGTGGTCAAG-1",3.43398235853098,"PMN(2)","10X_ntph_F"
"Female_NTPH_ATCTCTACACACAGAG-1",3.40119927295027,"PMN(0)","10X_ntph_F"
"Female_NTPH_CGCAGGTCAGTCAGAG-1",2.7725892323031,"PMN(0)","10X_ntph_F"
"Female_NTPH_AGCCACGTCCCACAGG-1",2.83321334164953,"PMN(2)","10X_ntph_F"
"Female_NTPH_GTCGCGATCGTGAGAG-1",1.38631245494031,"PMN(1)","10X_ntph_F"
"Female_NTPH_CTGTGGGAGACGCCCT-1",3.04451418444385,"PMN(0)","10X_ntph_F"
"Female_NTPH_GAACTGTCATCAACCA-1",1.14547045222799e-05,"PMN(4)","10X_ntph_F"
"Female_NTPH_ACTTTGTAGAAGCGGG-1",0.693147496291821,"PMN(0)","10X_ntph_F"
"Female_NTPH_CATTGCCAGGATATAC-1",-8.3520580530672e-06,"PMN(3)","10X_ntph_F"
"Female_NTPH_GCAGCTGCAAAGTGTA-1",3.36729514234998,"PMN(6)","10X_ntph_F"
"Female_NTPH_CGTTAGAGTCCCACGA-1",3.61092538036109,"PMN(6)","10X_ntph_F"
"Female_NTPH_TGAACGTTCATCACTT-1",2.99572801836665,"PMN(0)","10X_ntph_F"
"Female_NTPH_ACTTATCTCTGTCCCA-1",3.55534034066706,"PMN(6)","10X_ntph_F"
"Female_NTPH_GGGAAGTGTGTGACCC-1",1.38629588876096,"PMN(1)","10X_ntph_F"
"Female_NTPH_GCATCGGGTGCCTATA-1",3.1355041018976,"PMN(2)","10X_ntph_F"
"Female_NTPH_AGGACTTAGCAGGCAT-1",2.99573153897064,"PMN(5)","10X_ntph_F"
"Female_NTPH_AGTAGTCCACACTGGC-1",2.9444251089009,"PMN(1)","10X_ntph_F"
"Female_NTPH_ACAAAGAAGGTGCCAA-1",3.71355899994526,"PMN(0)","10X_ntph_F"
"Female_NTPH_AATTCCTCAGTACTAC-1",3.1354865319759,"PMN(0)","10X_ntph_F"
"Female_NTPH_GTCGCGAGTTCCAAAC-1",3.1354889448479,"PMN(5)","10X_ntph_F"
"Female_NTPH_TGACGCGAGAATCCCT-1",2.3025848787234,"PMN(1)","10X_ntph_F"
"Female_NTPH_CTCACTGGTCTACTGA-1",1.60944461741481,"PMN(1)","10X_ntph_F"
"Female_NTPH_TTGTGTTGTCACCGCA-1",0.69314283438956,"PMN(2)","10X_ntph_F"
"Female_NTPH_CGCATGGTCTGACCCT-1",1.94589901025748,"PMN(0)","10X_ntph_F"
"Female_NTPH_CCGAACGAGGATCACG-1",3.36730190104642,"PMN(1)","10X_ntph_F"
"Female_NTPH_TACTTACAGGTAGATT-1",2.94444173373613,"PMN(0)","10X_ntph_F"
"Female_NTPH_CTCCTCCGTCATCGGC-1",2.89038333136686,"PMN(1)","10X_ntph_F"
"Female_NTPH_CCCGAAGAGTTTCGAC-1",3.04450561291483,"PMN(0)","10X_ntph_F"
"Female_NTPH_GCGATCGTCGAGATAA-1",2.48490752297889,"PMN(0)","10X_ntph_F"
"Female_NTPH_GTTACAGCAAACTAGA-1",0.693160714178885,"PMN(4)","10X_ntph_F"
"Female_NTPH_AGCTCAATCTGAATCG-1",2.77259596397779,"PMN(0)","10X_ntph_F"
"Female_NTPH_ATGGTTGGTCTACGAT-1",3.13548589040089,"PMN(3)","10X_ntph_F"
"Female_NTPH_TCTCCGAAGGCATGGT-1",3.40120470694702,"PMN(2)","10X_ntph_F"
"Female_NTPH_GCATCGGGTCCGATCG-1",2.83320462478752,"PMN(6)","10X_ntph_F"
"Female_NTPH_TGGTAGTTCTCTTAAC-1",3.40119284768704,"PMN(1)","10X_ntph_F"
"Female_NTPH_ACATTTCCAGCAAGAC-1",3.49651943680927,"PMN(2)","10X_ntph_F"
"Female_NTPH_TCCATGCGTGCGAACA-1",3.61091501119111,"PMN(0)","10X_ntph_F"
"Female_NTPH_GCATCGGCAACCGTGC-1",2.70805848656366,"PMN(3)","10X_ntph_F"
"Female_NTPH_GGCTTTCTCCATTCGC-1",2.9957293612769,"PMN(6)","10X_ntph_F"
"Female_NTPH_CATTCATGTTTCGTAG-1",2.70803443747816,"PMN(6)","10X_ntph_F"
"Female_NTPH_CATACAGGTATGGAAT-1",2.70804171294524,"PMN(0)","10X_ntph_F"
"Female_NTPH_TCCGATCCAACCTAAC-1",0.693136295361326,"PMN(4)","10X_ntph_F"
"Female_NTPH_ATCGTAGTCGTCTAAG-1",2.63905248670955,"PMN(1)","10X_ntph_F"
"Female_NTPH_ATTCCCGTCCGGTAAT-1",2.83320998094413,"PMN(3)","10X_ntph_F"
"Female_NTPH_GGAGCAAGTAGGATAT-1",1.38629282754098,"PMN(1)","10X_ntph_F"
"Female_NTPH_CTACGGGTCTCCCAAC-1",1.09860985619582,"PMN(5)","10X_ntph_F"
"Female_NTPH_TGGAGGATCGAATCCA-1",2.39791419481879,"PMN(1)","10X_ntph_F"
"Female_NTPH_CGCCAGACAATTGGTC-1",3.33219065019183,"PMN(2)","10X_ntph_F"
"Female_NTPH_TTACGCCTCTTCGTAT-1",2.30258094475104,"PMN(3)","10X_ntph_F"
"Female_NTPH_GCCAGTGTCCTCAGGG-1",2.48491014060328,"PMN(5)","10X_ntph_F"
"Female_NTPH_CCTTCAGCACAGCCAC-1",3.80667877419298,"PMN(6)","10X_ntph_F"
"Female_NTPH_CATGAGTCAGTTTGGT-1",1.38629524633885,"PMN(0)","10X_ntph_F"
"Female_NTPH_GGAGGATGTCGTACTA-1",1.9459225405624,"PMN(0)","10X_ntph_F"
"Female_NTPH_GTCATGAAGGATTCAA-1",3.25808009246612,"PMN(0)","10X_ntph_F"
"Female_NTPH_ATTCAGGTCGATTCCC-1",3.4340016680504,"PMN(0)","10X_ntph_F"
"Female_NTPH_GTGTTAGGTAAGTTGA-1",2.63905042401354,"PMN(5)","10X_ntph_F"
"Female_NTPH_ACTATGGCAACCAGAG-1",3.29583410169347,"PMN(2)","10X_ntph_F"
"Female_NTPH_TCATGTTGTGAATTAG-1",2.39788417861077,"PMN(5)","10X_ntph_F"
"Female_NTPH_AATTCCTGTCTAGGTT-1",2.48490798848116,"PMN(1)","10X_ntph_F"
"Female_NTPH_GCGTGCACAGCAGACA-1",2.7726065756303,"PMN(2)","10X_ntph_F"
"Female_NTPH_ATGAAAGCAAGACCTT-1",3.36732005162003,"PMN(0)","10X_ntph_F"
"Female_NTPH_AGGGTCCTCTTTCCAA-1",2.07943077339081,"PMN(1)","10X_ntph_F"
"Female_NTPH_CAGTGCGAGTCAACAA-1",3.61092277205533,"PMN(6)","10X_ntph_F"
"Female_NTPH_TCCTCTTTCATGCCAA-1",1.9459240342727,"PMN(1)","10X_ntph_F"
"Female_NTPH_GCAGGCTGTGTCCCTT-1",2.63905537304709,"PMN(3)","10X_ntph_F"
"Female_NTPH_TATACCTGTTCCTTGC-1",1.09861010692013,"PMN(1)","10X_ntph_F"
"Female_NTPH_AGTGCCGCAACCGACC-1",2.83321029627667,"PMN(5)","10X_ntph_F"
"Female_NTPH_CAGTTAGTCGTTCAGA-1",3.61092389097147,"PMN(2)","10X_ntph_F"
"Female_NTPH_GAGATGGCAATTGCCA-1",1.09862626296222,"PMN(3)","10X_ntph_F"
"Female_NTPH_GAGACTTAGATGCCGA-1",2.83322022025383,"PMN(6)","10X_ntph_F"
"Female_NTPH_AGACAGGCATCTATCT-1",3.04452563960357,"PMN(1)","10X_ntph_F"
"Female_NTPH_AGTAGTCTCGCATTGA-1",2.99572925485473,"PMN(2)","10X_ntph_F"
"Female_NTPH_ATTACTCCACGTGTGC-1",2.9444439626533,"PMN(0)","10X_ntph_F"
"Female_NTPH_TCTACCGGTACCTATG-1",3.21887032949902,"PMN(6)","10X_ntph_F"
"Female_NTPH_CAGGTATAGCAGCGAT-1",3.29583407343929,"PMN(6)","10X_ntph_F"
"Female_NTPH_TCTAACTCACGGCGTT-1",1.38630532625432,"PMN(1)","10X_ntph_F"
"Female_NTPH_AGACAGGTCCTAGAGT-1",1.94591456918619,"PMN(1)","10X_ntph_F"
"Female_NTPH_GAAGCGATCCAAGCCG-1",2.41016294026112e-06,"PMN(4)","10X_ntph_F"
"Female_NTPH_AATAGAGGTTAGTTCG-1",1.7917569131515,"PMN(0)","10X_ntph_F"
"Female_NTPH_CCGAACGCAAGCGCTC-1",3.40120669199117,"PMN(2)","10X_ntph_F"
"Female_NTPH_GACCCAGAGCATGCGA-1",2.77260207136563,"PMN(1)","10X_ntph_F"
"Female_NTPH_CCGCAAGGTACCCGAC-1",2.0794328489622,"PMN(3)","10X_ntph_F"
"Female_NTPH_GAGACTTCAATGTTGC-1",2.19722513220577,"PMN(4)","10X_ntph_F"
"Female_NTPH_GTGAGTTAGGACTAAT-1",2.77258921290891,"PMN(1)","10X_ntph_F"
"Female_NTPH_TCCGATCTCTGCGGAC-1",2.63905154605797,"PMN(1)","10X_ntph_F"
"Female_NTPH_CTAACTTCAGCTTTCC-1",3.29582687861777,"PMN(1)","10X_ntph_F"
"Female_NTPH_TCTTAGTGTACCAATC-1",3.17805380602015,"PMN(1)","10X_ntph_F"
"Female_NTPH_GGGTGTCTCTCTCCGA-1",2.94444553428527,"PMN(4)","10X_ntph_F"
"Female_NTPH_AGTAGCTGTCCGAAAG-1",3.33221927859799,"PMN(6)","10X_ntph_F"
"Female_NTPH_GACCGTGTCTACCAGA-1",3.13547512440127,"PMN(2)","10X_ntph_F"
"Female_NTPH_GGGACAAGTATCAGCT-1",3.04451541332869,"PMN(1)","10X_ntph_F"
"Female_NTPH_TGAACGTAGTTCGGTT-1",2.63905421531308,"PMN(1)","10X_ntph_F"
"Female_NTPH_TTCGCTGGTCCACACG-1",3.40118075009185,"PMN(2)","10X_ntph_F"
"Female_NTPH_CCGCAAGCAGGTATGG-1",3.43397969915073,"PMN(2)","10X_ntph_F"
"Female_NTPH_GAAGGACTCCGATGCG-1",2.30257731947645,"PMN(1)","10X_ntph_F"
"Female_NTPH_CCCTAACCACAGTACT-1",2.99572504785699,"PMN(2)","10X_ntph_F"
"Female_NTPH_AGATAGACAACCAACT-1",3.29581497765834,"PMN(5)","10X_ntph_F"
"Female_NTPH_TGATCTTTCGCTTAAG-1",3.29583900018983,"PMN(1)","10X_ntph_F"
"Female_NTPH_ACTTAGGAGCGTTACT-1",2.99572595432463,"PMN(0)","10X_ntph_F"
"Female_NTPH_TGCGACGAGCAAGTCG-1",3.33221971508714,"PMN(0)","10X_ntph_F"
"Female_NTPH_TGGCGTGAGACAACTA-1",1.60944587199359,"PMN(1)","10X_ntph_F"
"Female_NTPH_AGTCTCCAGACGGATC-1",3.66354711083399,"PMN(2)","10X_ntph_F"
"Female_NTPH_TACACCCGTTACGTAC-1",1.3862953450741,"PMN(1)","10X_ntph_F"
"Female_NTPH_ATGCATGAGCTACTAC-1",3.33219857246536,"PMN(0)","10X_ntph_F"
"Female_NTPH_CCCTCAATCAGACCTA-1",2.94444786197813,"PMN(0)","10X_ntph_F"
"Female_NTPH_ATTCACTGTCTGTGGC-1",3.29583739670848,"PMN(0)","10X_ntph_F"
"Female_NTPH_GGCAGTCAGCGGACAT-1",1.38628879088363,"PMN(0)","10X_ntph_F"
"Female_NTPH_AAAGTGATCTGTCTCG-1",3.29584124997469,"PMN(1)","10X_ntph_F"
"Female_NTPH_GAAATGAAGCTCGACC-1",2.63905885569684,"PMN(5)","10X_ntph_F"
"Female_NTPH_TTTACGTTCCTTCAGC-1",3.46573425662391,"PMN(1)","10X_ntph_F"
"Female_NTPH_TCACATTCACCTAAAC-1",3.46575610170594,"PMN(1)","10X_ntph_F"
"Female_NTPH_GATGATCGTTGCATTG-1",1.38628906726103,"PMN(1)","10X_ntph_F"
"Female_NTPH_AAACGAAGTACCTTCC-1",1.94590544118558,"PMN(4)","10X_ntph_F"
"Female_NTPH_ACGTAACGTATGTGTC-1",2.77257326287054,"PMN(2)","10X_ntph_F"
"Female_NTPH_TCATTGTTCAGGACAG-1",-4.05267232951771e-07,"PMN(4)","10X_ntph_F"
"Female_NTPH_TCTCTGGAGTTCGGTT-1",3.36730473354953,"PMN(2)","10X_ntph_F"
"Female_NTPH_GATCATGAGATCGGTG-1",1.0985915747896,"PMN(4)","10X_ntph_F"
"Female_NTPH_TGAATGCAGGCCTAAG-1",1.38629186046869,"PMN(4)","10X_ntph_F"
"Female_NTPH_ACGATGTTCCTACCGT-1",2.83320152755195,"PMN(1)","10X_ntph_F"
"Female_NTPH_TATTGCTAGAATAACC-1",1.79177388860071,"PMN(1)","10X_ntph_F"
"Female_NTPH_ATGGATCAGCCAAGGT-1",3.36730940894186,"PMN(0)","10X_ntph_F"
"Female_NTPH_ACTGTCCTCAAAGCCT-1",1.79176281425653,"PMN(3)","10X_ntph_F"
"Female_NTPH_GCTACAACACATAGCT-1",3.17806812372875,"PMN(0)","10X_ntph_F"
"Female_NTPH_ATTTACCAGACTACCT-1",2.48489797660949,"PMN(5)","10X_ntph_F"
"Female_NTPH_CAGATTGTCGACGATT-1",2.19723408385347,"PMN(0)","10X_ntph_F"
"Female_NTPH_TAGCACACACATCCCT-1",3.49650171135139,"PMN(1)","10X_ntph_F"
"Female_NTPH_CTTCCGAAGTTCTCTT-1",3.49651077104171,"PMN(1)","10X_ntph_F"
"Female_NTPH_GTACAGTAGCCTGTCG-1",1.94590715509515,"PMN(1)","10X_ntph_F"
"Female_NTPH_ATATCCTCACGGATCC-1",3.2958340805735,"PMN(2)","10X_ntph_F"
"Female_NTPH_GGGTCTGTCGGTGAAG-1",1.38629982227147,"PMN(5)","10X_ntph_F"
"Female_NTPH_TCGCTCATCGCCAACG-1",3.21886278665666,"PMN(2)","10X_ntph_F"
"Female_NTPH_CAGCGTGAGACTTCCA-1",2.3025825838494,"PMN(0)","10X_ntph_F"
"Female_NTPH_GACCTTCCATGTACGT-1",3.46573761287346,"PMN(2)","10X_ntph_F"
"Female_NTPH_AGGTAGGAGCACAAAT-1",3.33220047550042,"PMN(0)","10X_ntph_F"
"Female_NTPH_AGCGCCACAAGTGGGT-1",2.70805124769662,"PMN(6)","10X_ntph_F"
"Female_NTPH_TTGTGTTGTGCCTTCT-1",1.38629117231202,"PMN(4)","10X_ntph_F"
"Female_NTPH_ACTATCTAGGTAGCCA-1",3.25811272146084,"PMN(1)","10X_ntph_F"
"Female_NTPH_TCCATCGGTAGTGATA-1",1.79176661111407,"PMN(2)","10X_ntph_F"
"Female_NTPH_TGTCCCAGTGACTCGC-1",3.58354859710981,"PMN(0)","10X_ntph_F"
"Female_NTPH_ACTCCCATCGCTCTCA-1",3.52635257384012,"PMN(0)","10X_ntph_F"
"Female_NTPH_GAAGCCCCAAGACCGA-1",3.09105059701746,"PMN(2)","10X_ntph_F"
"Female_NTPH_AGATCCATCAAACGTC-1",3.78421061422636,"PMN(0)","10X_ntph_F"
"Female_NTPH_ATCACGATCAGAACCT-1",3.52636353441671,"PMN(1)","10X_ntph_F"
"Female_NTPH_GAGTTACTCGTCAGAT-1",3.21886499411678,"PMN(0)","10X_ntph_F"
"Female_NTPH_CTCCGATCACCGTGCA-1",-1.00632250180328e-05,"PMN(7)","10X_ntph_F"
"Female_NTPH_CTTGATTTCAAACTGC-1",1.09861193452246,"PMN(4)","10X_ntph_F"
"Female_NTPH_CTGCCTAAGCTAGCCC-1",3.66357473737326,"PMN(5)","10X_ntph_F"
"Female_NTPH_TCTCCGACACATCATG-1",3.46574340680459,"PMN(0)","10X_ntph_F"
"Female_NTPH_GTTCCGTGTGCTGTCG-1",2.48488526610472,"PMN(3)","10X_ntph_F"
"Female_NTPH_CATTTCATCTAACGCA-1",2.94443197562535,"PMN(2)","10X_ntph_F"
"Female_NTPH_TTAATCCCAGCTGTGC-1",2.48490655922325,"PMN(3)","10X_ntph_F"
"Female_NTPH_ACCTACCAGGATCACG-1",1.94589556772044,"PMN(4)","10X_ntph_F"
"Female_NTPH_TCGGATACAGACCAGA-1",2.19723152263268,"PMN(1)","10X_ntph_F"
"Female_NTPH_CACCAAACACAAGCCC-1",-2.46133547518649e-05,"PMN(7)","10X_ntph_F"
"Female_NTPH_GAACTGTTCCGGACTG-1",1.43289764040456e-06,"PMN(4)","10X_ntph_F"
"Female_NTPH_GAGTGTTTCAGCCTCT-1",3.73766570606218,"PMN(0)","10X_ntph_F"
"Female_NTPH_AATGGCTAGCTCGTGC-1",2.19721966569536,"PMN(2)","10X_ntph_F"
"Female_NTPH_CAGATACGTCTGTCCT-1",3.33220167370068,"PMN(1)","10X_ntph_F"
"Female_NTPH_AGTGATCAGCTGACCC-1",3.52636367256421,"PMN(0)","10X_ntph_F"
"Female_NTPH_CATCCACAGAGGATGA-1",3.36729979325225,"PMN(6)","10X_ntph_F"
"Female_NTPH_ACCAACATCGAGCTGC-1",3.46573364676262,"PMN(0)","10X_ntph_F"
"Female_NTPH_GGGATGATCAATCGGT-1",3.40117813215785,"PMN(0)","10X_ntph_F"
"Female_NTPH_TTCTAGTAGGACACTG-1",-1.43922929832198e-05,"PMN(4)","10X_ntph_F"
"Female_NTPH_CTGCCTAAGTTCCTGA-1",3.49649286488874,"PMN(3)","10X_ntph_F"
"Female_NTPH_GTTGTGAGTCCAAAGG-1",3.58352655709058,"PMN(3)","10X_ntph_F"
"Female_NTPH_TTTCGATAGTAACCTC-1",3.13549177977933,"PMN(0)","10X_ntph_F"
"Female_NTPH_GTAGATCTCGCTACAA-1",2.77259141900586,"PMN(2)","10X_ntph_F"
"Female_NTPH_GTGCTTCGTAGTCTGT-1",2.48489106051279,"PMN(0)","10X_ntph_F"
"Female_NTPH_TCCTTTCAGATGACAT-1",2.70804484522214,"PMN(6)","10X_ntph_F"
"Female_NTPH_GAACACTGTGGAACCA-1",1.09861791318784,"PMN(1)","10X_ntph_F"
"Female_NTPH_TCTCCGATCTGCGGCA-1",3.04452065446219,"PMN(1)","10X_ntph_F"
"Female_NTPH_ACTGTGAAGTCTCTGA-1",2.30258394163418,"PMN(5)","10X_ntph_F"
"Female_NTPH_CTGCTCACAGAGAGGG-1",1.60943719181938,"PMN(0)","10X_ntph_F"
"Female_NTPH_TGAGCATAGTCTTCCC-1",2.77260083133785,"PMN(6)","10X_ntph_F"
"Female_NTPH_ACTGTGAAGACGGTCA-1",3.61091176367522,"PMN(0)","10X_ntph_F"
"Female_NTPH_TCATTGTAGGTAACTA-1",2.63906409087984,"PMN(1)","10X_ntph_F"
"Female_NTPH_CTCTCGACAGCCGTTG-1",3.25810552401754,"PMN(1)","10X_ntph_F"
"Female_NTPH_GACCCTTTCTCTTAAC-1",3.91201111224911,"PMN(0)","10X_ntph_F"
"Female_NTPH_CATGCCTAGGTAAGGA-1",3.29583807859283,"PMN(0)","10X_ntph_F"
"Female_NTPH_CCGGTGATCACAACCA-1",3.09104234114145,"PMN(3)","10X_ntph_F"
"Female_NTPH_CACTAAGTCCAACCAA-1",2.19723486874341,"PMN(0)","10X_ntph_F"
"Female_NTPH_GTTCGCTTCGGAGCAA-1",3.33221365792388,"PMN(6)","10X_ntph_F"
"Female_NTPH_TCATGAGTCTATTCGT-1",2.77258869767711,"PMN(0)","10X_ntph_F"
"Female_NTPH_AAATGGATCGTTCAGA-1",3.33220587027073,"PMN(1)","10X_ntph_F"
"Female_NTPH_CCTGTTGTCACACCCT-1",3.98897684502883,"PMN(0)","10X_ntph_F"
"Female_NTPH_CGGAGAATCGCCAGAC-1",3.40119540041885,"PMN(2)","10X_ntph_F"
"Female_NTPH_TGTGTGACAGAGTAAT-1",0.693136888471885,"PMN(0)","10X_ntph_F"
"Female_NTPH_AAAGTGACAGCTGAGA-1",2.99572260399503,"PMN(2)","10X_ntph_F"
"Female_NTPH_GTCAGCGCATAAGATG-1",3.04451022959253,"PMN(5)","10X_ntph_F"
"Female_NTPH_TCTCACGTCTCTGCTG-1",2.94444734124348,"PMN(5)","10X_ntph_F"
"Female_NTPH_ATTCCCGGTAGAGATT-1",3.21888697458619,"PMN(2)","10X_ntph_F"
"Female_NTPH_CTCCCTCAGCTTGTTG-1",2.89036762844764,"PMN(1)","10X_ntph_F"
"Female_NTPH_GCCGATGGTCCGGTCA-1",3.17804254057397,"PMN(3)","10X_ntph_F"
"Female_NTPH_GTCCACTGTCGCGTTG-1",2.77258784292646,"PMN(4)","10X_ntph_F"
"Female_NTPH_AGCGCCATCGAGCACC-1",2.24190369331262e-05,"PMN(0)","10X_ntph_F"
"Female_NTPH_CATCGGGAGGAGGGTG-1",3.71359247983602,"PMN(5)","10X_ntph_F"
"Female_NTPH_CTACAGAAGCATCGAG-1",3.25807934001811,"PMN(2)","10X_ntph_F"
"Female_NTPH_TGGAGGAGTATCACGT-1",1.79175590016149,"PMN(1)","10X_ntph_F"
"Female_NTPH_TCCACCAAGTGTTGAA-1",1.09862762147303,"PMN(3)","10X_ntph_F"
"Female_NTPH_TACGTCCGTCACAGAG-1",1.60943752999313,"PMN(1)","10X_ntph_F"
"Female_NTPH_CGATGGCAGGTCCTGC-1",2.83322931818864,"PMN(0)","10X_ntph_F"
"Female_NTPH_AGGTAGGCATCCGTGG-1",3.71356873085037,"PMN(0)","10X_ntph_F"
"Female_NTPH_GCCAGTGAGGACTGGT-1",3.09104850321756,"PMN(0)","10X_ntph_F"
"Female_NTPH_GCACGGTTCCTCTGCA-1",3.29583910841672,"PMN(2)","10X_ntph_F"
"Female_NTPH_TCCAGAAGTTGTTTGG-1",2.70808249179716,"PMN(5)","10X_ntph_F"
"Female_NTPH_CAGCAGCGTAGTCCTA-1",3.21888502939387,"PMN(2)","10X_ntph_F"
"Female_NTPH_CACTAAGCACTGCATA-1",2.07942947628914,"PMN(1)","10X_ntph_F"
"Female_NTPH_AGGAAATCATCGCTGG-1",3.21886978605651,"PMN(3)","10X_ntph_F"
"Female_NTPH_CAAGACTGTGCAGTGA-1",3.70235284622062e-06,"PMN(1)","10X_ntph_F"
"Female_NTPH_TACGGTACAAGATGGC-1",3.21885681486173,"PMN(1)","10X_ntph_F"
"Female_NTPH_TAGGAGGGTATGCGGA-1",1.09859424456866,"PMN(4)","10X_ntph_F"
"Female_NTPH_AAACCCAAGGTTGGAC-1",1.94589893082925,"PMN(1)","10X_ntph_F"
"Female_NTPH_GTTCGCTAGGAATTAC-1",2.99572879425793,"PMN(2)","10X_ntph_F"
"Female_NTPH_AGCGATTAGGGACTGT-1",2.19723696635771,"PMN(3)","10X_ntph_F"
"Female_NTPH_ATATCCTGTTCCACAA-1",2.94443623719079,"PMN(3)","10X_ntph_F"
"Female_NTPH_CGTTCTGCAGTCTGGC-1",2.77259034604694,"PMN(2)","10X_ntph_F"
"Female_NTPH_AGGGCCTTCGGCATCG-1",3.25809589195238,"PMN(0)","10X_ntph_F"
"Female_NTPH_CCGAACGCAAGCCCAC-1",3.29582981363336,"PMN(2)","10X_ntph_F"
"Female_NTPH_CTACATTTCAGTCCGG-1",0.693160802532633,"PMN(1)","10X_ntph_F"
"Female_NTPH_CTTCCTTTCATACGGT-1",1.09860132353623,"PMN(4)","10X_ntph_F"
"Female_NTPH_AGGTAGGCAACCAGAG-1",2.89036947356098,"PMN(1)","10X_ntph_F"
"Female_NTPH_GCTGCAGGTGTACAGG-1",2.83320986577541,"PMN(6)","10X_ntph_F"
"Female_NTPH_ACTGATGAGCATTGTC-1",1.0986176099543,"PMN(4)","10X_ntph_F"
"Female_NTPH_CGCAGGTGTACGATGG-1",0.693163252905568,"PMN(4)","10X_ntph_F"
"Female_NTPH_GATGATCGTCCAGCAC-1",5.13814526116594e-06,"PMN(0)","10X_ntph_F"
"Female_NTPH_CTACATTTCTGAGCAT-1",3.40121120539376,"PMN(0)","10X_ntph_F"
"Female_NTPH_TTCCACGTCATGAGGG-1",1.0986199196386,"PMN(3)","10X_ntph_F"
"Female_NTPH_TAAGCCAAGTTGTAGA-1",2.3025788471486,"PMN(1)","10X_ntph_F"
"Female_NTPH_ATCCTATAGCACTCTA-1",1.09861310410611,"PMN(3)","10X_ntph_F"
"Female_NTPH_GCATCGGGTTCAGTAC-1",2.30259885378516,"PMN(0)","10X_ntph_F"
"Female_NTPH_GCAACCGAGCTCAGAG-1",3.25808092536362,"PMN(6)","10X_ntph_F"
"Female_NTPH_TTTAGTCGTTACGTAC-1",3.24770660594699e-06,"PMN(5)","10X_ntph_F"
"Female_NTPH_CATTGAGTCGACATAC-1",1.38629279321672,"PMN(0)","10X_ntph_F"
"Female_NTPH_CAAGCTAAGCGTCTCG-1",3.17806260818655,"PMN(1)","10X_ntph_F"
"Female_NTPH_GTAGATCTCGATTGAC-1",3.04452993938917,"PMN(3)","10X_ntph_F"
"Female_NTPH_ATGGGAGGTGACCTGC-1",1.79176247976209,"PMN(1)","10X_ntph_F"
"Female_NTPH_CTGAGGCGTAGACGGT-1",3.25811146613265,"PMN(6)","10X_ntph_F"
"Female_NTPH_TTGCTGCAGACTCCGC-1",3.40118212672415,"PMN(0)","10X_ntph_F"
"Female_NTPH_GAGTTACTCCAAGAGG-1",3.49651666864207,"PMN(0)","10X_ntph_F"
"Female_NTPH_ATCCTATCACCGTACG-1",2.19720878201594,"PMN(1)","10X_ntph_F"
"Female_NTPH_GGATGTTCAGAACATA-1",2.48491252695057,"PMN(1)","10X_ntph_F"
"Female_NTPH_GAAGCGAAGGAGATAG-1",2.63905822603822,"PMN(1)","10X_ntph_F"
"Female_NTPH_CCTCTAGAGACTGTTC-1",2.63906700223183,"PMN(5)","10X_ntph_F"
"Female_NTPH_GTCTAGATCCAGCAAT-1",3.80666327789385,"PMN(6)","10X_ntph_F"
"Female_NTPH_AGCCAATAGGTTGGTG-1",2.48489096278964,"PMN(0)","10X_ntph_F"
"Female_NTPH_GGATGTTCAGTCAGCC-1",2.079421463448,"PMN(1)","10X_ntph_F"
"Female_NTPH_CTCTCAGCAAGAGAGA-1",3.09104786309356,"PMN(6)","10X_ntph_F"
"Female_NTPH_GGGTTATAGCCATATC-1",3.43398647071917,"PMN(5)","10X_ntph_F"
"Female_NTPH_GTTGCTCTCACTGATG-1",2.5649436472776,"PMN(2)","10X_ntph_F"
"Female_NTPH_GTTCATTAGGCCTGAA-1",1.94590703837071,"PMN(1)","10X_ntph_F"
"Female_NTPH_CATAGACTCATGTCTT-1",3.46572918864906,"PMN(0)","10X_ntph_F"
"Female_NTPH_AACGGGATCCTGGTCT-1",2.99573070014947,"PMN(1)","10X_ntph_F"
"Female_NTPH_GTTCATTAGCGGACAT-1",2.77257940918907,"PMN(2)","10X_ntph_F"
"Female_NTPH_ACGTACACAGATTCGT-1",3.09102262326352,"PMN(0)","10X_ntph_F"
"Female_NTPH_TTGACCCGTACCAGAG-1",0.693144984561903,"PMN(4)","10X_ntph_F"
"Female_NTPH_AGCCAGCGTGACGTCC-1",2.56495981022023,"PMN(2)","10X_ntph_F"
"Female_NTPH_GTCATTTAGCGAATGC-1",3.09106122665398,"PMN(5)","10X_ntph_F"
"Female_NTPH_CTGTCGTTCCTAGCTC-1",3.46573592886169,"PMN(2)","10X_ntph_F"
"Female_NTPH_TCGGTCTTCAAGGTGG-1",2.48490584308865,"PMN(2)","10X_ntph_F"
"Female_NTPH_GTGACGCTCTACAGGT-1",3.17806346017076,"PMN(0)","10X_ntph_F"
"Female_NTPH_CCAATGAAGCACACAG-1",5.35710165465174e-07,"PMN(5)","10X_ntph_F"
"Female_NTPH_TAGGAGGTCCGTGCGA-1",1.79175512024397,"PMN(2)","10X_ntph_F"
"Female_NTPH_ACACGCGAGTAGGAAG-1",2.99571490058144,"PMN(1)","10X_ntph_F"
"Female_NTPH_ATCACTTGTTACCTGA-1",3.43397456752915,"PMN(2)","10X_ntph_F"
"Female_NTPH_GAGAAATGTGACGTCC-1",3.17805789343307,"PMN(3)","10X_ntph_F"
"Female_NTPH_CCCGAAGGTGGCGCTT-1",2.89035716135649,"PMN(5)","10X_ntph_F"
"Female_NTPH_GGTTGTAGTATGATCC-1",2.77259920681348,"PMN(0)","10X_ntph_F"
"Female_NTPH_ATCGATGAGTCGGGAT-1",2.39788180849298,"PMN(1)","10X_ntph_F"
"Female_NTPH_GGTAACTTCATCACTT-1",3.29583493029875,"PMN(0)","10X_ntph_F"
"Female_NTPH_CCGTAGGGTCGACTGC-1",1.94591012569574,"PMN(1)","10X_ntph_F"
"Female_NTPH_AAAGAACGTGTTACAC-1",3.46573577450239,"PMN(0)","10X_ntph_F"
"Female_NTPH_GCCGTGATCCTAACAG-1",2.19722609680944,"PMN(1)","10X_ntph_F"
"Female_NTPH_ATTCGTTGTTGCCGCA-1",1.79176545433937,"PMN(5)","10X_ntph_F"
"Female_NTPH_AGGAGGTAGGTTAGTA-1",3.33220324805083,"PMN(2)","10X_ntph_F"
"Female_NTPH_AAGACTCTCACTGCTC-1",1.38629187576423,"PMN(5)","10X_ntph_F"
"Female_NTPH_ACGATGTGTATCGCAT-1",3.1354958192031,"PMN(0)","10X_ntph_F"
"Female_NTPH_AACCTGAGTCCGAAGA-1",2.77258438582037,"PMN(3)","10X_ntph_F"
"Female_NTPH_GGAGCAATCTTAAGGC-1",1.53741241910027e-05,"PMN(4)","10X_ntph_F"
"Female_NTPH_TTCCTAAAGCCTTTGA-1",3.80664078730455,"PMN(3)","10X_ntph_F"
"Female_NTPH_GCATCTCGTTCCTTGC-1",3.80667275981651,"PMN(0)","10X_ntph_F"
"Female_NTPH_AACCAACCAACACGTT-1",3.43398471965581,"PMN(2)","10X_ntph_F"
"Female_NTPH_TCCATGCAGCCTGAAG-1",3.58352316165997,"PMN(2)","10X_ntph_F"
"Female_NTPH_ATTCCTAGTAGATGTA-1",0.693157057092882,"PMN(4)","10X_ntph_F"
"Female_NTPH_CTTAGGAAGAATCGTA-1",2.39790362848009,"PMN(1)","10X_ntph_F"
"Female_NTPH_TCGCACTTCCAAAGGG-1",2.77258211702119,"PMN(6)","10X_ntph_F"
"Female_NTPH_CGCCAGAGTCACAGAG-1",1.56406949329184e-05,"PMN(1)","10X_ntph_F"
"Female_NTPH_CTATCCGAGATGGTAT-1",3.71355583694496,"PMN(0)","10X_ntph_F"
"Female_NTPH_GTGAGCCGTGCTGATT-1",3.13550285489288,"PMN(3)","10X_ntph_F"
"Female_NTPH_ATTACTCGTGTCTTAG-1",2.0794364256521,"PMN(1)","10X_ntph_F"
"Female_NTPH_GGTGTTACATACCAGT-1",2.99571309990374,"PMN(2)","10X_ntph_F"
"Female_NTPH_AAGCGTTGTTGAGTCT-1",3.36727717184799,"PMN(0)","10X_ntph_F"
"Female_NTPH_CGTGAATTCTGCGGAC-1",1.79176192101869,"PMN(1)","10X_ntph_F"
"Female_NTPH_GATAGCTTCGCCTATC-1",2.70807243644523,"PMN(2)","10X_ntph_F"
"Female_NTPH_TCTTCCTGTACGCTTA-1",1.38629709488053,"PMN(4)","10X_ntph_F"
"Female_NTPH_CGCATGGAGAGCAGAA-1",3.43399851233309,"PMN(0)","10X_ntph_F"
"Female_NTPH_GGTTCTCGTTGAATCC-1",1.38630274781363,"PMN(1)","10X_ntph_F"
"Female_NTPH_AGCCACGCACGTAGTT-1",3.3672892838337,"PMN(3)","10X_ntph_F"
"Female_NTPH_GACCCTTAGCTTTGTG-1",2.99574181316378,"PMN(2)","10X_ntph_F"
"Female_NTPH_TTCCGGTGTCATAGTC-1",1.60944144194876,"PMN(1)","10X_ntph_F"
"Female_NTPH_TTCGGTCAGTTGGGAC-1",0.693149246552872,"PMN(5)","10X_ntph_F"
"Female_NTPH_TGACTCCAGGTTCCGC-1",2.77259873337212,"PMN(0)","10X_ntph_F"
"Female_NTPH_TCCATGCAGAAGGCTC-1",3.04452991224334,"PMN(5)","10X_ntph_F"
"Female_NTPH_ACGTAACCAACTCATG-1",2.70804393535384,"PMN(5)","10X_ntph_F"
"Female_NTPH_GCTACCTGTATACGGG-1",1.38629831335675,"PMN(1)","10X_ntph_F"
"Female_NTPH_ACTTTCATCCAAGAGG-1",3.04451351604388,"PMN(0)","10X_ntph_F"
"Female_NTPH_CGCCATTCATAAGCGG-1",3.36730213817057,"PMN(0)","10X_ntph_F"
"Female_NTPH_TAGATCGAGACTTCGT-1",3.73766529123154,"PMN(0)","10X_ntph_F"
"Female_NTPH_TGAACGTAGCGTTAGG-1",2.48491117117444,"PMN(3)","10X_ntph_F"
"Female_NTPH_TGGAGGAGTTATTCCT-1",2.94444265915689,"PMN(2)","10X_ntph_F"
"Female_NTPH_ACATGCAGTCGTATTG-1",2.39789256892347,"PMN(2)","10X_ntph_F"
"Female_NTPH_AAACGAATCCATACAG-1",2.70805485622839,"PMN(1)","10X_ntph_F"
"Female_NTPH_TGAACGTCAAACACCT-1",1.79176521279031,"PMN(1)","10X_ntph_F"
"Female_NTPH_TCCTAATCACGCTGCA-1",3.04452013072352,"PMN(2)","10X_ntph_F"
"Female_NTPH_AGGGTTTTCACCCATC-1",1.9459218714804,"PMN(1)","10X_ntph_F"
"Female_NTPH_CCGGGTAAGATTACCC-1",0.693161107587013,"PMN(1)","10X_ntph_F"
"Female_NTPH_ATTACCTAGTAGACCG-1",4.14312810647898,"PMN(6)","10X_ntph_F"
"Female_NTPH_TTTAGTCGTTGCATCA-1",3.29582909231226,"PMN(2)","10X_ntph_F"
"Female_NTPH_TTCTGTAGTCGAGCAA-1",3.49651269685227,"PMN(0)","10X_ntph_F"
"Female_NTPH_AACCTGAGTATTTCGG-1",3.61090877952184,"PMN(0)","10X_ntph_F"
"Female_NTPH_CTAAGTGAGCTCCGAC-1",2.39789077856032,"PMN(3)","10X_ntph_F"
"Female_NTPH_CTCAAGATCATCTATC-1",2.63906535894225,"PMN(5)","10X_ntph_F"
"Female_NTPH_AGGACTTGTGCGCTCA-1",2.39788953802986,"PMN(5)","10X_ntph_F"
"Female_NTPH_AGATGCTTCGCGTGCA-1",3.21885654361652,"PMN(6)","10X_ntph_F"
"Female_NTPH_GGAGGTACAGACCTAT-1",3.7841962778266,"PMN(2)","10X_ntph_F"
"Female_NTPH_ACTCCCAGTTAGGGTG-1",1.60942188703186,"PMN(2)","10X_ntph_F"
"Female_NTPH_TCCGGGATCTGAATGC-1",2.19721103133364,"PMN(0)","10X_ntph_F"
"Female_NTPH_ACGATGTAGTACTGGG-1",2.63902715028846,"PMN(6)","10X_ntph_F"
"Female_NTPH_TTTACTGAGGAGCTGT-1",3.43399551686337,"PMN(3)","10X_ntph_F"
"Female_NTPH_TGCAGTATCAAACGTC-1",0.693149691530834,"PMN(4)","10X_ntph_F"
"Female_NTPH_GAAGCGATCACCTGTC-1",2.63906195254992,"PMN(3)","10X_ntph_F"
"Female_NTPH_CATTCTAGTAGCGCCT-1",2.94444742708867,"PMN(1)","10X_ntph_F"
"Female_NTPH_ACTCCCATCAGCATTG-1",3.1780534106327,"PMN(0)","10X_ntph_F"
"Female_NTPH_TTCCTAAAGATACGAT-1",1.791748413469,"PMN(1)","10X_ntph_F"
"Female_NTPH_TCGAAGTCATATTCGG-1",1.60944355019062,"PMN(1)","10X_ntph_F"
"Female_NTPH_TTAGTCTTCAGACAAA-1",0.693160214207504,"PMN(4)","10X_ntph_F"
"Female_NTPH_GAGGGATCACTGCACG-1",2.56493435525216,"PMN(5)","10X_ntph_F"
"Female_NTPH_TTACTGTCACGCCAGT-1",1.09860621877576,"PMN(3)","10X_ntph_F"
"Female_NTPH_TCATGAGCAGACCATT-1",-2.92245065656577e-06,"PMN(5)","10X_ntph_F"
"Female_NTPH_TTTCGATTCCCGTGAG-1",2.5649364606281,"PMN(1)","10X_ntph_F"
"Female_NTPH_CACGAATTCGAGAATA-1",3.43399414554363,"PMN(0)","10X_ntph_F"
"Female_NTPH_GCCCGAAGTGGATGAC-1",-5.99181902897119e-06,"PMN(0)","10X_ntph_F"
"Female_NTPH_CTGCCATCACCGTCTT-1",2.07945411074628,"PMN(5)","10X_ntph_F"
"Female_NTPH_CCACGTTCAAATGCTC-1",3.40119791674229,"PMN(6)","10X_ntph_F"
"Female_NTPH_TAATCTCTCTCATAGG-1",2.94444626009162,"PMN(2)","10X_ntph_F"
"Female_NTPH_TGATCTTCAATACGAA-1",2.56496496844222,"PMN(3)","10X_ntph_F"
"Female_NTPH_TCAGCCTAGAGCATAT-1",3.55535071773695,"PMN(3)","10X_ntph_F"
"Female_NTPH_GGGATCCTCTCAGAAC-1",2.19723534459881,"PMN(3)","10X_ntph_F"
"Female_NTPH_AGTCATGCATGAAGGC-1",2.99573438053331,"PMN(0)","10X_ntph_F"
"Female_NTPH_TGGTTAGAGGCGTTGA-1",3.55533294475416,"PMN(0)","10X_ntph_F"
"Female_NTPH_GGGCGTTAGAGTCAAT-1",2.70805042512481,"PMN(2)","10X_ntph_F"
"Female_NTPH_CTAGGTAGTCAAAGTA-1",3.46574308416179,"PMN(6)","10X_ntph_F"
"Female_NTPH_AGTCACACATGTGCCG-1",3.09104734792849,"PMN(0)","10X_ntph_F"
"Female_NTPH_GACTGATGTCAGACGA-1",3.55534632260595,"PMN(0)","10X_ntph_F"
"Female_NTPH_GATGATCCATTGCTGA-1",1.386282184125,"PMN(4)","10X_ntph_F"
"Female_NTPH_GTGCTGGTCCCAAGTA-1",2.07944800566352,"PMN(3)","10X_ntph_F"
"Female_NTPH_TTGTGTTCAGGACTAG-1",2.63904816505497,"PMN(5)","10X_ntph_F"
"Female_NTPH_TCATTCAGTCCGGTGT-1",2.30257257475962,"PMN(3)","10X_ntph_F"
"Female_NTPH_GCCAGCACAGCACACC-1",2.07944749095702,"PMN(3)","10X_ntph_F"
"Female_NTPH_TATCTTGCAACAAGTA-1",3.61090558453757,"PMN(2)","10X_ntph_F"
"Female_NTPH_GGAGCAATCGGACTTA-1",3.09104489700247,"PMN(0)","10X_ntph_F"
"Female_NTPH_CTCAGAAAGTTACGGG-1",3.46573593052158,"PMN(3)","10X_ntph_F"
"Female_NTPH_GTATTGGCATCCGATA-1",3.29582358390747,"PMN(0)","10X_ntph_F"
"Female_NTPH_ACGCACGTCTTACGTT-1",3.21888762183232,"PMN(5)","10X_ntph_F"
"Female_NTPH_TAAGTCGGTAGTGGCA-1",2.89036582984617,"PMN(1)","10X_ntph_F"
"Female_NTPH_GGCTTGGAGACGCTCC-1",2.83322534383938,"PMN(0)","10X_ntph_F"
"Female_NTPH_GATGACTCAACACGTT-1",2.89036700755937,"PMN(1)","10X_ntph_F"
"Female_NTPH_GGGTGAAGTCTGATAC-1",3.7841838833473,"PMN(2)","10X_ntph_F"
"Female_NTPH_AGCGCTGTCGTAGTGT-1",3.36729551772623,"PMN(2)","10X_ntph_F"
"Female_NTPH_GTGAGGAAGGTAGATT-1",1.38629078054993,"PMN(4)","10X_ntph_F"
"Female_NTPH_CCTCATGTCCCTCGAT-1",2.07943797566906,"PMN(1)","10X_ntph_F"
"Female_NTPH_CTAACCCCACTGCTTC-1",3.17804505370411,"PMN(0)","10X_ntph_F"
"Female_NTPH_CTCTCAGGTTAAGACA-1",3.25808440905023,"PMN(0)","10X_ntph_F"
"Female_NTPH_TATTGCTTCGAGAGCA-1",2.99573840642018,"PMN(2)","10X_ntph_F"
"Female_NTPH_TCAGTCCAGAAATTCG-1",1.60942985040069,"PMN(1)","10X_ntph_F"
"Female_NTPH_AGCCACGGTGAGATAT-1",2.19721081276692,"PMN(1)","10X_ntph_F"
"Female_NTPH_CCGGACATCATGCATG-1",1.09860721018912,"PMN(4)","10X_ntph_F"
"Female_NTPH_CCTGCATTCTTGCAGA-1",2.70804219174734,"PMN(6)","10X_ntph_F"
"Female_NTPH_TACACCCGTTGTTTGG-1",3.63756423186953,"PMN(0)","10X_ntph_F"
"Female_NTPH_CTTAGGAGTGGACTAG-1",3.25809362864999,"PMN(1)","10X_ntph_F"
"Female_NTPH_GACCAATGTCGAACGA-1",3.21887749660941,"PMN(0)","10X_ntph_F"
"Female_NTPH_GTTACCCGTATCCCAA-1",2.99573522047756,"PMN(5)","10X_ntph_F"
"Female_NTPH_TATCTGTAGCAGGGAG-1",1.09861621608076,"PMN(4)","10X_ntph_F"
"Female_NTPH_TCATCATAGGGAACAA-1",2.30257508455692,"PMN(1)","10X_ntph_F"
"Female_NTPH_TGCTTCGTCTGGCTGG-1",2.83321008678502,"PMN(1)","10X_ntph_F"
"Female_NTPH_CGGGACTCACAGGATG-1",1.79174938574,"PMN(3)","10X_ntph_F"
"Female_NTPH_GAGAGGTGTATGTGTC-1",-6.35431482033766e-06,"PMN(7)","10X_ntph_F"
"Female_NTPH_GTCCTCAGTGACACGA-1",1.94589805064843,"PMN(0)","10X_ntph_F"
"Female_NTPH_CCCGGAAAGGTCATCT-1",2.89036059325816,"PMN(0)","10X_ntph_F"
"Female_NTPH_GTAGAGGTCTAACACG-1",3.52636682342779,"PMN(0)","10X_ntph_F"
"Female_NTPH_TATATCCGTGGACAGT-1",1.79175674401235,"PMN(2)","10X_ntph_F"
"Female_NTPH_CCAAGCGAGCCACCGT-1",-2.58841168378671e-06,"PMN(4)","10X_ntph_F"
"Female_NTPH_GCTCAAAAGTAAGACT-1",1.6094552080159,"PMN(1)","10X_ntph_F"
"Female_NTPH_AATCACGCATAAGATG-1",3.73766903436171,"PMN(1)","10X_ntph_F"
"Female_NTPH_TACGGGCTCAAGGTGG-1",0.693141809922099,"PMN(4)","10X_ntph_F"
"Female_NTPH_GGGATCCAGTGCTCAT-1",2.89037923076313,"PMN(5)","10X_ntph_F"
"Female_NTPH_CTTCGGTTCGAGCTGC-1",2.07943666910148,"PMN(5)","10X_ntph_F"
"Female_NTPH_TAGTGCAAGTGAACAT-1",2.19723830641403,"PMN(5)","10X_ntph_F"
"Female_NTPH_TGCTCGTAGACACACG-1",1.38629058439628,"PMN(4)","10X_ntph_F"
"Female_NTPH_AATTTCCAGGGTCAAC-1",0.693141019033804,"PMN(4)","10X_ntph_F"
"Female_NTPH_CACAGATGTTCCAGGC-1",3.17804214909743,"PMN(5)","10X_ntph_F"
"Female_NTPH_CTCAAGAAGTCATACC-1",3.29584015240791,"PMN(0)","10X_ntph_F"
"Female_NTPH_CCTACGTCACCGTGGT-1",1.09862695377438,"PMN(1)","10X_ntph_F"
"Female_NTPH_TCATTACAGTAAGACT-1",3.25809297792603,"PMN(2)","10X_ntph_F"
"Female_NTPH_GGTTGTAAGCACACCC-1",2.48490926446442,"PMN(1)","10X_ntph_F"
"Female_NTPH_TCAATTCGTGTTGATC-1",3.1354975492177,"PMN(0)","10X_ntph_F"
"Female_NTPH_GACACGCTCGTTGTGA-1",2.30259931492645,"PMN(3)","10X_ntph_F"
"Female_NTPH_TTCGGTCTCGGACCAC-1",3.61092455141023,"PMN(0)","10X_ntph_F"
"Female_NTPH_CAACGATAGAGAGTTT-1",2.30257435644249,"PMN(2)","10X_ntph_F"
"Female_NTPH_GAAGAATAGAATGTTG-1",3.1354872469114,"PMN(0)","10X_ntph_F"
"Female_NTPH_CGATGCGTCGGCATTA-1",2.3978878114938,"PMN(2)","10X_ntph_F"
"Female_NTPH_AAATGGAAGTTGTCAC-1",3.78419104964698,"PMN(6)","10X_ntph_F"
"Female_NTPH_TTGATGGAGCTGGCTC-1",3.5835188989839,"PMN(5)","10X_ntph_F"
"Female_NTPH_TGTTCCGGTGCGAACA-1",2.39789895217338,"PMN(3)","10X_ntph_F"
"Female_NTPH_TCGTCCAGTGACATCT-1",2.83320677062707,"PMN(2)","10X_ntph_F"
"Female_NTPH_GTGCTGGCATACGCAT-1",3.61091414917752,"PMN(2)","10X_ntph_F"
"Female_NTPH_TCCATCGCACAACCGC-1",3.52636793821677,"PMN(2)","10X_ntph_F"
"Female_NTPH_TCCTTCTGTTACGATC-1",-9.96067564484702e-07,"PMN(4)","10X_ntph_F"
"Female_NTPH_TAACACGGTCCTGAAT-1",2.56494281456275,"PMN(0)","10X_ntph_F"
"Female_NTPH_GCACGTGGTGAGCAGT-1",3.58352865009985,"PMN(5)","10X_ntph_F"
"Female_NTPH_AAAGGGCAGGCGCTCT-1",1.09861242363123,"PMN(4)","10X_ntph_F"
"Female_NTPH_TTACGTTAGCAAGTGC-1",2.07943237633317,"PMN(3)","10X_ntph_F"
"Female_NTPH_GTTGTAGCAACACTAC-1",2.30260218987966,"PMN(1)","10X_ntph_F"
"Female_NTPH_TTCATGTGTTGTGTTG-1",1.09860060765821,"PMN(4)","10X_ntph_F"
"Female_NTPH_CCTGCATGTTAAGCAA-1",3.17803601998534,"PMN(3)","10X_ntph_F"
"Female_NTPH_ACTCCCAGTTTAGACC-1",1.94588761773083,"PMN(0)","10X_ntph_F"
"Female_NTPH_GAGGCAAGTCGCTTAA-1",3.80666900103002,"PMN(1)","10X_ntph_F"
"Female_NTPH_AGCATCAAGATTCGAA-1",1.09860696034185,"PMN(2)","10X_ntph_F"
"Female_NTPH_CTGCTCAAGTAGTCAA-1",1.94590739346174,"PMN(2)","10X_ntph_F"
"Female_NTPH_AAGTGAATCGGAAACG-1",2.19722747360595,"PMN(2)","10X_ntph_F"
"Female_NTPH_TAGACTGAGCCTCAGC-1",1.38628969627927,"PMN(3)","10X_ntph_F"
"Female_NTPH_TTACGTTCATCGATCA-1",2.99571619295224,"PMN(1)","10X_ntph_F"
"Female_NTPH_CATTCCGAGGTCGTAG-1",3.63756666188843,"PMN(2)","10X_ntph_F"
"Female_NTPH_ACCTACCCAAGACCTT-1",3.80665908277114,"PMN(0)","10X_ntph_F"
"Female_NTPH_TGTCCTGTCACAGAGG-1",1.7472552733132e-06,"PMN(4)","10X_ntph_F"
"Female_NTPH_AACCCAAAGTTCATGC-1",4.02532891295954,"PMN(3)","10X_ntph_F"
"Female_NTPH_TTCACGCCACGCAGTC-1",2.90524480947084e-06,"PMN(0)","10X_ntph_F"
"Female_NTPH_GTAGGAGCAGCGTTGC-1",1.09861651173168,"PMN(4)","10X_ntph_F"
"Female_NTPH_GGGTCTGCAGCACACC-1",1.79177241660169,"PMN(1)","10X_ntph_F"
"Female_NTPH_TCATGCCAGTCCCGAC-1",2.56495100460172,"PMN(5)","10X_ntph_F"
"Female_NTPH_CAATACGGTGCTTCAA-1",1.79176151876646,"PMN(1)","10X_ntph_F"
"Female_NTPH_AGGAGGTGTTAAGAAC-1",2.99573831959026,"PMN(6)","10X_ntph_F"
"Female_NTPH_TCTTTGATCCTATGGA-1",3.17805363894025,"PMN(3)","10X_ntph_F"
"Female_NTPH_TCACTCGCATATCTGG-1",3.04452164057995,"PMN(6)","10X_ntph_F"
"Female_NTPH_CAAAGAAAGAACCCGA-1",3.17805499019259,"PMN(2)","10X_ntph_F"
"Female_NTPH_TATTGCTCAAGTAGTA-1",3.33221195190884,"PMN(2)","10X_ntph_F"
"Female_NTPH_ACTTAGGAGGAAAGTG-1",3.52635621171013,"PMN(0)","10X_ntph_F"
"Female_NTPH_AAAGTCCCAGAAGCTG-1",2.89036676260665,"PMN(2)","10X_ntph_F"
"Female_NTPH_GGCGTCAGTGCATGAG-1",2.3978866211776,"PMN(2)","10X_ntph_F"
"Female_NTPH_GCACGGTCATGACTTG-1",3.09103287578548,"PMN(0)","10X_ntph_F"
"Female_NTPH_GATCACACAAGGTCGA-1",2.83321661205593,"PMN(2)","10X_ntph_F"
"Female_NTPH_ACTATCTCATCCGCGA-1",2.19724005105848,"PMN(1)","10X_ntph_F"
"Female_NTPH_GGTCACGTCTAGCATG-1",1.3862846725242,"PMN(3)","10X_ntph_F"
"Female_NTPH_CGGAACCAGAGACAAG-1",3.66355976172538,"PMN(5)","10X_ntph_F"
"Female_NTPH_GCCCAGAGTCCGCAGT-1",2.63904702960364,"PMN(6)","10X_ntph_F"
"Female_NTPH_AGATGAATCGCAATTG-1",3.40120646252657,"PMN(0)","10X_ntph_F"
"Female_NTPH_CTCCTCCTCGGCTGTG-1",3.1354910421105,"PMN(3)","10X_ntph_F"
"Female_NTPH_GACACGCAGCCTATTG-1",1.79003966540422e-06,"PMN(4)","10X_ntph_F"
"Female_NTPH_ATTCACTGTGTGTTTG-1",2.1972280576181,"PMN(0)","10X_ntph_F"
"Female_NTPH_AATCGTGGTGGGCTCT-1",2.63904678682505,"PMN(3)","10X_ntph_F"
"Female_NTPH_AGCCAATCAGCGAGTA-1",3.13549316848627,"PMN(0)","10X_ntph_F"
"Female_NTPH_GCTGGGTAGACGCAGT-1",3.63758387630021,"PMN(0)","10X_ntph_F"
"Female_NTPH_CTCCGATCAATTGCGT-1",2.07944829523546,"PMN(1)","10X_ntph_F"
"Female_NTPH_CATACCCCAAAGAACT-1",1.38628202867296,"PMN(3)","10X_ntph_F"
"Female_NTPH_ATCGATGCAAGCGCTC-1",3.21886382525276,"PMN(1)","10X_ntph_F"
"Female_NTPH_TCTATACGTCGCGTCA-1",3.55535572015518,"PMN(0)","10X_ntph_F"
"Female_NTPH_TCACTATTCGACTCCT-1",2.7080443201236,"PMN(0)","10X_ntph_F"
"Female_NTPH_ATGGAGGGTTATCTGG-1",3.40119077870386,"PMN(2)","10X_ntph_F"
"Female_NTPH_AAGCGAGCATGCGTGC-1",3.46573703293495,"PMN(1)","10X_ntph_F"
"Female_NTPH_ACGTAACGTCTACAAC-1",3.2188726208802,"PMN(2)","10X_ntph_F"
"Female_NTPH_ACACCAACAGCGGATA-1",1.38631302493486,"PMN(3)","10X_ntph_F"
"Female_NTPH_CGTTAGACAGAGGTTG-1",1.09861488398267,"PMN(1)","10X_ntph_F"
"Female_NTPH_CATTCCGCAAACGAGC-1",2.9957338891547,"PMN(2)","10X_ntph_F"
"Female_NTPH_CACGTGGTCCGATCTC-1",3.04453174847252,"PMN(1)","10X_ntph_F"
"Female_NTPH_AATCGTGTCCTCTAGC-1",2.83321274458872,"PMN(6)","10X_ntph_F"
"Female_NTPH_CAGCCAGTCCGTACGG-1",2.89037224529317,"PMN(3)","10X_ntph_F"
"Female_NTPH_TCACACCAGGTTTACC-1",2.56493862870753,"PMN(1)","10X_ntph_F"
"Female_NTPH_TCCTTTCGTCCCTAAA-1",2.56492642774723,"PMN(1)","10X_ntph_F"
"Female_NTPH_CGGGCATAGCCGATTT-1",3.61090584057572,"PMN(0)","10X_ntph_F"
"Female_NTPH_TCATGGATCTCCACTG-1",1.38629550221419,"PMN(1)","10X_ntph_F"
"Female_NTPH_ATTCAGGTCCCTGTTG-1",1.3862840281491,"PMN(3)","10X_ntph_F"
"Female_NTPH_CGCATAAGTGAGCAGT-1",6.88807752342063e-06,"PMN(0)","10X_ntph_F"
"Female_NTPH_GGCTTTCAGTCTGGAG-1",1.79176672005823,"PMN(4)","10X_ntph_F"
"Female_NTPH_TACATTCAGGTAAGTT-1",1.79176164303016,"PMN(5)","10X_ntph_F"
"Female_NTPH_CTCCCAACATCAGCAT-1",3.21887380830088,"PMN(1)","10X_ntph_F"
"Female_NTPH_CTGTCGTAGACGACTG-1",1.79174581232945,"PMN(3)","10X_ntph_F"
"Female_NTPH_CCCTAACAGTGCCGAA-1",2.77258563286369,"PMN(1)","10X_ntph_F"
"Female_NTPH_TGGTTAGAGTGACCTT-1",2.30258056396518,"PMN(1)","10X_ntph_F"
"Female_NTPH_AAAGTCCTCCATCTGC-1",3.1355008482206,"PMN(5)","10X_ntph_F"
"Female_NTPH_GCTGGGTTCCCGTGAG-1",1.09862537496348,"PMN(4)","10X_ntph_F"
"Female_NTPH_CCTAACCGTTTGGAAA-1",5.01040309894498e-06,"PMN(0)","10X_ntph_F"
"Female_NTPH_ATGTCCCGTCATGACT-1",0.693135897674593,"PMN(4)","10X_ntph_F"
"Female_NTPH_GTCCTCAAGGTCATTC-1",3.36731253995953,"PMN(2)","10X_ntph_F"
"Female_NTPH_ACAAGCTAGTAATACG-1",3.55535816501974,"PMN(3)","10X_ntph_F"
"Female_NTPH_TGAGACTCATACACCA-1",3.49650979667864,"PMN(0)","10X_ntph_F"
"Female_NTPH_CACTGTCAGGTAGACC-1",3.13547215108322,"PMN(2)","10X_ntph_F"
"Female_NTPH_TACATTCAGGGTCACA-1",0.69313763470376,"PMN(1)","10X_ntph_F"
"Female_NTPH_TCGACGGCAATGGCCC-1",-6.85730672102366e-07,"PMN(0)","10X_ntph_F"
"Female_NTPH_TCCTCCCGTCCTCCTA-1",2.99573988661301,"PMN(0)","10X_ntph_F"
"Female_NTPH_TCAATCTAGTAAACAC-1",3.25808473897948,"PMN(0)","10X_ntph_F"
"Female_NTPH_TGACCCTCACAAATCC-1",3.6889115661035,"PMN(2)","10X_ntph_F"
"Female_NTPH_GGGTGTCAGGAGCTGT-1",3.29581132775582,"PMN(6)","10X_ntph_F"
"Female_NTPH_TCCATCGAGCGCGTTC-1",-2.35933949334065e-06,"PMN(0)","10X_ntph_F"
"Female_NTPH_CTCCCTCGTTAATGAG-1",2.0794389460534,"PMN(0)","10X_ntph_F"
"Female_NTPH_TCGACGGTCCGTCACT-1",1.79175283555889,"PMN(0)","10X_ntph_F"
"Female_NTPH_AGAGCCCTCGATTCCC-1",3.29583367609722,"PMN(3)","10X_ntph_F"
"Female_NTPH_GGCACGTGTGTAAACA-1",1.94591757300689,"PMN(1)","10X_ntph_F"
"Female_NTPH_CTTCTCTGTGTCACAT-1",3.17804508742119,"PMN(0)","10X_ntph_F"
"Female_NTPH_ACGTAGTTCTCGTTTA-1",2.39787444466071,"PMN(2)","10X_ntph_F"
"Female_NTPH_TTCCAATCAACTCGAT-1",2.07944247935886,"PMN(0)","10X_ntph_F"
"Female_NTPH_GGATCTAGTGGCGTAA-1",3.63758614152827,"PMN(2)","10X_ntph_F"
"Female_NTPH_GGCAGTCGTCAGCTTA-1",2.48490651878148,"PMN(4)","10X_ntph_F"
"Female_NTPH_GAGCTGCCAGCTGCCA-1",3.33221118985595,"PMN(1)","10X_ntph_F"
"Female_NTPH_CCGGTAGAGTCTGCAT-1",3.61091778096719,"PMN(0)","10X_ntph_F"
"Female_NTPH_ACTTCGCAGTCTGGTT-1",3.13550197639945,"PMN(5)","10X_ntph_F"
"Female_NTPH_TACCCACAGAAGCCAC-1",2.48488654243467,"PMN(2)","10X_ntph_F"
"Female_NTPH_GATCCCTTCCAGTGTA-1",0.693135898754996,"PMN(0)","10X_ntph_F"
"Female_NTPH_AAGACAACACTGCACG-1",3.58352242645183,"PMN(0)","10X_ntph_F"
"Female_NTPH_TAGGTTGTCCGCAACG-1",2.39789174381355,"PMN(1)","10X_ntph_F"
"Female_NTPH_TGATGCACAGAGAATT-1",3.33221395792118,"PMN(2)","10X_ntph_F"
"Female_NTPH_GTAGCTACAACGCCCA-1",2.83320329685769,"PMN(2)","10X_ntph_F"
"Female_NTPH_CCACACTTCTAGGAAA-1",1.94591738808264,"PMN(1)","10X_ntph_F"
"Female_NTPH_GGGTTTATCCCAGCGA-1",3.46572921447232,"PMN(2)","10X_ntph_F"
"Female_NTPH_TCAGTCCCATCGTTCC-1",3.43397607408321,"PMN(0)","10X_ntph_F"
"Female_NTPH_GTGGGAATCGCTGTCT-1",3.68887602606204,"PMN(0)","10X_ntph_F"
"Female_NTPH_TAAGTCGTCGCTGATA-1",2.8903722556894,"PMN(3)","10X_ntph_F"
"Female_NTPH_GGGAAGTAGTAAAGCT-1",2.1972123005166,"PMN(3)","10X_ntph_F"
"Female_NTPH_TGGATGTGTCGCAACC-1",3.17804619028884,"PMN(5)","10X_ntph_F"
"Female_NTPH_AGTAACCGTCCACGCA-1",3.33219204835459,"PMN(0)","10X_ntph_F"
"Female_NTPH_TTACCATTCTGGGTCG-1",3.76121028343334,"PMN(2)","10X_ntph_F"
"Female_NTPH_CTCCTTTAGCTGTCCG-1",3.43399444061139,"PMN(0)","10X_ntph_F"
"Female_NTPH_GCCAGGTTCCTCACCA-1",2.48489632451663,"PMN(1)","10X_ntph_F"
"Female_NTPH_GCAACATGTTCTCGTC-1",2.19723015079626,"PMN(5)","10X_ntph_F"
"Female_NTPH_CGTCCATTCAGGGTAG-1",3.80665993395609,"PMN(5)","10X_ntph_F"
"Female_NTPH_GATGAGGGTTGAGAGC-1",3.43397607056757,"PMN(2)","10X_ntph_F"
"Female_NTPH_GAGTTACAGTGAGTTA-1",3.04452664969782,"PMN(2)","10X_ntph_F"
"Female_NTPH_TACTTGTTCCGTTGAA-1",1.60943468293098,"PMN(5)","10X_ntph_F"
"Female_NTPH_CTCGAGGTCTGCGATA-1",1.94591895085433,"PMN(3)","10X_ntph_F"
"Female_NTPH_CGTTAGAAGTATAGAC-1",2.56494740882547,"PMN(2)","10X_ntph_F"
"Female_NTPH_GAGGCAACACAAGCCC-1",2.07945342222966,"PMN(1)","10X_ntph_F"
"Female_NTPH_CAATCGATCCTACCAC-1",2.30257999534893,"PMN(3)","10X_ntph_F"
"Female_NTPH_TGGCGTGCACTACCGG-1",2.70805239658232,"PMN(5)","10X_ntph_F"
"Female_NTPH_CTTCTAATCATGCAGT-1",3.40120108460637,"PMN(2)","10X_ntph_F"
"Female_NTPH_ACGTAGTGTTGCCGAC-1",2.79108393730607e-06,"PMN(7)","10X_ntph_F"
"Female_NTPH_TGTGATGTCCGAGATT-1",3.2958388854287,"PMN(2)","10X_ntph_F"
"Female_NTPH_TTCCGGTGTGGCGTAA-1",3.4657357728343,"PMN(0)","10X_ntph_F"
"Female_NTPH_CGTGAATCACTACCCT-1",3.5263596159661,"PMN(0)","10X_ntph_F"
"Female_NTPH_AAGCCATCAACACGTT-1",1.09862593898176,"PMN(4)","10X_ntph_F"
"Female_NTPH_CTCCCTCAGGTTACAA-1",1.0986213699738,"PMN(4)","10X_ntph_F"
"Female_NTPH_CACTTCGCAATCAGCT-1",1.38628826223818,"PMN(1)","10X_ntph_F"
"Female_NTPH_TATACCTGTCCTGGGT-1",3.17806779472016,"PMN(0)","10X_ntph_F"
"Female_NTPH_CTCATGCGTCTACGTA-1",1.79176091721179,"PMN(1)","10X_ntph_F"
"Female_NTPH_GAGACCCTCACCTGGG-1",2.99572586748628,"PMN(0)","10X_ntph_F"
"Female_NTPH_GTGGAGATCAAAGACA-1",1.94591184707791,"PMN(3)","10X_ntph_F"
"Female_NTPH_CAACAGTAGGGTGAGG-1",3.46573433092485,"PMN(6)","10X_ntph_F"
"Female_NTPH_TTTGATCTCTCCTGCA-1",3.1354952253251,"PMN(0)","10X_ntph_F"
"Female_NTPH_GTGACGCTCTTGCAGA-1",3.49649782752494,"PMN(0)","10X_ntph_F"
"Female_NTPH_TTTACTGTCGGTCATA-1",1.7917512709753,"PMN(3)","10X_ntph_F"
"Female_NTPH_ACTTCCGAGTAGGCCA-1",1.36291896902543e-05,"PMN(1)","10X_ntph_F"
"Female_NTPH_AGAGAATGTCTTTCAT-1",3.13550382963846,"PMN(1)","10X_ntph_F"
"Female_NTPH_CCATAAGCAGCATCTA-1",-8.83724474401114e-06,"PMN(4)","10X_ntph_F"
"Female_NTPH_AGGACTTAGACCTGGA-1",2.77257972131863,"PMN(0)","10X_ntph_F"
"Female_NTPH_TAGGTACAGGAAAGGT-1",3.09105968668964,"PMN(3)","10X_ntph_F"
"Female_NTPH_GGGACCTCATGAGAAT-1",1.09863137908973,"PMN(4)","10X_ntph_F"
"Female_NTPH_AACGTCAAGGGAGGCA-1",2.07943377026788,"PMN(3)","10X_ntph_F"
"Female_NTPH_TACAGGTCATCAACCA-1",3.17804080729532,"PMN(2)","10X_ntph_F"
"Female_NTPH_ATCGTCCTCGCCTTGT-1",3.04454867267509,"PMN(3)","10X_ntph_F"
"Female_NTPH_CTTAGGAAGTATAACG-1",3.21887812115734,"PMN(1)","10X_ntph_F"
"Female_NTPH_AAAGGGCGTGCCCGTA-1",1.79176133672698,"PMN(3)","10X_ntph_F"
"Female_NTPH_GAGACCCAGCGGTAGT-1",2.63905809098161,"PMN(2)","10X_ntph_F"
"Female_NTPH_TCTACCGTCTCGAACA-1",3.33221855877707,"PMN(0)","10X_ntph_F"
"Female_NTPH_GTCGTTCGTTCCGCGA-1",3.29583494878198,"PMN(0)","10X_ntph_F"
"Female_NTPH_GAATAGACAATTGTGC-1",2.56496395138318,"PMN(1)","10X_ntph_F"
"Female_NTPH_CATGGATTCCGTGTAA-1",3.5553458549349,"PMN(2)","10X_ntph_F"
"Female_NTPH_CGTTGGGTCATCTCTA-1",2.83321839551508,"PMN(3)","10X_ntph_F"
"Female_NTPH_GGTCACGAGTACGAGC-1",3.09103211838826,"PMN(6)","10X_ntph_F"
"Female_NTPH_AGATGCTTCGGTAACT-1",1.94591185379003,"PMN(1)","10X_ntph_F"
"Female_NTPH_TTATTGCGTACCTAGT-1",3.61092991932583,"PMN(2)","10X_ntph_F"
"Female_NTPH_GACGTTAGTGCAGTGA-1",3.78418799985911,"PMN(0)","10X_ntph_F"
"Female_NTPH_CCTCTAGGTATCTCGA-1",1.38630718587852,"PMN(1)","10X_ntph_F"
"Female_NTPH_ATGAGGGGTCACTACA-1",1.60946518439798,"PMN(1)","10X_ntph_F"
"Female_NTPH_GTTGTGATCGGCTGAC-1",2.83322276329839,"PMN(1)","10X_ntph_F"
"Female_NTPH_TGTTCCGAGGCACGAT-1",3.63758367358601,"PMN(3)","10X_ntph_F"
"Female_NTPH_TCCTCTTAGCTGAAGC-1",1.94591111384391,"PMN(1)","10X_ntph_F"
"Female_NTPH_AGGGTCCCAGTCGGAA-1",3.13548987661974,"PMN(2)","10X_ntph_F"
"Female_NTPH_GTATTGGTCGGACTGC-1",2.89039354457484,"PMN(1)","10X_ntph_F"
"Female_NTPH_CTTACCGGTTCGGTTA-1",2.19719498954003,"PMN(3)","10X_ntph_F"
"Female_NTPH_CTCCTTTCAACGCCCA-1",3.52636133349855,"PMN(1)","10X_ntph_F"
"Female_NTPH_GGGTGTCTCGTTCGCT-1",3.43398830586319,"PMN(3)","10X_ntph_F"
"Female_NTPH_AGAGCAGAGATGCGAC-1",3.6888815885972,"PMN(2)","10X_ntph_F"
"Female_NTPH_AAATGGACATAGAGGC-1",2.94442340097031,"PMN(2)","10X_ntph_F"
"Female_NTPH_ACCTGAAAGTGAACAT-1",4.06044517266188,"PMN(5)","10X_ntph_F"
"Female_NTPH_ATTCACTGTAGGACTG-1",2.63905920625343,"PMN(0)","10X_ntph_F"
"Female_NTPH_AGCGTCGCAGGAATAT-1",2.56496194368279,"PMN(3)","10X_ntph_F"
"Female_NTPH_TCATCCGCATCATTTC-1",2.70805543628002,"PMN(3)","10X_ntph_F"
"Female_NTPH_AGTTAGCCAAGGTCAG-1",0.69315833510272,"PMN(1)","10X_ntph_F"
"Female_NTPH_TTTCACACACCGTCGA-1",3.66355207110722,"PMN(2)","10X_ntph_F"
"Female_NTPH_GTGTTAGGTGTGTGTT-1",1.94590890499951,"PMN(4)","10X_ntph_F"
"Female_NTPH_GAGAGGTCACCTGCAG-1",3.49650947884477,"PMN(0)","10X_ntph_F"
"Female_NTPH_TGTCCCACATGTTTGG-1",3.36729855215898,"PMN(0)","10X_ntph_F"
"Female_NTPH_TTCATTGGTATCGTAC-1",1.38628742297525,"PMN(1)","10X_ntph_F"
"Female_NTPH_TCCACGTAGCTTTCTT-1",2.94445377088565,"PMN(0)","10X_ntph_F"
"Female_NTPH_GGCTTTCCACTTGACA-1",2.89036564022595,"PMN(0)","10X_ntph_F"
"Female_NTPH_ATCGATGTCTATTTCG-1",2.39787912969863,"PMN(1)","10X_ntph_F"
"Female_NTPH_TCCACGTAGTAGGTTA-1",1.79176349412916,"PMN(4)","10X_ntph_F"
"Female_NTPH_CAATACGGTATGACAA-1",2.19723122289069,"PMN(3)","10X_ntph_F"
"Female_NTPH_TAGGGTTCAGCTGTAT-1",1.09862172993882,"PMN(4)","10X_ntph_F"
"Female_NTPH_CTTGATTCATGGAACG-1",2.63904786700728,"PMN(1)","10X_ntph_F"
"Female_NTPH_ACTATCTGTAAGCTCT-1",1.94590766617082,"PMN(2)","10X_ntph_F"
"Female_NTPH_ATGACCAAGACTCGAG-1",1.09859900430342,"PMN(4)","10X_ntph_F"
"Female_NTPH_TACCCGTCAAATTGGA-1",2.07944998931726,"PMN(1)","10X_ntph_F"
"Female_NTPH_TTCCTTCCATCCGGTG-1",2.56495283442886,"PMN(1)","10X_ntph_F"
"Female_NTPH_GTGTGGCTCGGTATGT-1",1.94591928668118,"PMN(0)","10X_ntph_F"
"Female_NTPH_AGGGTGACAGACCCGT-1",1.38630044386542,"PMN(1)","10X_ntph_F"
"Female_NTPH_TGCGATATCCGCCTAT-1",1.60943183695422,"PMN(1)","10X_ntph_F"
"Female_NTPH_ATACCTTGTGCTCGTG-1",3.13549601250986,"PMN(3)","10X_ntph_F"
"Female_NTPH_GGGAGTATCCATATGG-1",1.60941882833991,"PMN(4)","10X_ntph_F"
"Female_NTPH_CTGTGAATCGAGTTGT-1",1.94591517851789,"PMN(3)","10X_ntph_F"
"Female_NTPH_ATAGGCTGTGGAAGTC-1",3.29584655499586,"PMN(2)","10X_ntph_F"
"Female_NTPH_TACATTCAGAAGCCAC-1",3.21886706749694,"PMN(0)","10X_ntph_F"
"Female_NTPH_TCGCAGGCACTGAGGA-1",3.95122235833604,"PMN(0)","10X_ntph_F"
"Female_NTPH_TGTAACGCAATACGCT-1",1.79174424095224,"PMN(3)","10X_ntph_F"
"Female_NTPH_CTCAACCAGAACCGCA-1",2.56493822627946,"PMN(2)","10X_ntph_F"
"Female_NTPH_CCACAAAGTTATGACC-1",4.09435697206106,"PMN(0)","10X_ntph_F"
"Female_NTPH_GTCTGTCAGGTAAGTT-1",3.46573593761908,"PMN(1)","10X_ntph_F"
"Female_NTPH_GCCCGAAGTACCGCGT-1",-1.23779458599307e-05,"PMN(3)","10X_ntph_F"
"Female_NTPH_GCCGTGATCCTTACCG-1",1.60944346942529,"PMN(1)","10X_ntph_F"
"Female_NTPH_CACTGTCTCAAGGAGC-1",3.09102062186482,"PMN(2)","10X_ntph_F"
"Female_NTPH_CATCGGGTCGCGGACT-1",1.79175699898348,"PMN(1)","10X_ntph_F"
"Female_NTPH_ACCTGAACATTCGATG-1",0.693158309129221,"PMN(4)","10X_ntph_F"
"Female_NTPH_GTCGCGACATAATGAG-1",3.43398378775278,"PMN(2)","10X_ntph_F"
"Female_NTPH_TTTGATCGTATCAGCT-1",3.33221756455863,"PMN(2)","10X_ntph_F"
"Female_NTPH_CTGGTCTTCCTTGGAA-1",3.2581144912602,"PMN(0)","10X_ntph_F"
"Female_NTPH_AGTGCCGGTCAGTTTG-1",3.21886414651593,"PMN(2)","10X_ntph_F"
"Female_NTPH_TACAGGTAGAGAGTGA-1",1.38628283824364,"PMN(4)","10X_ntph_F"
"Female_NTPH_GGTCACGGTGCAATAA-1",0.693138036005252,"PMN(1)","10X_ntph_F"
"Female_NTPH_TGTGGCGAGTTGCGCC-1",3.09104774063864,"PMN(0)","10X_ntph_F"
"Female_NTPH_TTGGTTTAGAGCATAT-1",3.465744253589,"PMN(6)","10X_ntph_F"
"Female_NTPH_CGCCATTAGTGGTGGT-1",1.20913697409153e-05,"PMN(1)","10X_ntph_F"
"Female_NTPH_GCCCAGAAGCTGTCCG-1",2.89038475262162,"PMN(0)","10X_ntph_F"
"Female_NTPH_ACGGTTACAAGCTCTA-1",1.09862304599115,"PMN(4)","10X_ntph_F"
"Female_NTPH_ATCCATTCAATGAAAC-1",3.66357104413988,"PMN(0)","10X_ntph_F"
"Female_NTPH_GACTGATAGGTAATCA-1",2.70805183484914,"PMN(0)","10X_ntph_F"
"Female_NTPH_TTCTCTCTCGTAACAC-1",1.3862854797343,"PMN(3)","10X_ntph_F"
"Female_NTPH_AATTCCTTCATGAGAA-1",2.56494209585171,"PMN(0)","10X_ntph_F"
"Female_NTPH_AAGCGTTTCGAACGCC-1",3.46573997876978,"PMN(0)","10X_ntph_F"
"Female_NTPH_ATAGGCTCAGCCATTA-1",1.68353633925179e-05,"PMN(7)","10X_ntph_F"
"Female_NTPH_CAACCTCCATGCCATA-1",3.43400426428338,"PMN(0)","10X_ntph_F"
"Female_NTPH_ATAGACCTCGGAAGGT-1",3.40117811999515,"PMN(2)","10X_ntph_F"
"Female_NTPH_CGGCAGTAGAGCTTTC-1",1.94590180907516,"PMN(1)","10X_ntph_F"
"Female_NTPH_CTGAGGCCAAGTTCGT-1",3.40121157298732,"PMN(0)","10X_ntph_F"
"Female_NTPH_TCATTGTCAGCGAACA-1",2.89036111679901,"PMN(2)","10X_ntph_F"
"Female_NTPH_AATAGAGGTTGCATAC-1",2.30256895721932,"PMN(1)","10X_ntph_F"
"Female_NTPH_GGGACCTTCAACTGGT-1",2.39790127090926,"PMN(5)","10X_ntph_F"
"Female_NTPH_TTCTAGTGTTAGCTAC-1",1.73296470538705e-05,"PMN(0)","10X_ntph_F"
"Female_NTPH_TACCCACCAGGACAGT-1",2.48492599483362,"PMN(3)","10X_ntph_F"
"Female_NTPH_GCAGCCATCCATATGG-1",0.693152508765702,"PMN(1)","10X_ntph_F"
"Female_NTPH_GCCCAGATCAAGCGTT-1",1.79176666588562,"PMN(1)","10X_ntph_F"
"Female_NTPH_TTAGTCTGTCGGAAAC-1",2.89037735883002,"PMN(2)","10X_ntph_F"
"Female_NTPH_TCACAAGTCAACTTTC-1",2.63905714874594,"PMN(2)","10X_ntph_F"
"Female_NTPH_CCCTGATTCCGGGACT-1",2.48487293239717,"PMN(0)","10X_ntph_F"
"Female_NTPH_AGAGAGCTCATTACCT-1",3.4012049886946,"PMN(2)","10X_ntph_F"
"Female_NTPH_GGTCACGGTGGCCACT-1",3.13549030366063,"PMN(0)","10X_ntph_F"
"Female_NTPH_AAGTGAACATGGAGAC-1",1.79176956824029,"PMN(1)","10X_ntph_F"
"Female_NTPH_TTGGGATAGGAAGTAG-1",3.04451616799195,"PMN(4)","10X_ntph_F"
"Female_NTPH_GTAGTACAGGCGATAC-1",3.21885947909451,"PMN(0)","10X_ntph_F"
"Female_NTPH_TTCATTGAGTCAACAA-1",0.693159632986466,"PMN(4)","10X_ntph_F"
"Female_NTPH_GCCATGGAGAGCCATG-1",2.70805201487668,"PMN(5)","10X_ntph_F"
"Female_NTPH_TATTGGGCACAATTCG-1",1.60947286547674,"PMN(1)","10X_ntph_F"
"Female_NTPH_TGCATGAAGACGCTCC-1",3.40120653758129,"PMN(0)","10X_ntph_F"
"Female_NTPH_GTCATGAAGTAGGGTC-1",2.19723506240139,"PMN(2)","10X_ntph_F"
"Female_NTPH_TTTGTTGGTGGGACAT-1",1.38630199936926,"PMN(5)","10X_ntph_F"
"Female_NTPH_TGTAGACGTCTGTGCG-1",-6.03387376859399e-06,"PMN(0)","10X_ntph_F"
"Female_NTPH_GCCCGAAGTGCTTCAA-1",1.38629065682326,"PMN(4)","10X_ntph_F"
"Female_NTPH_TCATATCTCTCTCGCA-1",2.30259569125343,"PMN(3)","10X_ntph_F"
"Female_NTPH_ACTTCGCAGGTAGATT-1",3.43399775559044,"PMN(5)","10X_ntph_F"
"Female_NTPH_GAAACCTCACCACATA-1",3.58352476817772,"PMN(0)","10X_ntph_F"
"Female_NTPH_TCCCACAAGTCGGCCT-1",-9.86567435539539e-06,"PMN(0)","10X_ntph_F"
"Female_NTPH_GTGAGCCCAAGACGAC-1",2.07945838789795,"PMN(5)","10X_ntph_F"
"Female_NTPH_AGACTCACAGCGACAA-1",1.94589648064486,"PMN(1)","10X_ntph_F"
"Female_NTPH_TGATGCACATGGATCT-1",-4.33214348611114e-06,"PMN(4)","10X_ntph_F"
"Female_NTPH_GGGTTTACACTGAGGA-1",3.7842128845032,"PMN(2)","10X_ntph_F"
"Female_NTPH_ATGAGGGAGTATGAAC-1",1.3862996023417,"PMN(5)","10X_ntph_F"
"Female_NTPH_TCTTCCTCATATCTCT-1",2.63906703694942,"PMN(3)","10X_ntph_F"
"Female_NTPH_CATTCTATCCGTAGTA-1",2.63906109934923,"PMN(1)","10X_ntph_F"
"Female_NTPH_TTACAGGTCTCAAAGC-1",0.69313722122598,"PMN(4)","10X_ntph_F"
"Female_NTPH_TGTTCATTCTAGTACG-1",3.13548824110002,"PMN(6)","10X_ntph_F"
"Female_NTPH_CACTAAGAGACCGCCT-1",3.21887747738243,"PMN(1)","10X_ntph_F"
"Female_NTPH_GTCTACCAGCTAAGTA-1",2.48487736501621,"PMN(0)","10X_ntph_F"
"Female_NTPH_TTTGTTGTCGGACAAG-1",3.5263520454739,"PMN(0)","10X_ntph_F"
"Female_NTPH_GCTTGGGGTTATAGAG-1",3.40120536750728,"PMN(2)","10X_ntph_F"
"Female_NTPH_ATACTTCTCTTCGTAT-1",1.79175648466818,"PMN(3)","10X_ntph_F"
"Female_NTPH_GAAGAATGTAGATCCT-1",2.77258588612601,"PMN(1)","10X_ntph_F"
"Female_NTPH_CGTTGGGCAGCAGAAC-1",2.0794502368729,"PMN(1)","10X_ntph_F"
"Female_NTPH_TCCAGAATCGCTTAAG-1",3.40119193810931,"PMN(0)","10X_ntph_F"
"Female_NTPH_TACCTGCAGGGAGAAT-1",0.693153468592299,"PMN(4)","10X_ntph_F"
"Female_NTPH_GACTATGCAGGTACGA-1",2.7725744988952,"PMN(1)","10X_ntph_F"
"Female_NTPH_CTGCTCAAGTCGTCTA-1",2.19721230220989,"PMN(0)","10X_ntph_F"
"Female_NTPH_ACCTGTCCATTGTCGA-1",3.526343783561,"PMN(0)","10X_ntph_F"
"Female_NTPH_TGTCCACGTAGGTCAG-1",2.30258593697887,"PMN(3)","10X_ntph_F"
"Female_NTPH_CCTCCAACAAATGGAT-1",2.19722251607958,"PMN(6)","10X_ntph_F"
"Female_NTPH_ACGTAGTGTATGCGTT-1",2.70806461981861,"PMN(2)","10X_ntph_F"
"Female_NTPH_ATGATCGAGAATAGTC-1",0.693146762738911,"PMN(0)","10X_ntph_F"
"Female_NTPH_TCTAACTGTGGTACAG-1",3.73768315582815,"PMN(0)","10X_ntph_F"
"Female_NTPH_TTCAATCTCGCAGAGA-1",3.21889527712096,"PMN(0)","10X_ntph_F"
"Female_NTPH_AAGATAGGTTTGTGGT-1",3.13548930654681,"PMN(0)","10X_ntph_F"
"Female_NTPH_AATGGAACATAGATGA-1",3.21887970925895,"PMN(0)","10X_ntph_F"
"Female_NTPH_GAAGCCCGTATTGCCA-1",3.43397875555255,"PMN(3)","10X_ntph_F"
"Female_NTPH_TACCCACTCGAGCCTG-1",7.3799036787109e-06,"PMN(6)","10X_ntph_F"
"Female_NTPH_CATACCCAGAGCCTGA-1",2.77257792463647,"PMN(5)","10X_ntph_F"
"Female_NTPH_CCTCATGGTGGTGATG-1",2.8903614931574,"PMN(5)","10X_ntph_F"
"Female_NTPH_TCCACCACATCTATCT-1",3.29583975393794,"PMN(6)","10X_ntph_F"
"Female_NTPH_CGGTCAGGTCTCACAA-1",3.25809744613468,"PMN(3)","10X_ntph_F"
"Female_NTPH_TGCTGAATCGATTGAC-1",1.38629698735166,"PMN(3)","10X_ntph_F"
"Female_NTPH_GTCTCACTCAACGCTA-1",3.29583755935346,"PMN(5)","10X_ntph_F"
"Female_NTPH_AACACACGTCGCGTCA-1",3.55534277505122,"PMN(6)","10X_ntph_F"
"Female_NTPH_GGATCTAAGCACTCGC-1",3.52635922259452,"PMN(5)","10X_ntph_F"
"Female_NTPH_GCAGTTAGTTGGTACT-1",3.13551041751659,"PMN(2)","10X_ntph_F"
"Female_NTPH_GACTTCCAGGATAATC-1",2.99573209460276,"PMN(2)","10X_ntph_F"
"Female_NTPH_CTGCGAGGTTCTGAGT-1",3.8711878260139,"PMN(0)","10X_ntph_F"
"Female_NTPH_CATTCATGTCAGTCGC-1",0.693138734958339,"PMN(1)","10X_ntph_F"
"Female_NTPH_CAACCTCGTGACTCGC-1",3.43397618633642,"PMN(0)","10X_ntph_F"
"Female_NTPH_TCATGAGTCTCTGGTC-1",2.77257972133835,"PMN(2)","10X_ntph_F"
"Female_NTPH_ATTCTACTCACGGACC-1",-1.26108391982248e-05,"PMN(0)","10X_ntph_F"
"Female_NTPH_TGTTGAGGTTAACCTG-1",1.09858603017908,"PMN(1)","10X_ntph_F"
"Female_NTPH_GTAGGTTTCTTCCACG-1",3.13550090658664,"PMN(2)","10X_ntph_F"
"Female_NTPH_CCGCAAGCACGTTCGG-1",0.693153780975038,"PMN(4)","10X_ntph_F"
"Female_NTPH_AATGGCTTCTATTGTC-1",3.66355914012529,"PMN(0)","10X_ntph_F"
"Female_NTPH_GTCATCCCATCGGAGA-1",1.38628712314672,"PMN(5)","10X_ntph_F"
"Female_NTPH_TCGACGGCATGACTAC-1",2.89036363607984,"PMN(1)","10X_ntph_F"
"Female_NTPH_TGGGCGTGTTTACCTT-1",1.60944189977746,"PMN(3)","10X_ntph_F"
"Female_NTPH_TGGGATTCAGCCTATA-1",3.71357433234005,"PMN(0)","10X_ntph_F"
"Female_NTPH_CGAAGGAAGACCATAA-1",2.89037597433196,"PMN(1)","10X_ntph_F"
"Female_NTPH_CAATTTCGTGCCTTCT-1",2.30258514137348,"PMN(1)","10X_ntph_F"
"Female_NTPH_TGAGGGAAGCGTTCAT-1",3.33221070001435,"PMN(0)","10X_ntph_F"
"Female_NTPH_ATTATCCTCAAGGTGG-1",4.31133944485928e-06,"PMN(4)","10X_ntph_F"
"Female_NTPH_TGATTTCAGGAGGCAG-1",5.58312370187223e-06,"PMN(0)","10X_ntph_F"
"Female_NTPH_CCCTTAGCATGACTGT-1",2.07944650129264,"PMN(5)","10X_ntph_F"
"Female_NTPH_CTGAGCGTCAAGATAG-1",3.25811315687889,"PMN(1)","10X_ntph_F"
"Female_NTPH_TCTGGCTGTATCGTTG-1",3.58350838810999,"PMN(5)","10X_ntph_F"
"Female_NTPH_GCTTGGGTCTACCACC-1",2.89038684114303,"PMN(2)","10X_ntph_F"
"Female_NTPH_TCACAAGGTTGGACTT-1",3.43398386239858,"PMN(6)","10X_ntph_F"
"Female_NTPH_CTCATGCAGGTTTACC-1",0.693146530752507,"PMN(4)","10X_ntph_F"
"Female_NTPH_ATCCGTCTCCTTCACG-1",8.10815387134028e-07,"PMN(4)","10X_ntph_F"
"Female_NTPH_CAACCAACAGCTGAAG-1",3.49650307931852,"PMN(3)","10X_ntph_F"
"Female_NTPH_TGGGAGACAGCCCAGT-1",3.55532252341991,"PMN(0)","10X_ntph_F"
"Female_NTPH_AACAAAGGTAAGTTAG-1",3.55534493216406,"PMN(0)","10X_ntph_F"
"Female_NTPH_GGAGGATGTACCGGCT-1",4.00733359906399,"PMN(6)","10X_ntph_F"
"Female_NTPH_CCGATCTGTCTTGCTC-1",3.43396982720453,"PMN(0)","10X_ntph_F"
"Female_NTPH_ACAGAAACACAGCTGC-1",3.36730132938307,"PMN(0)","10X_ntph_F"
"Female_NTPH_CATGGATTCGAACCTA-1",2.48490067705107,"PMN(0)","10X_ntph_F"
"Female_NTPH_TATTGGGGTAGCTCGC-1",1.09862676608617,"PMN(1)","10X_ntph_F"
"Female_NTPH_AACAGGGGTCTGTGGC-1",3.21887847354934,"PMN(0)","10X_ntph_F"
"Female_NTPH_TTTCATGCACGACAAG-1",1.60943002460602,"PMN(1)","10X_ntph_F"
"Female_NTPH_AGAAGCGTCTAACACG-1",3.13549589325136,"PMN(1)","10X_ntph_F"
"Female_NTPH_GAGATGGGTAGGTAGC-1",2.89037433372725,"PMN(1)","10X_ntph_F"
"Female_NTPH_CCGCAAGTCACGGACC-1",2.56495847793521,"PMN(5)","10X_ntph_F"
"Female_NTPH_GGGTTATGTCTGCGCA-1",3.52635895589234,"PMN(0)","10X_ntph_F"
"Female_NTPH_GTAGGAGTCCGTGACG-1",3.6375658259693,"PMN(2)","10X_ntph_F"
"Female_NTPH_TCGTGGGGTCGAGCTC-1",1.60942491577587,"PMN(1)","10X_ntph_F"
"Female_NTPH_TTAGGGTGTTAATCGC-1",-8.57250659929035e-06,"PMN(4)","10X_ntph_F"
"Female_NTPH_ACAACCAAGGTCCTGC-1",2.94444324181939,"PMN(3)","10X_ntph_F"
"Female_NTPH_TTCACGCAGGCCCGTT-1",3.13549136756652,"PMN(0)","10X_ntph_F"
"Female_NTPH_CCAATGAAGGTCGTAG-1",3.0910363096729,"PMN(0)","10X_ntph_F"
"Female_NTPH_TTAGGCATCTGTCGCT-1",3.40118893275383,"PMN(2)","10X_ntph_F"
"Female_NTPH_TTACCATGTTTACTGG-1",3.4657374397493,"PMN(2)","10X_ntph_F"
"Female_NTPH_CCGTTCACAAACTCGT-1",3.63757764540363,"PMN(1)","10X_ntph_F"
"Female_NTPH_ACTTAGGCAAACACCT-1",1.79175549001733,"PMN(1)","10X_ntph_F"
"Female_NTPH_AACCAACAGACGGAAA-1",2.48489725001574,"PMN(3)","10X_ntph_F"
"Female_NTPH_GAACGTTTCGCTAGCG-1",3.21886194233079,"PMN(0)","10X_ntph_F"
"Female_NTPH_TTAGTCTTCAGCAATC-1",2.07945109352572,"PMN(1)","10X_ntph_F"
"Female_NTPH_CCGGTGAGTTTCTTAC-1",-1.31749547003238e-05,"PMN(3)","10X_ntph_F"
"Female_NTPH_TCGGGCAAGCATGATA-1",3.29583759629579,"PMN(2)","10X_ntph_F"
"Female_NTPH_CTTGAGAGTTTACGAC-1",3.61091223078574,"PMN(1)","10X_ntph_F"
"Female_NTPH_AACCTGAAGGTTCCGC-1",2.63904674510857,"PMN(3)","10X_ntph_F"
"Female_NTPH_TGCGATAAGACCGCCT-1",2.07944413481522,"PMN(5)","10X_ntph_F"
"Female_NTPH_TTTACTGAGCGTGTCC-1",1.7917632005731,"PMN(5)","10X_ntph_F"
"Female_NTPH_CCTGTTGTCGGCTTCT-1",3.29584951267202,"PMN(0)","10X_ntph_F"
"Female_NTPH_CATCAAGCAAGCGCTC-1",3.04452568997338,"PMN(1)","10X_ntph_F"
"Female_NTPH_GAAGTAAAGAAGCGCT-1",3.13549283125595,"PMN(5)","10X_ntph_F"
"Female_NTPH_TTTAGTCAGGAACTCG-1",1.79178549391703,"PMN(4)","10X_ntph_F"
"Female_NTPH_TCGCAGGAGCAGGGAG-1",1.60943140958982,"PMN(4)","10X_ntph_F"
"Female_NTPH_ATTCAGGGTATCTTCT-1",1.60942788060182,"PMN(4)","10X_ntph_F"
"Female_NTPH_GATTCTTGTGAGTCAG-1",2.89036640675704,"PMN(0)","10X_ntph_F"
"Female_NTPH_GAGAAATTCGCTAATG-1",2.8903706537505,"PMN(2)","10X_ntph_F"
"Female_NTPH_CTACTATGTCACAGTT-1",3.43399320878684,"PMN(0)","10X_ntph_F"
"Female_NTPH_GGGACTCGTGGATCGA-1",3.2188799833188,"PMN(2)","10X_ntph_F"
"Female_NTPH_AACAAAGGTTGGATCT-1",3.17805277284148,"PMN(2)","10X_ntph_F"
"Female_NTPH_GAGTGTTAGGTTCTTG-1",3.33219594454982,"PMN(6)","10X_ntph_F"
"Female_NTPH_AATTCCTGTCCATAGT-1",3.46574717607307,"PMN(5)","10X_ntph_F"
"Female_NTPH_TGATTCTAGCGTCAGA-1",2.772597885056,"PMN(5)","10X_ntph_F"
"Female_NTPH_GCGAGAATCCAGGACC-1",2.07943429788391,"PMN(1)","10X_ntph_F"
"Female_NTPH_TTACAGGGTCCGAAAG-1",3.36730269777735,"PMN(2)","10X_ntph_F"
"Female_NTPH_TGTCAGAGTTGAAGTA-1",2.30258959385196,"PMN(2)","10X_ntph_F"
"Female_NTPH_TCGATTTAGTTCTACG-1",1.04522160610504e-05,"PMN(0)","10X_ntph_F"
"Female_NTPH_AGGTCTAGTCTACGTA-1",3.52636202090651,"PMN(2)","10X_ntph_F"
"Female_NTPH_CATTTCAGTCGATGCC-1",2.99572086288246,"PMN(3)","10X_ntph_F"
"Female_NTPH_TTGGTTTGTGTCTTAG-1",2.94444700416046,"PMN(2)","10X_ntph_F"
"Female_NTPH_TCTGGCTGTTATCTTC-1",3.17804654318264,"PMN(0)","10X_ntph_F"
"Female_NTPH_GTTAGTGTCCATCTGC-1",2.77259399433264,"PMN(1)","10X_ntph_F"
"Female_NTPH_AGATCCACACTGCACG-1",3.29585360079205,"PMN(3)","10X_ntph_F"
"Female_NTPH_GGGTATTTCGTTAGTG-1",2.70803601282201,"PMN(2)","10X_ntph_F"
"Female_NTPH_AGGCATTCACATATGC-1",3.36731144909449,"PMN(0)","10X_ntph_F"
"Female_NTPH_TACTTCATCCTAAGTG-1",2.07945507328993,"PMN(1)","10X_ntph_F"
"Female_NTPH_TATCGCCTCATTGGTG-1",2.3978899858306,"PMN(5)","10X_ntph_F"
"Female_NTPH_TTCTAACTCGGACTTA-1",3.29583435327657,"PMN(3)","10X_ntph_F"
"Female_NTPH_AGAAATGGTATGGGAC-1",1.79175261075119,"PMN(5)","10X_ntph_F"
"Female_NTPH_TCGGTCTTCACATTGG-1",-5.70367652254122e-06,"PMN(3)","10X_ntph_F"
"Female_NTPH_GAGTGTTGTAGAGATT-1",2.56495515377535,"PMN(0)","10X_ntph_F"
"Female_NTPH_CGTGCTTTCTCCTGCA-1",-8.98959005252115e-06,"PMN(6)","10X_ntph_F"
"Female_NTPH_ACTTTGTGTTATGGTC-1",1.94590824575643,"PMN(1)","10X_ntph_F"
"Female_NTPH_ATGTCCCTCGCTGCGA-1",2.30258365396027,"PMN(1)","10X_ntph_F"
"Female_NTPH_CTGCTCACACCGTGCA-1",3.0910414876318,"PMN(6)","10X_ntph_F"
"Female_NTPH_TTAATCCGTCACGACC-1",2.39789708726553,"PMN(1)","10X_ntph_F"
"Female_NTPH_CCGATGGCACTTGTGA-1",3.5835349041982,"PMN(0)","10X_ntph_F"
"Female_NTPH_TAGATCGCACACCTGG-1",3.40119286834476,"PMN(2)","10X_ntph_F"
"Female_NTPH_TGGAGGATCTGCGGGT-1",1.09860433986586,"PMN(1)","10X_ntph_F"
"Female_NTPH_GGTCTGGCAACTAGAA-1",1.38630228396339,"PMN(1)","10X_ntph_F"
"Female_NTPH_CCTCCTCAGGTCATTC-1",1.79176327395105,"PMN(1)","10X_ntph_F"
"Female_NTPH_GGATCTACATTCCTAT-1",3.21887818274803,"PMN(0)","10X_ntph_F"
"Female_NTPH_GACGCTGAGAAGTCTA-1",0.69315309044258,"PMN(4)","10X_ntph_F"
"Female_NTPH_ATTTCACAGCCGGATA-1",1.38628024181787,"PMN(1)","10X_ntph_F"
"Female_NTPH_GCACATATCTACTTCA-1",1.60944854539202,"PMN(3)","10X_ntph_F"
"Female_NTPH_CACTAAGCAGTCTGGC-1",3.0910469925371,"PMN(0)","10X_ntph_F"
"Female_NTPH_GTCTGTCCATTCAGCA-1",3.13550372905892,"PMN(0)","10X_ntph_F"
"Female_NTPH_TCATGAGGTGAGAACC-1",3.6888734689368,"PMN(0)","10X_ntph_F"
"Female_NTPH_GATGGAGCATAATCCG-1",3.17803541094744,"PMN(2)","10X_ntph_F"
"Female_NTPH_AGACACTGTGTGAATA-1",2.56494451156621,"PMN(1)","10X_ntph_F"
"Female_NTPH_TCTACATAGCGTTCCG-1",3.36728676151832,"PMN(1)","10X_ntph_F"
"Female_NTPH_CGGTCAGCAGATCACT-1",3.25811876564596,"PMN(2)","10X_ntph_F"
"Female_NTPH_GATCATGCATATCTCT-1",0.693143045894182,"PMN(4)","10X_ntph_F"
"Female_NTPH_TGGATCACAACTGGTT-1",2.8903696011577,"PMN(0)","10X_ntph_F"
"Female_NTPH_GGTGTCGTCGACTCCT-1",1.06297852007115e-05,"PMN(1)","10X_ntph_F"
"Female_NTPH_GTGGAGACAACCCGCA-1",1.38630056458516,"PMN(4)","10X_ntph_F"
"Female_NTPH_TACTGCCCAACCGATT-1",2.48491338045452,"PMN(1)","10X_ntph_F"
"Female_NTPH_TCCAGAACAATCTCTT-1",2.63370956294833e-05,"PMN(4)","10X_ntph_F"
"Female_NTPH_GGTAATCTCTCTTCAA-1",1.0986139498121,"PMN(4)","10X_ntph_F"
"Female_NTPH_TGGCGTGCAATTGGTC-1",3.09106150511369,"PMN(3)","10X_ntph_F"
"Female_NTPH_AATTCCTCAGTGGCTC-1",2.83321588124023,"PMN(0)","10X_ntph_F"
"Female_NTPH_ACGCACGTCAGCAGAG-1",3.13547962570948,"PMN(0)","10X_ntph_F"
"Female_NTPH_CTCCTTTCACGACGTC-1",2.39787300031596,"PMN(1)","10X_ntph_F"
"Female_NTPH_GTAACACCAAGAGTTA-1",0.693153677395457,"PMN(4)","10X_ntph_F"
"Female_NTPH_TGATCTTAGACATAGT-1",3.29582687350568,"PMN(2)","10X_ntph_F"
"Female_NTPH_CGTAATGGTTTAGACC-1",1.79175988895189,"PMN(4)","10X_ntph_F"
"Female_NTPH_TTCACCGTCGCCGAGT-1",3.68889722455094,"PMN(2)","10X_ntph_F"
"Female_NTPH_CGCAGGTAGGAACTCG-1",3.80666596159709,"PMN(0)","10X_ntph_F"
"Female_NTPH_TACCCACTCGGCACTG-1",3.40119451068769,"PMN(1)","10X_ntph_F"
"Female_NTPH_CCTTGTGGTACTAGCT-1",2.89035251212964,"PMN(6)","10X_ntph_F"
"Female_NTPH_TTAGTCTCACATTACG-1",2.9957242670629,"PMN(2)","10X_ntph_F"
"Female_NTPH_GACCAATTCCCATGGG-1",3.63758040354668,"PMN(2)","10X_ntph_F"
"Female_NTPH_CCACCATTCAGAATAG-1",1.60944475449143,"PMN(1)","10X_ntph_F"
"Female_NTPH_GCACTAAAGTTAGAAC-1",3.63759099429986,"PMN(0)","10X_ntph_F"
"Female_NTPH_CTACCTGGTGAGACCA-1",2.94443911880053,"PMN(1)","10X_ntph_F"
"Female_NTPH_TATCAGGGTTCCGGTG-1",2.83321514649356,"PMN(1)","10X_ntph_F"
"Female_NTPH_TGGGCTGGTTATCTGG-1",3.13549133469667,"PMN(5)","10X_ntph_F"
"Female_NTPH_GATTGGTGTGTCCACG-1",2.30258539526627,"PMN(1)","10X_ntph_F"
"Female_NTPH_CACATGACAGTGACCC-1",3.52636324135725,"PMN(0)","10X_ntph_F"
"Female_NTPH_TTCTAGTAGAACAGGA-1",2.70805469268648,"PMN(0)","10X_ntph_F"
"Female_NTPH_GCACTAAGTACTGGGA-1",3.49652583774306,"PMN(6)","10X_ntph_F"
"Female_NTPH_GCTACAAAGAACTTCC-1",3.49649644122937,"PMN(2)","10X_ntph_F"
"Female_NTPH_CGATGGCGTAGTCCTA-1",2.30259984106836,"PMN(2)","10X_ntph_F"
"Female_NTPH_ATCTCTAAGTCAGGGT-1",2.19723129246082,"PMN(5)","10X_ntph_F"
"Female_NTPH_CGAGTTACAAAGCACG-1",3.09102700007288,"PMN(2)","10X_ntph_F"
"Female_NTPH_GGGCCATAGCCACAAG-1",2.19722180686394,"PMN(0)","10X_ntph_F"
"Female_NTPH_TGATTTCGTACGCTAT-1",-6.2934299197198e-06,"PMN(1)","10X_ntph_F"
"Female_NTPH_GCCAGTGGTCATACCA-1",3.49649823146196,"PMN(0)","10X_ntph_F"
"Female_NTPH_GCCCGAATCGTGTTCC-1",2.89035637903132,"PMN(2)","10X_ntph_F"
"Female_NTPH_ATTCCCGTCAACGTGT-1",3.36729088896598,"PMN(2)","10X_ntph_F"
"Female_NTPH_CGACAGCCAGGCAATG-1",2.89036740429601,"PMN(2)","10X_ntph_F"
"Female_NTPH_CGGGTCATCGACCATA-1",3.29583363055757,"PMN(6)","10X_ntph_F"
"Female_NTPH_AGGCATTTCCTTATCA-1",3.40117677052597,"PMN(3)","10X_ntph_F"
"Female_NTPH_TGTCCACTCTAGATCG-1",1.09861670369366,"PMN(0)","10X_ntph_F"
"Female_NTPH_GATGACTGTACTTGTG-1",2.0794490051923,"PMN(3)","10X_ntph_F"
"Female_NTPH_GGTAATCCAGTCGCTG-1",2.19723247376496,"PMN(1)","10X_ntph_F"
"Female_NTPH_ACATCCCTCTGCTGAA-1",2.77259642964485,"PMN(1)","10X_ntph_F"
"Female_NTPH_GTTCCGTGTATGTGTC-1",2.07944354674301,"PMN(2)","10X_ntph_F"
"Female_NTPH_TGCATGAGTTGCTCAA-1",1.60945259593442,"PMN(3)","10X_ntph_F"
"Female_NTPH_TCCAGAAGTGAATGAT-1",1.60942914787926,"PMN(1)","10X_ntph_F"
"Female_NTPH_CTACCTGGTACGATGG-1",2.9444267131195,"PMN(3)","10X_ntph_F"
"Female_NTPH_TCAGGTAGTCCTTGTC-1",2.39789865117757,"PMN(6)","10X_ntph_F"
"Female_NTPH_GTAGAGGGTCATCACA-1",1.09861669690898,"PMN(2)","10X_ntph_F"
"Female_NTPH_GAGTTTGGTAGGGAGG-1",1.9459026838908,"PMN(1)","10X_ntph_F"
"Female_NTPH_TGACCCTAGCGTGCTC-1",3.66356201219085,"PMN(0)","10X_ntph_F"
"Female_NTPH_AGTACTGTCACCTTGC-1",3.29584009910057,"PMN(0)","10X_ntph_F"
"Female_NTPH_AGTACCAAGGGCCCTT-1",1.60944170919442,"PMN(1)","10X_ntph_F"
"Female_NTPH_ATAGAGAGTAGACAGC-1",4.02536045630011,"PMN(0)","10X_ntph_F"
"Female_NTPH_AATCGACCACTGCTTC-1",3.2958461998842,"PMN(3)","10X_ntph_F"
"Female_NTPH_ATCGGATTCTCCCAAC-1",3.13546992785392,"PMN(0)","10X_ntph_F"
"Female_NTPH_AACAGGGCAACGTATC-1",2.56496663740177,"PMN(2)","10X_ntph_F"
"Female_NTPH_TCGTCCAAGGCACTAG-1",2.39789983282483,"PMN(2)","10X_ntph_F"
"Female_NTPH_AAATGGACAAGCGGAT-1",3.73766391467991,"PMN(5)","10X_ntph_F"
"Female_NTPH_GAGGGATTCTGGACTA-1",3.4657247565557,"PMN(0)","10X_ntph_F"
"Female_NTPH_AGACAAAGTCCTGGGT-1",3.58352798909877,"PMN(0)","10X_ntph_F"
"Female_NTPH_TTCACGCAGCGGTAAC-1",2.3025883739542,"PMN(1)","10X_ntph_F"
"Female_NTPH_TGGGAGAAGGCATGGT-1",3.04453321862302,"PMN(5)","10X_ntph_F"
"Female_NTPH_CTAGACAGTCGGTGTC-1",2.89037115474063,"PMN(2)","10X_ntph_F"
"Female_NTPH_TAGATCGCACACGGAA-1",1.09860985348049,"PMN(6)","10X_ntph_F"
"Female_NTPH_ACAAAGAGTTCCCACT-1",2.30260750721965,"PMN(0)","10X_ntph_F"
"Female_NTPH_TCGACGGAGCCTGAAG-1",2.19720421740651,"PMN(3)","10X_ntph_F"
"Female_NTPH_CTTGATTCATGTGGTT-1",1.38629827026454,"PMN(4)","10X_ntph_F"
"Female_NTPH_CTATCTATCGGTCTGG-1",3.40120122979558,"PMN(0)","10X_ntph_F"
"Female_NTPH_CCGATCTCACATAACC-1",0.693151567515941,"PMN(4)","10X_ntph_F"
"Female_NTPH_GATTCTTGTTAGTTCG-1",2.63906291102428,"PMN(3)","10X_ntph_F"
"Female_NTPH_GTTATGGTCCGACGGT-1",3.52635776055233,"PMN(0)","10X_ntph_F"
"Female_NTPH_AATAGAGTCATGAAAG-1",1.38630602400068,"PMN(3)","10X_ntph_F"
"Female_NTPH_AAGCATCTCGAGAAAT-1",3.29581232323198,"PMN(2)","10X_ntph_F"
"Female_NTPH_ATCCCTGCAACTCGTA-1",3.52635246895357,"PMN(1)","10X_ntph_F"
"Female_NTPH_CTACTATTCGCTTGAA-1",3.66356045468414,"PMN(5)","10X_ntph_F"
"Female_NTPH_TGCTGAAGTCGTAATC-1",0.693148812722287,"PMN(1)","10X_ntph_F"
"Female_NTPH_TCAGTGAGTCGAGCTC-1",1.38629842591497,"PMN(2)","10X_ntph_F"
"Female_NTPH_GAGGCCTGTCAAGCCC-1",3.80666888317028,"PMN(6)","10X_ntph_F"
"Female_NTPH_TGATCAGAGCCGGATA-1",3.29582178082796,"PMN(0)","10X_ntph_F"
"Female_NTPH_ACATGCATCGACGCTG-1",3.52636060132221,"PMN(0)","10X_ntph_F"
"Female_NTPH_TCACACCGTTGAAGTA-1",2.07944678336006,"PMN(0)","10X_ntph_F"
"Female_NTPH_CGTGTCTCAATAGTCC-1",3.36730909334519,"PMN(0)","10X_ntph_F"
"Female_NTPH_AAGTTCGTCGCGGTAC-1",3.4339860688078,"PMN(2)","10X_ntph_F"
"Female_NTPH_CGAGTGCTCCATCTGC-1",2.99574826504877,"PMN(1)","10X_ntph_F"
"Female_NTPH_ATGCCTCGTGGCTGAA-1",1.60943509715311,"PMN(4)","10X_ntph_F"
"Female_NTPH_GCGTTTCAGGAACGCT-1",2.30258459401266,"PMN(3)","10X_ntph_F"
"Female_NTPH_ATAGACCCACGGATCC-1",3.6109195147855,"PMN(0)","10X_ntph_F"
"Female_NTPH_CCAATGAAGGCACCAA-1",3.0445174139178,"PMN(2)","10X_ntph_F"
"Female_NTPH_TGGTACAGTCCTCATC-1",3.46574306218021,"PMN(2)","10X_ntph_F"
"Female_NTPH_TGTTCCGGTACGTAGG-1",1.38628090324686,"PMN(1)","10X_ntph_F"
"Female_NTPH_GCCCAGAAGCTGCCAC-1",-5.6435653021491e-08,"PMN(4)","10X_ntph_F"
"Female_NTPH_ACAAGCTGTTAGGAGC-1",3.61091250721873,"PMN(0)","10X_ntph_F"
"Female_NTPH_CATCGGGTCTGGGAGA-1",0.693141709822537,"PMN(0)","10X_ntph_F"
"Female_NTPH_CCTCCTCGTCGCCACA-1",3.63759767418026,"PMN(0)","10X_ntph_F"
"Female_NTPH_GGGAGTAAGCGAGGAG-1",0.693157702756765,"PMN(4)","10X_ntph_F"
"Female_NTPH_GAGTCTATCCATTCGC-1",2.8332293243215,"PMN(5)","10X_ntph_F"
"Female_NTPH_GTAAGTCGTGTTAAAG-1",2.56494671949361,"PMN(2)","10X_ntph_F"
"Female_NTPH_GAGTCTATCATAAGGA-1",2.83321366806409,"PMN(2)","10X_ntph_F"
"Female_NTPH_CCTCCAAGTGTTCGAT-1",1.09859677283503,"PMN(1)","10X_ntph_F"
"Female_NTPH_GTCGTAAGTCCTGTTC-1",3.49650367967218,"PMN(2)","10X_ntph_F"
"Female_NTPH_CACAACACAGCTGAAG-1",2.94445662064766,"PMN(1)","10X_ntph_F"
"Female_NTPH_CTTGATTCAAGAGTTA-1",1.38629019584262,"PMN(4)","10X_ntph_F"
"Female_NTPH_AGTAGTCAGACATCAA-1",1.386282697733,"PMN(4)","10X_ntph_F"
"Female_NTPH_GAAGCCCGTGAATGAT-1",4.18945661851059e-07,"PMN(0)","10X_ntph_F"
"Female_NTPH_AGGTCATGTATGGAAT-1",2.07945400657114,"PMN(1)","10X_ntph_F"
"Female_NTPH_ACTGCAATCCCAGTGG-1",2.9444231994534,"PMN(2)","10X_ntph_F"
"Female_NTPH_CTGAGGCAGGTAATCA-1",3.49650502326176,"PMN(0)","10X_ntph_F"
"Female_NTPH_TTAGGGTTCCAATCCC-1",3.52636520292158,"PMN(1)","10X_ntph_F"
"Female_NTPH_GTAACCACAGAACATA-1",1.97752999445585e-05,"PMN(0)","10X_ntph_F"
"Female_NTPH_TCCTTTCGTTTGTTCT-1",3.04451628166547,"PMN(1)","10X_ntph_F"
"Female_NTPH_TACGCTCAGGAAGTCC-1",3.33221970439122,"PMN(6)","10X_ntph_F"
"Female_NTPH_AAAGGGCAGACTTCGT-1",2.99572794460206,"PMN(0)","10X_ntph_F"
"Female_NTPH_CTTACCGCACATGTTG-1",2.83320303387914,"PMN(0)","10X_ntph_F"
"Female_NTPH_CAACAACGTGAGAGGG-1",2.94442763582146,"PMN(3)","10X_ntph_F"
"Female_NTPH_GACCCAGTCAAACGTC-1",3.17805161936669,"PMN(5)","10X_ntph_F"
"Female_NTPH_TTTCCTCGTTAGGACG-1",2.63905710546827,"PMN(5)","10X_ntph_F"
"Female_NTPH_ACTGATGCAATACGCT-1",3.61091468362594,"PMN(0)","10X_ntph_F"
"Female_NTPH_TGGGCGTTCCGTCCTA-1",2.94444950139804,"PMN(2)","10X_ntph_F"
"Female_NTPH_GAGATGGGTCTTCCGT-1",2.77259061765144,"PMN(0)","10X_ntph_F"
"Female_NTPH_GTAAGTCTCGTTGTAG-1",2.63905627133917,"PMN(1)","10X_ntph_F"
"Female_NTPH_TTCACCGGTATGCGTT-1",3.43398117894042,"PMN(3)","10X_ntph_F"
"Female_NTPH_CTCCAACCATGTGCTA-1",1.945897188896,"PMN(0)","10X_ntph_F"
"Female_NTPH_CATCAAGGTGAGAACC-1",0.693127587293558,"PMN(3)","10X_ntph_F"
"Female_NTPH_CAACAACTCAGGGTAG-1",3.17805596446525,"PMN(2)","10X_ntph_F"
"Female_NTPH_AAGCCATAGCAAGTGC-1",3.29583711936303,"PMN(2)","10X_ntph_F"
"Female_NTPH_GAAGCGACACTACAGT-1",2.30259874322592,"PMN(0)","10X_ntph_F"
"Female_NTPH_TCGCTCATCATTTGGG-1",2.1972274882743,"PMN(1)","10X_ntph_F"
"Female_NTPH_AGTCTCCGTGCCCAGT-1",2.94444695134345,"PMN(1)","10X_ntph_F"
"Female_NTPH_TCACAAGGTCGCAACC-1",3.21887623473194,"PMN(0)","10X_ntph_F"
"Female_NTPH_TCCTCGAAGTAACCTC-1",1.38628617787939,"PMN(5)","10X_ntph_F"
"Female_NTPH_ATCGTAGGTGTACAGG-1",3.09104534976475,"PMN(3)","10X_ntph_F"
"Female_NTPH_GGCTGTGGTACCGCGT-1",3.39787111301115e-06,"PMN(4)","10X_ntph_F"
"Female_NTPH_ATTTCTGTCATTTGGG-1",2.7080420271749,"PMN(1)","10X_ntph_F"
"Female_NTPH_TCCATCGCAGGAGACT-1",2.94443869167329,"PMN(0)","10X_ntph_F"
"Female_NTPH_TGCTTCGGTGCTAGCC-1",2.39791528061488,"PMN(0)","10X_ntph_F"
"Female_NTPH_AGAGAATGTTGTCAGT-1",1.09860099600748,"PMN(0)","10X_ntph_F"
"Female_NTPH_GCAGCTGCATGACGAG-1",2.56496407924746,"PMN(3)","10X_ntph_F"
"Female_NTPH_TTCTTGAGTGGAACCA-1",2.19722230664705,"PMN(1)","10X_ntph_F"
"Female_NTPH_TCTCAGCGTAGGAGTC-1",3.33221933328117,"PMN(3)","10X_ntph_F"
"Female_NTPH_ATCCATTGTCATCCGG-1",0.6931387500282,"PMN(3)","10X_ntph_F"
"Female_NTPH_CGGGACTGTCTTCAAG-1",2.56494869550826,"PMN(2)","10X_ntph_F"
"Female_NTPH_TGATGGTTCTCTGCTG-1",3.13549732826413,"PMN(0)","10X_ntph_F"
"Female_NTPH_CTGTAGAGTAATGCGG-1",0.693146054657662,"PMN(4)","10X_ntph_F"
"Female_NTPH_GGGACCTTCATCGCCT-1",3.29584345339272,"PMN(3)","10X_ntph_F"
"Female_NTPH_CGGTCAGGTAGGATAT-1",3.09104078474331,"PMN(2)","10X_ntph_F"
"Female_NTPH_GTGTGATTCATCGCCT-1",3.40120947039681,"PMN(0)","10X_ntph_F"
"Female_NTPH_ACGGGTCGTACAAAGT-1",1.38629606531423,"PMN(0)","10X_ntph_F"
"Female_NTPH_CATGGTAGTAGATGTA-1",3.52636744881252,"PMN(0)","10X_ntph_F"
"Female_NTPH_TCCTGCACACGCGTCA-1",3.55533620602005,"PMN(2)","10X_ntph_F"
"Female_NTPH_CAATGACTCAGCAATC-1",2.99572568966108,"PMN(1)","10X_ntph_F"
"Female_NTPH_AGGTGTTCATCGGAAG-1",3.04453333280291,"PMN(3)","10X_ntph_F"
"Female_NTPH_AATGCCAAGCGATCGA-1",3.33220959803462,"PMN(0)","10X_ntph_F"
"Female_NTPH_CAGATCAGTAACGATA-1",3.82864003742284,"PMN(2)","10X_ntph_F"
"Female_NTPH_GATGAGGGTCCAAATC-1",3.76119902786619,"PMN(0)","10X_ntph_F"
"Female_NTPH_GAGTGTTGTCGTGGAA-1",3.63759370872799,"PMN(0)","10X_ntph_F"
"Female_NTPH_CTAACTTAGTAATACG-1",2.48490441167478,"PMN(3)","10X_ntph_F"
"Female_NTPH_CCAATGAGTTGGCTAT-1",2.63905807916697,"PMN(3)","10X_ntph_F"
"Female_NTPH_TAAGTCGGTACGTGAG-1",2.1972081177882,"PMN(1)","10X_ntph_F"
"Female_NTPH_TAACACGCATACCATG-1",1.09863002876176,"PMN(1)","10X_ntph_F"
"Female_NTPH_CCAATGAGTGGTCCCA-1",3.61092557232338,"PMN(2)","10X_ntph_F"
"Female_NTPH_ATACTTCGTTTCCCAC-1",3.21888414774663,"PMN(2)","10X_ntph_F"
"Female_NTPH_TTTACCATCTCATTGT-1",2.48488759521278,"PMN(1)","10X_ntph_F"
"Female_NTPH_GCTCAAAAGTAGCAAT-1",3.63758595135962,"PMN(5)","10X_ntph_F"
"Female_NTPH_TCTATCAGTCTCTCTG-1",1.09860819932899,"PMN(4)","10X_ntph_F"
"Female_NTPH_TAATTCCTCGTGTGGC-1",2.8903579940331,"PMN(1)","10X_ntph_F"
"Female_NTPH_CTAGGTAAGACATAAC-1",0.693154454863689,"PMN(4)","10X_ntph_F"
"Female_NTPH_TCATGGAGTGATAGAT-1",0.693159521867758,"PMN(6)","10X_ntph_F"
"Female_NTPH_AGTTCGATCACACCCT-1",3.04451690547936,"PMN(2)","10X_ntph_F"
"Female_NTPH_GGATCTACAATCCTTT-1",1.94590785715353,"PMN(3)","10X_ntph_F"
"Female_NTPH_GTTTGGACACAACCGC-1",1.79177658384794,"PMN(4)","10X_ntph_F"
"Female_NTPH_GAAGCGAGTTAACAGA-1",3.17803733226891,"PMN(3)","10X_ntph_F"
"Female_NTPH_GTCTCACGTACGGATG-1",2.89037920010402,"PMN(5)","10X_ntph_F"
"Female_NTPH_ATACCTTAGCAACCAG-1",2.0794384014666,"PMN(0)","10X_ntph_F"
"Female_NTPH_CTAGACACAACAGCCC-1",3.25809538491307,"PMN(0)","10X_ntph_F"
"Female_NTPH_CATAGACGTGACGTCC-1",2.70804409135878,"PMN(0)","10X_ntph_F"
"Female_NTPH_GGAGATGCACGTCATA-1",0.693158147513736,"PMN(1)","10X_ntph_F"
"Female_NTPH_CTGTGAATCCTCCACA-1",3.17804255867184,"PMN(2)","10X_ntph_F"
"Female_NTPH_TGGTAGTGTGCGACAA-1",2.89038138399109,"PMN(6)","10X_ntph_F"
"Female_NTPH_GCAACATCAAGCGGAT-1",2.89038582253633,"PMN(3)","10X_ntph_F"
"Female_NTPH_GGGACCTGTACTCCGG-1",3.09102603686323,"PMN(2)","10X_ntph_F"
"Female_NTPH_AGTGTTGTCCTCTAAT-1",2.99572100451207,"PMN(1)","10X_ntph_F"
"Female_NTPH_AGCTACAAGACTAAGT-1",3.43399311993995,"PMN(0)","10X_ntph_F"
"Female_NTPH_AGGTTACTCGCATAGT-1",3.04451287463223,"PMN(1)","10X_ntph_F"
"Female_NTPH_GTGATGTGTGTCTTAG-1",2.77258180694092,"PMN(3)","10X_ntph_F"
"Female_NTPH_GATCGTAAGGCTGGAT-1",1.60943345890643,"PMN(1)","10X_ntph_F"
"Female_NTPH_TTACTGTAGGGCTAAC-1",3.46573245795744,"PMN(0)","10X_ntph_F"
"Female_NTPH_TAACGACCAAGAGGCT-1",2.70805723808406,"PMN(0)","10X_ntph_F"
"Female_NTPH_ATCCTATAGTCATTGC-1",1.09860625861046,"PMN(0)","10X_ntph_F"
"Female_NTPH_CACAGATGTAGCTTTG-1",3.04452333122755,"PMN(0)","10X_ntph_F"
"Female_NTPH_ACTATCTAGCGATTCT-1",2.07944891662621,"PMN(0)","10X_ntph_F"
"Female_NTPH_ACACGCGTCCTACGGG-1",2.99571686975955,"PMN(1)","10X_ntph_F"
"Female_NTPH_ACTTCCGCAATCGCGC-1",1.79175257290513,"PMN(0)","10X_ntph_F"
"Female_NTPH_TATCTGTGTCGCAACC-1",3.33221310810981,"PMN(0)","10X_ntph_F"
"Female_NTPH_CTCCGATAGGCGCTCT-1",2.99572850835658,"PMN(1)","10X_ntph_F"
"Female_NTPH_AGCGATTGTTATGTCG-1",3.13546886509445,"PMN(0)","10X_ntph_F"
"Female_NTPH_GCGAGAATCCCGAGGT-1",2.89036317980388,"PMN(5)","10X_ntph_F"
"Female_NTPH_AAACGCTCATCGCTGG-1",3.21888398513227,"PMN(2)","10X_ntph_F"
"Female_NTPH_GTCATTTTCGGCTGAC-1",2.70804593521312,"PMN(1)","10X_ntph_F"
"Female_NTPH_AGAAATGCAGGCTTGC-1",3.52635647824776,"PMN(0)","10X_ntph_F"
"Female_NTPH_GGATCTATCATACAGC-1",1.38629290342765,"PMN(1)","10X_ntph_F"
"Female_NTPH_ACGTCCTTCAGTCACA-1",3.46574309746341,"PMN(6)","10X_ntph_F"
"Female_NTPH_TGCATGAGTATCGCTA-1",2.48490173888048,"PMN(1)","10X_ntph_F"
"Female_NTPH_TTCCGGTGTCAGCTTA-1",3.49651232105086,"PMN(0)","10X_ntph_F"
"Female_NTPH_GTCACTCCAGTAGAGC-1",3.33221024171188,"PMN(3)","10X_ntph_F"
"Female_NTPH_GGTTCTCAGGGAGGCA-1",-1.01885957771565e-05,"PMN(4)","10X_ntph_F"
"Female_NTPH_GGGATGAGTACTCCCT-1",3.29583624728198,"PMN(3)","10X_ntph_F"
"Female_NTPH_TCAGCAAAGAAGCTGC-1",1.79175408617704,"PMN(1)","10X_ntph_F"
"Female_NTPH_ATTATCCCAGTCGAGA-1",3.36729999953374,"PMN(0)","10X_ntph_F"
"Female_NTPH_GGACGTCCAAGAGATT-1",-1.50827665613024e-05,"PMN(7)","10X_ntph_F"
"Female_NTPH_TGGTAGTGTATCGCTA-1",3.58353433015539,"PMN(0)","10X_ntph_F"
"Female_NTPH_CTGCATCGTCGAGCTC-1",1.38630782130078,"PMN(4)","10X_ntph_F"
"Female_NTPH_ACATCGAGTGAATTAG-1",3.04451400916565,"PMN(2)","10X_ntph_F"
"Female_NTPH_CCACTTGTCAACTGAC-1",1.94590345031304,"PMN(3)","10X_ntph_F"
"Female_NTPH_GCAGCTGCAAGCGGAT-1",2.83320425918173,"PMN(0)","10X_ntph_F"
"Female_NTPH_CGAGGAATCTCGGTAA-1",2.63905596420884,"PMN(3)","10X_ntph_F"
"Female_NTPH_GTCTACCTCGTGACTA-1",2.0794365313002,"PMN(5)","10X_ntph_F"
"Female_NTPH_GAAGCCCTCGAGAGCA-1",3.55534918787388,"PMN(1)","10X_ntph_F"
"Female_NTPH_TCTACATCAGAGGTAC-1",3.43396845230952,"PMN(2)","10X_ntph_F"
"Female_NTPH_AGTGTTGAGCCGCTTG-1",1.58546714458315e-06,"PMN(0)","10X_ntph_F"
"Female_NTPH_AACCACAAGACCAGAC-1",1.55626712640043e-07,"PMN(7)","10X_ntph_F"
"Female_NTPH_TCCTCTTTCTGCGGAC-1",0.693131174525333,"PMN(4)","10X_ntph_F"
"Female_NTPH_GACTATGGTGGCTTGC-1",3.49651032119737,"PMN(0)","10X_ntph_F"
"Female_NTPH_GCCATTCGTAGCGTCC-1",2.30258564252044,"PMN(1)","10X_ntph_F"
"Female_NTPH_ATCGTAGTCTACTGCC-1",1.09860998293456,"PMN(5)","10X_ntph_F"
"Female_NTPH_GGTCACGGTGTTGACT-1",2.63905719745235,"PMN(3)","10X_ntph_F"
"Female_NTPH_CTGGTCTCACCAAATC-1",2.70805405059417,"PMN(5)","10X_ntph_F"
"Female_NTPH_GTAGGAGAGCGTTCAT-1",2.83321681129339,"PMN(1)","10X_ntph_F"
"Female_NTPH_TCACTCGTCGTCTAAG-1",3.17804951422034,"PMN(5)","10X_ntph_F"
"Female_NTPH_AAAGGATAGTACCCTA-1",1.0986237904485,"PMN(4)","10X_ntph_F"
"Female_NTPH_CCGTAGGAGCATGGGT-1",-3.65321928878792e-07,"PMN(0)","10X_ntph_F"
"Female_NTPH_CTTCTCTAGTCGCCAC-1",3.33220315216099,"PMN(0)","10X_ntph_F"
"Female_NTPH_GGCAGTCCAGACCAAG-1",2.89038120407662,"PMN(6)","10X_ntph_F"
"Female_NTPH_AAGTGAATCAGGACAG-1",3.61092783305784,"PMN(5)","10X_ntph_F"
"Female_NTPH_CTTGAGAGTATGTCTG-1",3.73766261158582,"PMN(6)","10X_ntph_F"
"Female_NTPH_AGATCGTCATCTCCCA-1",3.58350902786939,"PMN(1)","10X_ntph_F"
"Female_NTPH_CCTAAGAGTGTAACGG-1",3.98897699038375,"PMN(5)","10X_ntph_F"
"Female_NTPH_ACCATTTTCTTCCCAG-1",2.89036000013723,"PMN(0)","10X_ntph_F"
"Female_NTPH_CCACAAACAGTCGGTC-1",3.36727801801696,"PMN(5)","10X_ntph_F"
"Female_NTPH_GTCACGGAGGCATTTC-1",1.38629746719511,"PMN(1)","10X_ntph_F"
"Female_NTPH_AACCCAAAGGTCGTAG-1",3.04452098661981,"PMN(3)","10X_ntph_F"
"Female_NTPH_CGCATGGTCTGACAGT-1",3.21888225036574,"PMN(6)","10X_ntph_F"
"Female_NTPH_TCGGGCAGTATCGAAA-1",2.39789525620475,"PMN(2)","10X_ntph_F"
"Female_NTPH_GGCACGTCACGACAAG-1",3.21887991649782,"PMN(2)","10X_ntph_F"
"Female_NTPH_CGAAGGAAGAGAGCAA-1",3.367290869405,"PMN(2)","10X_ntph_F"
"Female_NTPH_TCTAACTCACCCAATA-1",2.39788567171878,"PMN(1)","10X_ntph_F"
"Female_NTPH_TTTCCTCAGCTTCGTA-1",2.39790305412062,"PMN(2)","10X_ntph_F"
"Female_NTPH_ACTTTGTGTTAGGCTT-1",2.19723218854238,"PMN(5)","10X_ntph_F"
"Female_NTPH_AGGGAGTGTTTCACAG-1",2.9444216420446,"PMN(2)","10X_ntph_F"
"Female_NTPH_CGGGCATAGCGTACAG-1",3.17806260329446,"PMN(5)","10X_ntph_F"
"Female_NTPH_TGTTCTATCCGTGGGT-1",0.693129446845556,"PMN(4)","10X_ntph_F"
"Female_NTPH_AGATCCACATGATAGA-1",2.77258826536654,"PMN(1)","10X_ntph_F"
"Female_NTPH_CCGGACAGTTTGTTCT-1",3.40119343293962,"PMN(0)","10X_ntph_F"
"Female_NTPH_CACGTTCCAAGGCTTT-1",2.70804892053955,"PMN(0)","10X_ntph_F"
"Female_NTPH_CAGCACGGTTATCCAG-1",3.33221547255252,"PMN(2)","10X_ntph_F"
"Female_NTPH_TTGGGCGAGAGAAGGT-1",3.40118482948355,"PMN(2)","10X_ntph_F"
"Female_NTPH_CAGGTATCACTCCTTG-1",3.49650490662953,"PMN(0)","10X_ntph_F"
"Female_NTPH_CAAAGAATCTAAACGC-1",3.09106798638322,"PMN(6)","10X_ntph_F"
"Female_NTPH_ACAACCACAAGACGAC-1",2.89035697483311,"PMN(1)","10X_ntph_F"
"Female_NTPH_GACCCAGGTTTCAGAC-1",1.79175320335237,"PMN(1)","10X_ntph_F"
"Female_NTPH_GGGCTCATCGAGAGCA-1",2.63905691909503,"PMN(1)","10X_ntph_F"
"Female_NTPH_TCATTGTCATAGATCC-1",3.2188778244004,"PMN(1)","10X_ntph_F"
"Female_NTPH_GGAGATGCATAGTCGT-1",3.36729049693047,"PMN(3)","10X_ntph_F"
"Female_NTPH_TGGAGAGTCCGTAGTA-1",3.85014494138688,"PMN(0)","10X_ntph_F"
"Female_NTPH_TTCCACGGTTGACTAC-1",3.33221535165334,"PMN(2)","10X_ntph_F"
"Female_NTPH_TCGCTTGGTAAGCAAT-1",3.43398539703035,"PMN(2)","10X_ntph_F"
"Female_NTPH_TACAGGTGTACTCGCG-1",3.40119989721535,"PMN(0)","10X_ntph_F"
"Female_NTPH_GTGGGAAGTAACATGA-1",2.48491034521035,"PMN(6)","10X_ntph_F"
"Female_NTPH_GTGGCGTTCACCGGGT-1",1.94591421939791,"PMN(5)","10X_ntph_F"
"Female_NTPH_CTGTGAAGTCTCCCTA-1",1.0986172137183,"PMN(4)","10X_ntph_F"
"Female_NTPH_TTCGCTGCAATGGCAG-1",2.83321389038201,"PMN(2)","10X_ntph_F"
"Female_NTPH_TGAATCGAGAGTTGCG-1",2.70804311436145,"PMN(5)","10X_ntph_F"
"Female_NTPH_GGCGTCAGTACAATAG-1",2.83321276134869,"PMN(2)","10X_ntph_F"
"Female_NTPH_AGTTCGACAATGGGTG-1",1.09860265444989,"PMN(1)","10X_ntph_F"
"Female_NTPH_TATACCTAGGGCAATC-1",1.60943884636707,"PMN(0)","10X_ntph_F"
"Female_NTPH_TCTCAGCGTGGCGCTT-1",3.71356858769297,"PMN(0)","10X_ntph_F"
"Female_NTPH_AACGAAATCCGTCAAA-1",3.04452125437904,"PMN(0)","10X_ntph_F"
"Female_NTPH_CATTCATGTGAACCGA-1",3.33219351926563,"PMN(2)","10X_ntph_F"
"Female_NTPH_CTAACTTTCCTGCTAC-1",3.0445196069593,"PMN(1)","10X_ntph_F"
"Female_NTPH_GTGAGGACACCCAAGC-1",2.30257419564732,"PMN(0)","10X_ntph_F"
"Female_NTPH_TCATATCTCGGCCCAA-1",2.944434922511,"PMN(3)","10X_ntph_F"
"Female_NTPH_GGGTTTAGTTAAACCC-1",3.04452770679602,"PMN(0)","10X_ntph_F"
"Female_NTPH_TCCACGTCATGACGGA-1",1.09861469286793,"PMN(4)","10X_ntph_F"
"Female_NTPH_AAGTACCGTAATGCGG-1",3.4657448864243,"PMN(0)","10X_ntph_F"
"Female_NTPH_GTCATCCTCATTCACT-1",1.38629924080116,"PMN(1)","10X_ntph_F"
"Female_NTPH_AATGGCTAGAATTCAG-1",3.46573702271338,"PMN(2)","10X_ntph_F"
"Female_NTPH_GTGTGATTCCGATGTA-1",3.6109278957777,"PMN(0)","10X_ntph_F"
"Female_NTPH_CGGAACCGTGACTCGC-1",2.56496127462962,"PMN(1)","10X_ntph_F"
"Female_NTPH_CCGAACGGTTCCCAAA-1",3.40118338778648,"PMN(0)","10X_ntph_F"
"Female_NTPH_GTCTAGAAGCCGATAG-1",2.77259764371715,"PMN(0)","10X_ntph_F"
"Female_NTPH_AAGGAATTCATGGTAC-1",1.09862006825781,"PMN(4)","10X_ntph_F"
"Female_NTPH_AGCTACAAGGTCGTGA-1",0.693156599705109,"PMN(4)","10X_ntph_F"
"Female_NTPH_TTGCGTCTCTTGATTC-1",3.55533897346229,"PMN(2)","10X_ntph_F"
"Female_NTPH_ATGAGTCGTGCCCTTT-1",0.69317126986839,"PMN(4)","10X_ntph_F"
"Female_NTPH_ACTATCTAGCCATCCG-1",-2.59425017430808e-05,"PMN(7)","10X_ntph_F"
"Female_NTPH_GAGTGAGTCCTAAGTG-1",3.36729589861685,"PMN(0)","10X_ntph_F"
"Female_NTPH_GGAGATGAGGATGTTA-1",2.07944272274653,"PMN(1)","10X_ntph_F"
"Female_NTPH_GTTACGACAATAGGGC-1",3.04452094075016,"PMN(3)","10X_ntph_F"
"Female_NTPH_TGAGTCAGTGACAGGT-1",1.38630183985277,"PMN(1)","10X_ntph_F"
"Female_NTPH_GCTACAAGTCGCACAC-1",1.94591138940338,"PMN(3)","10X_ntph_F"
"Female_NTPH_CAGCCAGTCCGCAAAT-1",2.63904954906779,"PMN(6)","10X_ntph_F"
"Female_NTPH_TTCGCTGCACATATGC-1",2.99574637388705,"PMN(3)","10X_ntph_F"
"Female_NTPH_TGGGCTGCAAATCGGG-1",2.89036881877808,"PMN(2)","10X_ntph_F"
"Female_NTPH_TCTACCGCAGAGTAAT-1",1.38630046790634,"PMN(5)","10X_ntph_F"
"Female_NTPH_CGAGTTAAGCAGCACA-1",3.13548755082835,"PMN(1)","10X_ntph_F"
"Female_NTPH_CTCCAACAGGACTGGT-1",2.30257449416526,"PMN(1)","10X_ntph_F"
"Female_NTPH_CTCCTCCGTGGATCAG-1",-6.05838699162315e-06,"PMN(1)","10X_ntph_F"
"Female_NTPH_ATCAGGTAGTTGCGAG-1",1.9458995806411,"PMN(2)","10X_ntph_F"
"Female_NTPH_ACTTTCAGTAATGCTC-1",1.09861761973284,"PMN(1)","10X_ntph_F"
"Female_NTPH_TCTTCCTAGCAGCGAT-1",2.70803468017606,"PMN(0)","10X_ntph_F"
"Female_NTPH_CTACCCAAGATGAACT-1",3.33219472528055,"PMN(1)","10X_ntph_F"
"Female_NTPH_CGAGTTATCTGCATAG-1",2.99573254573754,"PMN(2)","10X_ntph_F"
"Female_NTPH_CTGAGGCTCATGCATG-1",3.52634336889299,"PMN(1)","10X_ntph_F"
"Female_NTPH_TGCCGAGCATTACGGT-1",0.69314213167968,"PMN(1)","10X_ntph_F"
"Female_NTPH_GCACGTGCACACTTAG-1",2.89036870866936,"PMN(1)","10X_ntph_F"
"Female_NTPH_TGATTCTGTAATCAAG-1",2.83322680483857,"PMN(0)","10X_ntph_F"
"Female_NTPH_GTAAGTCTCTTACCGC-1",2.39789269743146,"PMN(0)","10X_ntph_F"
"Female_NTPH_TACGCTCGTGATACTC-1",3.76119488282056,"PMN(0)","10X_ntph_F"
"Female_NTPH_ATCGGATTCCTCTCGA-1",3.25808990584349,"PMN(1)","10X_ntph_F"
"Female_NTPH_GTAGATCCAAGTATAG-1",2.77259319445018,"PMN(1)","10X_ntph_F"
"Female_NTPH_GCATCGGAGGATATGT-1",0.693143986050126,"PMN(1)","10X_ntph_F"
"Female_NTPH_AACCTGATCTTTCTAG-1",3.73766418049487,"PMN(2)","10X_ntph_F"
"Female_NTPH_CACAGGCAGGTTGGTG-1",2.70804740436779,"PMN(2)","10X_ntph_F"
"Female_NTPH_CCTATCGAGGTCACAG-1",3.43399785681115,"PMN(2)","10X_ntph_F"
"Female_NTPH_TTCGCTGAGTTGAAAC-1",1.9459258273428,"PMN(1)","10X_ntph_F"
"Female_NTPH_TTCCGTGAGGTGCCAA-1",2.30257866187326,"PMN(1)","10X_ntph_F"
"Female_NTPH_GTACAGTCACTAAACC-1",3.63758636494387,"PMN(0)","10X_ntph_F"
"Female_NTPH_ATTTCACAGGTAATCA-1",2.63905408777067,"PMN(1)","10X_ntph_F"
"Female_NTPH_GCGATCGAGGAACTCG-1",2.39791384675859,"PMN(0)","10X_ntph_F"
"Female_NTPH_CAACGGCTCCGATGCG-1",3.29584277364428,"PMN(0)","10X_ntph_F"
"Female_NTPH_GCAGCTGAGCGCACAA-1",3.49648975519931,"PMN(5)","10X_ntph_F"
"Female_NTPH_GGCGTCATCCTCTGCA-1",3.29583252491733,"PMN(3)","10X_ntph_F"
"Female_NTPH_GTACAACGTAACATAG-1",3.33218158267809,"PMN(5)","10X_ntph_F"
"Female_NTPH_ATCCTATGTTGCTCAA-1",3.76119918604118,"PMN(2)","10X_ntph_F"
"Female_NTPH_GTGAGCCTCAGCGCAC-1",7.0396445332971e-06,"PMN(7)","10X_ntph_F"
"Female_NTPH_CGATGCGTCACCTCAC-1",3.80665354487411,"PMN(2)","10X_ntph_F"
"Female_NTPH_GATCACACAAGTCCCG-1",3.76118729062564,"PMN(0)","10X_ntph_F"
"Female_NTPH_CACGTTCCACATTCTT-1",1.38630691896163,"PMN(5)","10X_ntph_F"
"Female_NTPH_TGTACAGAGGTAGGCT-1",1.6094282661343,"PMN(5)","10X_ntph_F"
"Female_NTPH_CTAGGTACACCTCTAC-1",9.07783881064091e-06,"PMN(5)","10X_ntph_F"
"Female_NTPH_GGTGATTTCAGACTGT-1",0.693149321296082,"PMN(4)","10X_ntph_F"
"Female_NTPH_TGCTTCGTCTACTTCA-1",8.81023122748974e-06,"PMN(0)","10X_ntph_F"
"Female_NTPH_ATTCTTGGTGCCCAGT-1",2.70806022655219,"PMN(0)","10X_ntph_F"
"Female_NTPH_ATCGTCCAGGTCATAA-1",3.49651896057153,"PMN(0)","10X_ntph_F"
"Female_NTPH_AAGACAAAGGCAATGC-1",1.09862464902663,"PMN(4)","10X_ntph_F"
"Female_NTPH_GGTGTCGTCGCTCCTA-1",3.29583982001943,"PMN(1)","10X_ntph_F"
"Female_NTPH_ACGTTCCAGCGTGTTT-1",3.5263622422264,"PMN(5)","10X_ntph_F"
"Female_NTPH_CGTGTCTGTAGTCGGA-1",3.87119145701506,"PMN(2)","10X_ntph_F"
"Female_NTPH_ACTTTGTCAACAGATA-1",2.07942943758863,"PMN(1)","10X_ntph_F"
"Female_NTPH_CCCTCAAAGGGCTGAT-1",2.7725827084098,"PMN(0)","10X_ntph_F"
"Female_NTPH_GAAACCTGTCGGCACT-1",2.8903703997348,"PMN(5)","10X_ntph_F"
"Female_NTPH_ACGCACGCATCACAGT-1",2.19721470460837,"PMN(5)","10X_ntph_F"
"Female_NTPH_GACCCAGTCCGCTAGG-1",2.99574059280414,"PMN(1)","10X_ntph_F"
"Female_NTPH_GTCGTTCGTGCTCTTC-1",1.09860433807295,"PMN(4)","10X_ntph_F"
"Female_NTPH_TACGCTCAGATCCGAG-1",2.56495276210766,"PMN(0)","10X_ntph_F"
"Female_NTPH_TGCGATAGTATCGAAA-1",3.76120881999177,"PMN(5)","10X_ntph_F"
"Female_NTPH_ATCGATGAGCACAAAT-1",2.19721275572617,"PMN(1)","10X_ntph_F"
"Female_NTPH_AGTCACATCTGGAAGG-1",1.02289397573496e-05,"PMN(0)","10X_ntph_F"
"Female_NTPH_TCAATCTAGCAGATAT-1",0.693126096214183,"PMN(1)","10X_ntph_F"
"Female_NTPH_GCATCTCAGTTTAGGA-1",3.29583916363071,"PMN(2)","10X_ntph_F"
"Female_NTPH_CTCCGATCACACCTAA-1",3.33221962728312,"PMN(6)","10X_ntph_F"
"Female_NTPH_TCAGTCCCAATGACCT-1",3.25810209240137,"PMN(3)","10X_ntph_F"
"Female_NTPH_ACACTGATCGAAATCC-1",2.77259787102779,"PMN(3)","10X_ntph_F"
"Female_NTPH_AGTCAACGTAGCTGTT-1",2.77258318827354,"PMN(2)","10X_ntph_F"
"Female_NTPH_CTCGAGGCACAACATC-1",3.43399018824604,"PMN(0)","10X_ntph_F"
"Female_NTPH_CCACCATAGGGAGGAC-1",0.693158244355342,"PMN(1)","10X_ntph_F"
"Female_NTPH_ACATTTCCAACGTTAC-1",2.19721128584037,"PMN(1)","10X_ntph_F"
"Female_NTPH_ACAAAGATCAATCGGT-1",1.0986223056094,"PMN(1)","10X_ntph_F"
"Female_NTPH_AATCACGAGTTGAAGT-1",3.36728173694774,"PMN(6)","10X_ntph_F"
"Female_NTPH_CGTGTCTAGACAGTCG-1",2.89036677008592,"PMN(5)","10X_ntph_F"
"Female_NTPH_TTTACCAAGTCATGAA-1",1.09863851623663,"PMN(5)","10X_ntph_F"
"Female_NTPH_CCCTCAACAAGTGGGT-1",3.76120522234922,"PMN(0)","10X_ntph_F"
"Female_NTPH_GTGAGTTGTCGTACTA-1",3.178052921916,"PMN(0)","10X_ntph_F"
"Female_NTPH_TATCTGTGTACCCACG-1",2.56495914511833,"PMN(5)","10X_ntph_F"
"Female_NTPH_GTAAGTCCAGTATGAA-1",2.8903693198096,"PMN(2)","10X_ntph_F"
"Female_NTPH_GAGTCTACACTCAGAT-1",3.76120633378315,"PMN(1)","10X_ntph_F"
"Female_NTPH_TCCACGTTCGTTGTGA-1",2.07943809572764,"PMN(1)","10X_ntph_F"
"Female_NTPH_AGAGCCCTCGTTACCC-1",2.99570872130853,"PMN(2)","10X_ntph_F"
"Female_NTPH_TACGTCCCATCCGGCA-1",3.68888417799027,"PMN(1)","10X_ntph_F"
"Female_NTPH_ACGGTTATCCTCGCAT-1",3.61091279784228,"PMN(1)","10X_ntph_F"
"Female_NTPH_TATTCCAAGCTTCGTA-1",3.63758042370439,"PMN(0)","10X_ntph_F"
"Female_NTPH_GTTCATTTCCATTTCA-1",1.60943795040614,"PMN(1)","10X_ntph_F"
"Female_NTPH_TCCTGCAGTCCCTCAT-1",3.29585029151362,"PMN(0)","10X_ntph_F"
"Female_NTPH_ATGACCAGTGGTCCCA-1",2.89037471251128,"PMN(2)","10X_ntph_F"
"Female_NTPH_TCGGTCTCAGACGATG-1",2.8903801757656,"PMN(5)","10X_ntph_F"
"Female_NTPH_GTTCGCTAGATTTGCC-1",2.99573856419697,"PMN(1)","10X_ntph_F"
"Female_NTPH_CGTTGGGGTCGAGTTT-1",1.94591116503931,"PMN(1)","10X_ntph_F"
"Female_NTPH_CTCCATGGTAGGAGTC-1",0.693153891768692,"PMN(1)","10X_ntph_F"
"Female_NTPH_AGGAAATTCGACGTCG-1",2.94443759600269,"PMN(2)","10X_ntph_F"
"Female_NTPH_TCCTCTTCATGACACT-1",1.09859979554558,"PMN(1)","10X_ntph_F"
"Female_NTPH_GCCATGGAGGCCACTC-1",2.94444245551888,"PMN(0)","10X_ntph_F"
"Female_NTPH_ACGGTCGCAATGTTGC-1",3.29581408786774,"PMN(1)","10X_ntph_F"
"Female_NTPH_GCTACCTAGTATGAGT-1",2.56493949536972,"PMN(3)","10X_ntph_F"
"Female_NTPH_GACCAATAGAAATTCG-1",2.944438383753,"PMN(2)","10X_ntph_F"
"Female_NTPH_CATCGCTTCGCAGTTA-1",2.30258348539914,"PMN(1)","10X_ntph_F"
"Female_NTPH_TTACCATAGCCAGAGT-1",3.33220030656,"PMN(2)","10X_ntph_F"
"Female_NTPH_AGTACTGAGCGGATCA-1",3.61092779855439,"PMN(0)","10X_ntph_F"
"Female_NTPH_AGGAATAAGCTCATAC-1",0.693136484422034,"PMN(4)","10X_ntph_F"
"Female_NTPH_TCTTTGAGTAGCTGTT-1",3.09101631692365,"PMN(2)","10X_ntph_F"
"Female_NTPH_AGACCATAGGCAATGC-1",2.56495716198051,"PMN(1)","10X_ntph_F"
"Female_NTPH_AGACCATTCGATGGAG-1",2.77258917329052,"PMN(0)","10X_ntph_F"
"Female_NTPH_TGACCCTCAGGGAATC-1",1.94590906416372,"PMN(1)","10X_ntph_F"
"Female_NTPH_TCCCATGAGGTTCCGC-1",-3.91224310070966e-06,"PMN(4)","10X_ntph_F"
"Female_NTPH_CATCCACAGGGATGTC-1",3.55533119149437,"PMN(5)","10X_ntph_F"
"Female_NTPH_TCCTTCTTCCGGTTCT-1",3.46572637575518,"PMN(1)","10X_ntph_F"
"Female_NTPH_TGACTCCTCAGTCTTT-1",2.56495443160266,"PMN(2)","10X_ntph_F"
"Female_NTPH_CTATAGGCATCAACCA-1",3.73766980644436,"PMN(0)","10X_ntph_F"
"Female_NTPH_GCGAGAATCTACGGTA-1",-1.41891037358562e-05,"PMN(6)","10X_ntph_F"
"Female_NTPH_CGCCAGACAGTAACGG-1",3.58352492017542,"PMN(5)","10X_ntph_F"
"Female_NTPH_TGACAGTAGGATGCGT-1",7.86379621743228e-06,"PMN(0)","10X_ntph_F"
"Female_NTPH_ACTTATCAGCACTAAA-1",-1.34633045902237e-06,"PMN(4)","10X_ntph_F"
"Female_NTPH_CAAAGAACATTGTAGC-1",2.07944137781466,"PMN(1)","10X_ntph_F"
"Female_NTPH_AACAAGACACACGGTC-1",3.46574999420381,"PMN(0)","10X_ntph_F"
"Female_NTPH_GATTTCTGTCTACGTA-1",0.693151128946933,"PMN(4)","10X_ntph_F"
"Female_NTPH_TTCCACGCAAACCACT-1",1.21987512807247e-05,"PMN(0)","10X_ntph_F"
"Female_NTPH_TATCTTGTCTCGCGTT-1",2.77258827146765,"PMN(5)","10X_ntph_F"
"Female_NTPH_AAGACTCTCGAGAGCA-1",0.693161975438394,"PMN(1)","10X_ntph_F"
"Female_NTPH_TGGAGGAGTGTTCCTC-1",2.94443822232857,"PMN(1)","10X_ntph_F"
"Female_NTPH_CGTAAGTGTACAGTCT-1",3.04453161520799,"PMN(3)","10X_ntph_F"
"Female_NTPH_CTCCAACGTGGTCCGT-1",1.09860884088097,"PMN(1)","10X_ntph_F"
"Female_NTPH_AGGGCTCGTACTTCCC-1",3.29582609597777,"PMN(1)","10X_ntph_F"
"Female_NTPH_GGAATCTAGACGCAGT-1",1.00160472735829e-05,"PMN(0)","10X_ntph_F"
"Female_NTPH_TCCGATCAGACCCTTA-1",2.48492960982841,"PMN(1)","10X_ntph_F"
"Female_NTPH_TATATCCGTAATCAAG-1",2.07943828289868,"PMN(1)","10X_ntph_F"
"Female_NTPH_TTGCATTTCTTGGGCG-1",0.693161869121231,"PMN(4)","10X_ntph_F"
"Female_NTPH_AACGAAAAGACTCTTG-1",3.40119501257282,"PMN(0)","10X_ntph_F"
"Female_NTPH_CAAAGAAAGGTACTGG-1",3.71358130163549,"PMN(0)","10X_ntph_F"
"Female_NTPH_AACCCAACAGGCCCTA-1",3.46572601088166,"PMN(2)","10X_ntph_F"
"Female_NTPH_GCGGATCCATCGGAGA-1",2.63906008607804,"PMN(1)","10X_ntph_F"
"Female_NTPH_TCTAACTTCTATTGTC-1",3.04451480111249,"PMN(2)","10X_ntph_F"
"Female_NTPH_CGTAATGCATGTGGCC-1",1.38628084000005,"PMN(1)","10X_ntph_F"
"Female_NTPH_GTTGCTCGTGCTGATT-1",2.99573882379809,"PMN(0)","10X_ntph_F"
"Female_NTPH_TTACCATCAAGGGCAT-1",1.6094540089017,"PMN(3)","10X_ntph_F"
"Female_NTPH_TTTACCATCGAGATGG-1",2.70804231603255,"PMN(2)","10X_ntph_F"
"Female_NTPH_GGAGGATTCCACCCTA-1",2.83320450529509,"PMN(1)","10X_ntph_F"
"Female_NTPH_CATAGACTCAGAGTTC-1",3.36728510484036,"PMN(2)","10X_ntph_F"
"Female_NTPH_GTTGTCCCATCGCCTT-1",3.40119280025234,"PMN(0)","10X_ntph_F"
"Female_NTPH_ATTACCTAGTAGTCTC-1",1.38630101759005,"PMN(1)","10X_ntph_F"
"Female_NTPH_ATGATCGAGTCTGTAC-1",2.83322046633834,"PMN(2)","10X_ntph_F"
"Female_NTPH_AACGTCATCGTAGAGG-1",3.21888025441048,"PMN(2)","10X_ntph_F"
"Female_NTPH_ATTTCACTCGATTCCC-1",7.59587312059179e-06,"PMN(4)","10X_ntph_F"
"Female_NTPH_TCTCAGCGTGTTGACT-1",3.36729114120981,"PMN(0)","10X_ntph_F"
"Female_NTPH_CCATAAGCACAGTCGC-1",2.30258336589427,"PMN(3)","10X_ntph_F"
"Female_NTPH_GTCGAATAGGCGATAC-1",3.21888264536719,"PMN(0)","10X_ntph_F"
"Female_NTPH_GTCCACTGTAGGATAT-1",2.63905451384198,"PMN(2)","10X_ntph_F"
"Female_NTPH_CACACAATCTTCGCTG-1",2.19721496111048,"PMN(3)","10X_ntph_F"
"Female_NTPH_GGAATCTGTGCGAGTA-1",3.55533428498797,"PMN(0)","10X_ntph_F"
"Female_NTPH_TCAATTCGTCGCACGT-1",3.97031888941849,"PMN(6)","10X_ntph_F"
"Female_NTPH_GGGCGTTAGACATGCG-1",2.6390403324647,"PMN(5)","10X_ntph_F"
"Female_NTPH_GGTGGCTAGCTAGATA-1",2.19722487050275,"PMN(1)","10X_ntph_F"
"Female_NTPH_GCGTTTCTCCCTCTAG-1",1.09863163181147,"PMN(5)","10X_ntph_F"
"Female_NTPH_TATCAGGGTTATGACC-1",8.37510875177963e-06,"PMN(0)","10X_ntph_F"
"Female_NTPH_TTCTCTCCAGCACAAG-1",2.39789341933506,"PMN(1)","10X_ntph_F"
"Female_NTPH_TACTGCCAGGTTGGAC-1",3.49651289475826,"PMN(0)","10X_ntph_F"
"Female_NTPH_AGAGCCCGTAGCTGCC-1",3.46575375236215,"PMN(2)","10X_ntph_F"
"Female_NTPH_GCCATTCTCTAGCATG-1",3.09104434963651,"PMN(2)","10X_ntph_F"
"Female_NTPH_GTGTAACCAGATACTC-1",3.33219881930008,"PMN(1)","10X_ntph_F"
"Female_NTPH_TAGACTGAGTCTGCGC-1",2.70806472003166,"PMN(6)","10X_ntph_F"
"Female_NTPH_GTTCCGTGTTCCTTGC-1",1.79177815916258,"PMN(3)","10X_ntph_F"
"Female_NTPH_GAGTTGTGTATCGCAT-1",3.04451259217449,"PMN(2)","10X_ntph_F"
"Female_NTPH_CATTCTAAGGAACGTC-1",7.18756763904366e-06,"PMN(0)","10X_ntph_F"
"Female_NTPH_TATTGCTAGCACGGAT-1",3.13549550940212,"PMN(0)","10X_ntph_F"
"Female_NTPH_GCAACATCACAAATAG-1",3.5835259548692,"PMN(0)","10X_ntph_F"
"Female_NTPH_CAAGACTTCATGCCAA-1",3.33220977715352,"PMN(2)","10X_ntph_F"
"Female_NTPH_ACGGTTATCGGTAGGA-1",3.04452223259243,"PMN(0)","10X_ntph_F"
"Female_NTPH_GACTATGGTAACATGA-1",2.99573665606446,"PMN(1)","10X_ntph_F"
"Female_NTPH_GTTCTATTCCGGCAAC-1",3.63757405444073,"PMN(1)","10X_ntph_F"
"Female_NTPH_CTGCAGGAGTTTGGCT-1",2.19721053313678,"PMN(4)","10X_ntph_F"
"Female_NTPH_AGCGATTTCTAGTTCT-1",3.33221171766678,"PMN(5)","10X_ntph_F"
"Female_NTPH_ACGGTTATCACCCTCA-1",3.58351979881114,"PMN(0)","10X_ntph_F"
"Female_NTPH_CAGCAATGTGAATATG-1",3.17805251417753,"PMN(3)","10X_ntph_F"
"Female_NTPH_CCTAAGAGTATCTTCT-1",3.17803706982816,"PMN(3)","10X_ntph_F"
"Female_NTPH_ACGTTCCCAAATGGTA-1",1.60943221745419,"PMN(0)","10X_ntph_F"
"Female_NTPH_CATCCACAGGGTCACA-1",2.63905925166677,"PMN(3)","10X_ntph_F"
"Female_NTPH_GCACATATCATGACAC-1",2.19721971410701,"PMN(3)","10X_ntph_F"
"Female_NTPH_AATAGAGGTCCCTGAG-1",1.60943872527423,"PMN(6)","10X_ntph_F"
"Female_NTPH_TCAAGCAAGATTGTGA-1",3.13549806490162,"PMN(0)","10X_ntph_F"
"Female_NTPH_ATCGGATGTGCCTGAC-1",0.693145805540235,"PMN(4)","10X_ntph_F"
"Female_NTPH_TAACACGGTAGTCGGA-1",4.27593109239094e-06,"PMN(7)","10X_ntph_F"
"Female_NTPH_GACTATGTCGGATAAA-1",3.6375837290819,"PMN(0)","10X_ntph_F"
"Female_NTPH_GTTCCGTCAGTCTACA-1",3.58351575492783,"PMN(2)","10X_ntph_F"
"Female_NTPH_TGTGTGACAGATAAAC-1",3.97028937248819,"PMN(0)","10X_ntph_F"
"Female_NTPH_AATCGACAGGATATAC-1",2.19723096621052,"PMN(6)","10X_ntph_F"
"Female_NTPH_GATTTCTCAGTATGAA-1",3.68888766476777,"PMN(6)","10X_ntph_F"
"Female_NTPH_CCGTTCAGTAACTTCG-1",2.33547908658196e-05,"PMN(3)","10X_ntph_F"
"Female_NTPH_GAACGTTTCACCTCAC-1",2.99572244047841,"PMN(4)","10X_ntph_F"
"Female_NTPH_GAATCACGTCACTTAG-1",3.2188687502938,"PMN(3)","10X_ntph_F"
"Female_NTPH_CTGATCCGTTATGTCG-1",3.68888589560495,"PMN(2)","10X_ntph_F"
"Female_NTPH_TCTCCGAAGGCAATGC-1",3.73768599493667,"PMN(0)","10X_ntph_F"
"Female_NTPH_TCAGTCCGTGAGTTGG-1",3.17806609682969,"PMN(0)","10X_ntph_F"
"Female_NTPH_GATCATGCACCTGAAT-1",2.07943686462365,"PMN(2)","10X_ntph_F"
"Female_NTPH_TTCATTGAGAGGTTAT-1",3.40119059935152,"PMN(0)","10X_ntph_F"
"Female_NTPH_AGAACAAAGTTAACAG-1",2.56496632148425,"PMN(5)","10X_ntph_F"
"Female_NTPH_ACCAACAGTTCCACGG-1",2.56496478593004,"PMN(2)","10X_ntph_F"
"Female_NTPH_CATACAGTCCAACACA-1",1.09861443394403,"PMN(3)","10X_ntph_F"
"Female_NTPH_CAGCGTGTCCCAGGCA-1",0.693164187442903,"PMN(4)","10X_ntph_F"
"Female_NTPH_AGTCTCCGTGGTCCCA-1",1.6094378325658,"PMN(1)","10X_ntph_F"
"Female_NTPH_ACACAGTAGCTAGATA-1",2.83320516505257,"PMN(0)","10X_ntph_F"
"Female_NTPH_TCCTCCCTCTAGAACC-1",1.6094374063324,"PMN(1)","10X_ntph_F"
"Female_NTPH_AATTTCCCAAGTAGTA-1",2.70805100031308,"PMN(1)","10X_ntph_F"
"Female_NTPH_TTGCTGCGTAATGATG-1",3.85013200599908,"PMN(0)","10X_ntph_F"
"Female_NTPH_AACCATGCAACGGCTC-1",2.94443726418687,"PMN(2)","10X_ntph_F"
"Female_NTPH_TTGAGTGTCATACGGT-1",3.63758197365546,"PMN(2)","10X_ntph_F"
"Female_NTPH_CATGCCTGTACGGTTT-1",2.94444389203462,"PMN(1)","10X_ntph_F"
"Female_NTPH_CAGATACTCGGCTGTG-1",3.36729051770216,"PMN(2)","10X_ntph_F"
"Female_NTPH_TGCGACGCAGCTGTGC-1",2.70805502330339,"PMN(2)","10X_ntph_F"
"Female_NTPH_GATGGAGAGTGGCAGT-1",1.09861765157851,"PMN(1)","10X_ntph_F"
"Female_NTPH_TTAGGCAGTTAAAGTG-1",2.70804740786013,"PMN(1)","10X_ntph_F"
"Female_NTPH_CACTTCGTCTTCGCTG-1",2.63905689454261,"PMN(0)","10X_ntph_F"
"Female_NTPH_GGATGTTGTCAAGCGA-1",1.60946172758702,"PMN(0)","10X_ntph_F"
"Female_NTPH_TAGAGTCTCGTCAACA-1",1.79177494953919,"PMN(2)","10X_ntph_F"
"Female_NTPH_AGACCCGTCCGTCCTA-1",2.39791082041836,"PMN(0)","10X_ntph_F"
"Female_NTPH_TATCCTAGTGCGAACA-1",1.09861286978041,"PMN(4)","10X_ntph_F"
"Female_NTPH_TTTCCTCAGCGAGAAA-1",2.56494095967238,"PMN(3)","10X_ntph_F"
"Female_NTPH_CACGTTCCACCTTCGT-1",2.30259080422853,"PMN(1)","10X_ntph_F"
"Female_NTPH_GCATCTCCAACGTTAC-1",1.38629502159772,"PMN(3)","10X_ntph_F"
"Female_NTPH_GTATTGGCATACAGCT-1",3.52639637121109,"PMN(6)","10X_ntph_F"
"Female_NTPH_AATGGCTTCACCTCAC-1",2.9444196602109,"PMN(0)","10X_ntph_F"
"Female_NTPH_TGTGATGGTTGTACGT-1",2.39789324447333,"PMN(1)","10X_ntph_F"
"Female_NTPH_GACCAATGTACCGGAA-1",3.55536289864146,"PMN(0)","10X_ntph_F"
"Female_NTPH_TATACCTAGTTTCAGC-1",3.09102146819431,"PMN(3)","10X_ntph_F"
"Female_NTPH_TGACTCCAGTTCGCAT-1",0.693144584073285,"PMN(5)","10X_ntph_F"
"Female_NTPH_TTCTTCCTCCTAGCGG-1",1.79176280990741,"PMN(1)","10X_ntph_F"
"Female_NTPH_GCCCGAACAGAGAAAG-1",-2.1963759163322e-06,"PMN(0)","10X_ntph_F"
"Female_NTPH_GCCATGGTCTACTCAT-1",3.21886650715017,"PMN(0)","10X_ntph_F"
"Female_NTPH_CGAGTGCTCCGAGAAG-1",1.09861106626593,"PMN(4)","10X_ntph_F"
"Female_NTPH_TCAGGGCTCGGATAAA-1",2.48492003507224,"PMN(2)","10X_ntph_F"
"Female_NTPH_TTCGATTCATCTCGTC-1",-1.34833119004437e-05,"PMN(1)","10X_ntph_F"
"Female_NTPH_TTGGGATTCTGCATGA-1",2.56496350581878,"PMN(0)","10X_ntph_F"
"Female_NTPH_TCATGGAGTCCAGTTA-1",3.46574504328918,"PMN(5)","10X_ntph_F"
"Female_NTPH_TCAATTCAGCTTTCCC-1",3.33219214329602,"PMN(2)","10X_ntph_F"
"Female_NTPH_TCATGGAAGATCACTC-1",1.38627935351634,"PMN(1)","10X_ntph_F"
"Female_NTPH_TCCTAATGTTCTCCAC-1",3.33220485556204,"PMN(6)","10X_ntph_F"
"Female_NTPH_AAAGAACAGGGCCAAT-1",2.99573513655044,"PMN(5)","10X_ntph_F"
"Female_NTPH_ATCGTAGTCCTGCCAT-1",3.5263723866971,"PMN(1)","10X_ntph_F"
"Female_NTPH_AGATAGAGTTCAAGGG-1",1.94590977356159,"PMN(1)","10X_ntph_F"
"Female_NTPH_CAGCAATGTTTGGGTT-1",4.20371593973559e-06,"PMN(4)","10X_ntph_F"
"Female_NTPH_TGACGCGCAGGCATTT-1",1.38630725358471,"PMN(4)","10X_ntph_F"
"Female_NTPH_TGGGATTAGAATTGTG-1",1.38630606801174,"PMN(5)","10X_ntph_F"
"Female_NTPH_CATCGTCGTGAGATCG-1",3.09105071429486,"PMN(2)","10X_ntph_F"
"Female_NTPH_CACGGGTTCTCTCGAC-1",3.68888269328459,"PMN(1)","10X_ntph_F"
"Female_NTPH_GTCAGCGTCTAGACAC-1",3.76120392519768,"PMN(0)","10X_ntph_F"
"Female_NTPH_AGTCATGTCCTAACAG-1",1.60944993862993,"PMN(4)","10X_ntph_F"
"Female_NTPH_GGTAACTGTGTTCCAA-1",3.52637154667367,"PMN(6)","10X_ntph_F"
"Female_NTPH_CGTCAAAGTCACTGAT-1",2.89037114274676,"PMN(0)","10X_ntph_F"
"Female_NTPH_CGTTGGGCAATCAGCT-1",2.83321698995536,"PMN(5)","10X_ntph_F"
"Female_NTPH_TCTCAGCAGTCGCTAT-1",1.69255229998577e-05,"PMN(0)","10X_ntph_F"
"Female_NTPH_CATTGTTTCCAAATGC-1",2.83322805772634,"PMN(5)","10X_ntph_F"
"Female_NTPH_ATTTCTGGTCCAGAAG-1",1.60942813995749,"PMN(1)","10X_ntph_F"
"Female_NTPH_TGGAGGATCCAAGCCG-1",3.29585134802107,"PMN(1)","10X_ntph_F"
"Female_NTPH_CAATACGCAAGCGGAT-1",2.89037089933956,"PMN(3)","10X_ntph_F"
"Female_NTPH_CTGGACGGTGAACTAA-1",2.48489091208998,"PMN(1)","10X_ntph_F"
"Female_NTPH_CCTCAACTCCTTCGAC-1",3.46574882756132,"PMN(0)","10X_ntph_F"
"Female_NTPH_CCGGACATCTGAATCG-1",3.09104329803587,"PMN(0)","10X_ntph_F"
"Female_NTPH_ACATCCCAGGTTCATC-1",9.67045996480089e-06,"PMN(7)","10X_ntph_F"
"Female_NTPH_CGTTGGGTCGCTGCGA-1",3.17807322147789,"PMN(3)","10X_ntph_F"
"Female_NTPH_CAAGACTAGAGAGAAC-1",1.09862308739449,"PMN(4)","10X_ntph_F"
"Female_NTPH_ATCACTTTCCCAGGCA-1",3.43398366854988,"PMN(1)","10X_ntph_F"
"Female_NTPH_AGAGCCCAGCCGATCC-1",3.63758481049514,"PMN(2)","10X_ntph_F"
"Female_NTPH_TAGGTTGTCGGCGATC-1",2.0794316703555,"PMN(2)","10X_ntph_F"
"Female_NTPH_TGTTCCGGTGGTTTAC-1",2.39788705571691,"PMN(6)","10X_ntph_F"
"Female_NTPH_CGGGACTCAGCGACCT-1",2.94444387447567,"PMN(1)","10X_ntph_F"
"Female_NTPH_GAGAGGTTCGCCTATC-1",3.43398421171056,"PMN(3)","10X_ntph_F"
"Female_NTPH_AACAACCAGCATTGAA-1",2.19723115988521,"PMN(5)","10X_ntph_F"
"Female_NTPH_TCCGGGAGTTGACTAC-1",1.94591847315081,"PMN(0)","10X_ntph_F"
"Female_NTPH_GCAGGCTAGGTCATTC-1",2.89037539252878,"PMN(0)","10X_ntph_F"
"Female_NTPH_TTCGGTCCATCGGAGA-1",2.30258110653746,"PMN(3)","10X_ntph_F"
"Female_NTPH_CCGGTAGCACCTGTCT-1",3.58350395915621,"PMN(0)","10X_ntph_F"
"Female_NTPH_ATTCAGGGTCCACTCT-1",1.14628175272466e-06,"PMN(0)","10X_ntph_F"
"Female_NTPH_GCCCAGAGTTCCACAA-1",2.99572189538782,"PMN(1)","10X_ntph_F"
"Female_NTPH_AGAAATGGTGATCGTT-1",3.33221096996392,"PMN(6)","10X_ntph_F"
"Female_NTPH_ACGGTCGCACGCAAAG-1",2.19723230579022,"PMN(1)","10X_ntph_F"
"Female_NTPH_CCACGTTTCGTCCATC-1",3.52636368475774,"PMN(0)","10X_ntph_F"
"Female_NTPH_ACACTGAGTGAGGAAA-1",3.52635014348791,"PMN(1)","10X_ntph_F"
"Female_NTPH_TTTGATCGTAACCAGG-1",2.19721702596332,"PMN(2)","10X_ntph_F"
"Female_NTPH_CTGTGAAAGTTGAAAC-1",2.30258017795095,"PMN(1)","10X_ntph_F"
"Female_NTPH_TTCCTCTAGCTACTAC-1",0.693148652817396,"PMN(4)","10X_ntph_F"
"Female_NTPH_TTCTTCCAGGTGCATG-1",2.56497292249197,"PMN(3)","10X_ntph_F"
"Female_NTPH_CGGACACAGAAATCCA-1",3.17804462366027,"PMN(5)","10X_ntph_F"
"Female_NTPH_CATAAGCAGACTCATC-1",-2.15684778320885e-05,"PMN(0)","10X_ntph_F"
"Female_NTPH_GCACGGTAGATCGCCC-1",2.4849054457875,"PMN(0)","10X_ntph_F"
"Female_NTPH_GCCCAGAAGCGCCTAC-1",0.69313878811665,"PMN(3)","10X_ntph_F"
"Female_NTPH_CAGATTGGTAATACCC-1",1.3862726367208,"PMN(3)","10X_ntph_F"
"Female_NTPH_CTCCGATCAAATACAG-1",1.09860354558835,"PMN(1)","10X_ntph_F"
"Female_NTPH_TGGAGAGAGTCGGGAT-1",-3.73579348902497e-06,"PMN(0)","10X_ntph_F"
"Female_NTPH_AGATGCTGTCATCGGC-1",3.55533703951229,"PMN(0)","10X_ntph_F"
"Female_NTPH_CCACAAATCCATCCGT-1",3.29584402260294,"PMN(1)","10X_ntph_F"
"Female_NTPH_CCTCTAGCAAGCTGCC-1",3.49651663786954,"PMN(5)","10X_ntph_F"
"Female_NTPH_GGGTCTGCACCGTGCA-1",2.0794382936285,"PMN(5)","10X_ntph_F"
"Female_NTPH_GGGAGTAAGTTCGGTT-1",3.09102763749899,"PMN(5)","10X_ntph_F"
"Female_NTPH_GGTAATCGTAGGTGCA-1",1.79176541093944,"PMN(1)","10X_ntph_F"
"Female_NTPH_CCACCATCACGCCAGT-1",2.56494080871467,"PMN(1)","10X_ntph_F"
"Female_NTPH_AAGGTAACATTCAGGT-1",1.79175117005269,"PMN(4)","10X_ntph_F"
"Female_NTPH_GGTGAAGAGTAGGATT-1",3.21887731593635,"PMN(6)","10X_ntph_F"
"Female_NTPH_TGATCTTTCGTAACCA-1",1.0986025272077,"PMN(1)","10X_ntph_F"
"Female_NTPH_GAGATGGTCAAGCCAT-1",3.4965046146224,"PMN(0)","10X_ntph_F"
"Female_NTPH_AATTCCTAGGTAGATT-1",3.25808882827232,"PMN(0)","10X_ntph_F"
"Female_NTPH_TCGGGCACAAAGCACG-1",1.94591407189238,"PMN(1)","10X_ntph_F"
"Female_NTPH_AGACAAAGTTGGAGAC-1",3.21886736180915,"PMN(1)","10X_ntph_F"
"Female_NTPH_AAAGGATGTCTAGTGT-1",3.52635208701685,"PMN(3)","10X_ntph_F"
"Female_NTPH_TCTACATAGCGTGTCC-1",2.07943192279539,"PMN(2)","10X_ntph_F"
"Female_NTPH_AGACAAAGTATCGTGT-1",3.25809664851802,"PMN(0)","10X_ntph_F"
"Female_NTPH_GAGTCATCAATCAGCT-1",2.56496150695119,"PMN(2)","10X_ntph_F"
"Female_NTPH_ATCCGTCAGTGCAGCA-1",1.38628547233473,"PMN(2)","10X_ntph_F"
"Female_NTPH_ATACCGATCAGTGTGT-1",3.58352111946872,"PMN(0)","10X_ntph_F"
"Female_NTPH_CATTCTAAGCCTTCTC-1",3.25808997685149,"PMN(3)","10X_ntph_F"
"Female_NTPH_AAGGAATTCGTCTAAG-1",0.693136295401472,"PMN(4)","10X_ntph_F"
"Female_NTPH_GCAGCCAAGGTTAAAC-1",2.56496026877052,"PMN(2)","10X_ntph_F"
"Female_NTPH_CTGCATCAGACCAGCA-1",-5.69227321657799e-06,"PMN(4)","10X_ntph_F"
"Female_NTPH_CTACCCAAGCGTATAA-1",2.94445518726775,"PMN(0)","10X_ntph_F"
"Female_NTPH_GGTTGTAAGACCATAA-1",2.56494248757708,"PMN(2)","10X_ntph_F"
"Female_NTPH_GCCGATGTCATCCTGC-1",2.8903783278632,"PMN(3)","10X_ntph_F"
"Female_NTPH_AGCGCTGCAAATAGCA-1",3.49651866838863,"PMN(1)","10X_ntph_F"
"Female_NTPH_AGAACAAAGTATCTGC-1",1.79178087643536,"PMN(2)","10X_ntph_F"
"Female_NTPH_TCTAACTGTGTCATTG-1",2.30257678327595,"PMN(0)","10X_ntph_F"
"Female_NTPH_CGAGGAACACGCTGCA-1",2.39789603685693,"PMN(1)","10X_ntph_F"
"Female_NTPH_TGTGATGTCAGGTAAA-1",2.99574163179845,"PMN(1)","10X_ntph_F"
"Female_NTPH_ATCAGGTGTAGCTGCC-1",3.21887080820117,"PMN(2)","10X_ntph_F"
"Female_NTPH_AAGAACACACCTCGTT-1",3.13550016446379,"PMN(2)","10X_ntph_F"
"Female_NTPH_AGGAGGTTCACGATAC-1",3.17804952383625,"PMN(0)","10X_ntph_F"
"Female_NTPH_TGTGATGTCCGTGGCA-1",-1.13333905267279e-05,"PMN(0)","10X_ntph_F"
"Female_NTPH_TGTTGAGGTAGCACAG-1",1.6094155407185,"PMN(2)","10X_ntph_F"
"Female_NTPH_TCATGAGCACATAACC-1",1.94591529545104,"PMN(1)","10X_ntph_F"
"Female_NTPH_GATAGAATCCCAGGAC-1",3.09103903428716,"PMN(2)","10X_ntph_F"
"Female_NTPH_GTTGAACAGTGGTTAA-1",2.39791245157266,"PMN(6)","10X_ntph_F"
"Female_NTPH_GCCATGGCAACTCGAT-1",1.94589898527623,"PMN(3)","10X_ntph_F"
"Female_NTPH_TGTTCCGCACAACCGC-1",2.77258383744359,"PMN(2)","10X_ntph_F"
"Female_NTPH_TTTACCAGTTAGAGTA-1",3.36730390330941,"PMN(3)","10X_ntph_F"
"Female_NTPH_GTTCTATTCGGCCCAA-1",3.25809392793407,"PMN(1)","10X_ntph_F"
"Female_NTPH_GAGGGTAAGGGCAAGG-1",3.17805871094712,"PMN(2)","10X_ntph_F"
"Female_NTPH_CGATGGCAGGCTTTCA-1",3.43400073232336,"PMN(5)","10X_ntph_F"
"Female_NTPH_CACGTTCAGGGCCCTT-1",3.04454420587934,"PMN(3)","10X_ntph_F"
"Female_NTPH_TCTACATAGAGTGTGC-1",5.1387111206838e-07,"PMN(0)","10X_ntph_F"
"Female_NTPH_GCACGGTGTCGCAGTC-1",-8.38095445235414e-06,"PMN(3)","10X_ntph_F"
"Female_NTPH_TTAGGGTAGATTGTGA-1",2.30257424684395,"PMN(1)","10X_ntph_F"
"Female_NTPH_CCCTTAGAGAATTCAG-1",3.36729036465878,"PMN(1)","10X_ntph_F"
"Female_NTPH_TCAAGTGCAGTGTGGA-1",1.79175520413101,"PMN(3)","10X_ntph_F"
"Female_NTPH_ATTCATCTCCATAGAC-1",2.56493724748598,"PMN(2)","10X_ntph_F"
"Female_NTPH_TCGGATATCCTTCTAA-1",1.09861826659809,"PMN(1)","10X_ntph_F"
"Female_NTPH_AGACAAAGTAGCGATG-1",2.94445321812433,"PMN(3)","10X_ntph_F"
"Female_NTPH_GGGACTCAGTAGAATC-1",3.78418520093201,"PMN(0)","10X_ntph_F"
"Female_NTPH_CCTATCGGTTTCGTTT-1",3.82863099315444,"PMN(0)","10X_ntph_F"
"Female_NTPH_ATGCCTCTCTGGCCAG-1",3.40118464269137,"PMN(0)","10X_ntph_F"
"Female_NTPH_AGCGCCATCGCTATTT-1",0.693154882076065,"PMN(4)","10X_ntph_F"
"Female_NTPH_CATCGGGCAGCGACCT-1",3.61091822787044,"PMN(0)","10X_ntph_F"
"Female_NTPH_AGTACCATCGGTCTAA-1",3.43396815593763,"PMN(2)","10X_ntph_F"
"Female_NTPH_GTCTAGATCAGGTGTT-1",2.99573103600222,"PMN(3)","10X_ntph_F"
"Female_NTPH_TGATTTCTCGTGCATA-1",1.60943791571787,"PMN(0)","10X_ntph_F"
"Female_NTPH_ACGTACAAGCCATGCC-1",1.09860385088466,"PMN(0)","10X_ntph_F"
"Female_NTPH_GAATAGATCCGCACTT-1",2.56493714412783,"PMN(2)","10X_ntph_F"
"Female_NTPH_GCATCGGGTATTGCCA-1",3.55534353162948,"PMN(2)","10X_ntph_F"
"Female_NTPH_CGCATAACATCTGGGC-1",3.66355462293033,"PMN(6)","10X_ntph_F"
"Female_NTPH_TTAGGCACAGGAAGTC-1",1.94590340525146,"PMN(4)","10X_ntph_F"
"Female_NTPH_GGGTTTAGTCCTACAA-1",2.83319031382431,"PMN(1)","10X_ntph_F"
"Female_NTPH_AGGACTTGTACGATTC-1",1.09861079533906,"PMN(4)","10X_ntph_F"
"Female_NTPH_TTCATTGAGCTCGACC-1",1.94591963595121,"PMN(3)","10X_ntph_F"
"Female_NTPH_GCTACCTGTCGTAATC-1",1.15636246052357e-05,"PMN(4)","10X_ntph_F"
"Female_NTPH_AAAGGGCCACGGGCTT-1",3.46575664632459,"PMN(0)","10X_ntph_F"
"Female_NTPH_CCTAACCTCTGAGCAT-1",3.13549686882885,"PMN(1)","10X_ntph_F"
"Female_NTPH_AGCTCAAGTCCAGTTA-1",2.19721405729793,"PMN(3)","10X_ntph_F"
"Female_NTPH_CGTGCTTCATTAAGCC-1",2.48491167321036,"PMN(1)","10X_ntph_F"
"Female_NTPH_CGTTCTGCATAGATCC-1",2.77259972069001,"PMN(1)","10X_ntph_F"
"Female_NTPH_TGGGTTAGTCATGGCC-1",2.94445784421474,"PMN(3)","10X_ntph_F"
"Female_NTPH_TAGACTGTCACTCGAA-1",1.60944602496911,"PMN(1)","10X_ntph_F"
"Female_NTPH_AGGAAATTCACTTCTA-1",3.78420381635635,"PMN(2)","10X_ntph_F"
"Female_NTPH_TCACGCTGTAGTGGCA-1",3.36730022168549,"PMN(2)","10X_ntph_F"
"Female_NTPH_CAGCAATCAGTAACCT-1",2.19721180232013,"PMN(3)","10X_ntph_F"
"Female_NTPH_ACGTAACGTAAGGTCG-1",2.19721596360417,"PMN(2)","10X_ntph_F"
"Female_NTPH_GAGGCAATCTGTTGGA-1",1.60945678229285,"PMN(1)","10X_ntph_F"
"Female_NTPH_ACCGTTCTCAAGTAAG-1",2.63906437048839,"PMN(2)","10X_ntph_F"
"Female_NTPH_GCAGGCTTCTTCTAAC-1",3.43398052727989,"PMN(3)","10X_ntph_F"
"Female_NTPH_GACTTCCTCATATGGC-1",1.60943085529068,"PMN(1)","10X_ntph_F"
"Female_NTPH_ATTCAGGGTCATCGGC-1",1.38628515393409,"PMN(1)","10X_ntph_F"
"Female_NTPH_TGATTCTGTACCAGAG-1",2.70805168583513,"PMN(2)","10X_ntph_F"
"Female_NTPH_TTGGGTAGTGGTACAG-1",-2.50017361132774e-06,"PMN(0)","10X_ntph_F"
"Female_NTPH_GCGTTTCCATAGAGGC-1",2.3025756753045,"PMN(5)","10X_ntph_F"
"Female_NTPH_CTACAGATCCATCAGA-1",3.40120952365234,"PMN(1)","10X_ntph_F"
"Female_NTPH_AATTTCCTCTCCCTAG-1",3.33220469583953,"PMN(5)","10X_ntph_F"
"Female_NTPH_AGGCCACTCTCGAACA-1",3.29584444432132,"PMN(2)","10X_ntph_F"
"Female_NTPH_GGTTGTACAACACGAG-1",2.56494555683454,"PMN(3)","10X_ntph_F"
"Female_NTPH_AAGGTAAGTATCTCGA-1",3.49650931095361,"PMN(2)","10X_ntph_F"
"Female_NTPH_GGTAATCAGATTGCGG-1",3.13550455116224,"PMN(2)","10X_ntph_F"
"Female_NTPH_CAGCGTGAGGTCGTCC-1",3.09104921059827,"PMN(2)","10X_ntph_F"
"Female_NTPH_ATCCACCCAACTGAAA-1",3.63759557253881,"PMN(0)","10X_ntph_F"
"Female_NTPH_GGTTAACCAACCTAAC-1",2.07942327537911,"PMN(3)","10X_ntph_F"
"Female_NTPH_TGGTTAGAGTTCTCTT-1",1.3862961331637,"PMN(4)","10X_ntph_F"
"Female_NTPH_GTCTAGAAGGATGGCT-1",3.40119546358354,"PMN(0)","10X_ntph_F"
"Female_NTPH_AAGATAGAGGCGTTGA-1",2.70804369911511,"PMN(3)","10X_ntph_F"
"Female_NTPH_TTGCGTCTCGCCGTGA-1",-5.60696341260001e-06,"PMN(0)","10X_ntph_F"
"Female_NTPH_GAAGTAACATGACACT-1",2.3979120304563,"PMN(3)","10X_ntph_F"
"Female_NTPH_CATCCACGTACTTGTG-1",3.66356595147565,"PMN(2)","10X_ntph_F"
"Female_NTPH_TCCTGCAGTCATCAGT-1",1.38629291505369,"PMN(1)","10X_ntph_F"
"Female_NTPH_TAGGTACTCCATTTCA-1",2.07945093193696,"PMN(1)","10X_ntph_F"
"Female_NTPH_CTACCTGAGGTCCCGT-1",1.60943245746661,"PMN(1)","10X_ntph_F"
"Female_NTPH_CCTCTAGAGGACGCTA-1",3.66356303463328,"PMN(2)","10X_ntph_F"
"Female_NTPH_CAGAGCCCACAACGAG-1",3.82865586511223,"PMN(0)","10X_ntph_F"
"Female_NTPH_CCTCCTCCAGCACAGA-1",3.33220118389434,"PMN(1)","10X_ntph_F"
"Female_NTPH_TGCAGGCTCGTGAGAG-1",3.40118939009943,"PMN(2)","10X_ntph_F"
"Female_NTPH_GCTGAATAGCAAGTCG-1",3.95123823565398,"PMN(0)","10X_ntph_F"
"Female_NTPH_ACGTACACATCTATCT-1",3.36728532202443,"PMN(0)","10X_ntph_F"
"Female_NTPH_AACAGGGAGAGTCACG-1",0.693149707184856,"PMN(5)","10X_ntph_F"
"Female_NTPH_AGACCCGGTTGGGACA-1",2.83321662267476,"PMN(1)","10X_ntph_F"
"Female_NTPH_TACCCGTGTCAACACT-1",2.63906588633926,"PMN(1)","10X_ntph_F"
"Female_NTPH_ACGTACAGTCGCTTGG-1",3.55536607911213,"PMN(5)","10X_ntph_F"
"Female_NTPH_TGCCGAGGTTGTTTGG-1",2.07945559408795,"PMN(1)","10X_ntph_F"
"Female_NTPH_GGGCCATCATGGACAG-1",2.99571976563605,"PMN(3)","10X_ntph_F"
"Female_NTPH_CTCAAGATCCAATGCA-1",2.39791526388692,"PMN(6)","10X_ntph_F"
"Female_NTPH_GTTCATTTCTCTGCTG-1",1.79176086201293,"PMN(3)","10X_ntph_F"
"Female_NTPH_TTCCTCTTCATCTACT-1",2.99572840686296,"PMN(1)","10X_ntph_F"
"Female_NTPH_TTCGATTAGACCTCAT-1",1.85563569044348e-05,"PMN(7)","10X_ntph_F"
"Female_NTPH_AGCGTATAGCGAAACC-1",2.30258938154789,"PMN(1)","10X_ntph_F"
"Female_NTPH_CCACAAATCTTAATCC-1",3.68889676201533,"PMN(3)","10X_ntph_F"
"Female_NTPH_CACCGTTCAGACGATG-1",3.4339867692484,"PMN(5)","10X_ntph_F"
"Female_NTPH_TCCACCATCCGTGTCT-1",2.48489933892992,"PMN(1)","10X_ntph_F"
"Female_NTPH_AACCTGAAGCTGGCCT-1",2.48488699014724,"PMN(3)","10X_ntph_F"
"Female_NTPH_AACAAGAGTAAGGCCA-1",0.693158449213097,"PMN(4)","10X_ntph_F"
"Female_NTPH_GGCTTTCGTTTAGAGA-1",2.89036287705228,"PMN(1)","10X_ntph_F"
"Female_NTPH_AATGAAGGTTCCTTGC-1",3.33221322376781,"PMN(1)","10X_ntph_F"
"Female_NTPH_CCTATCGAGTGGTTCT-1",3.36729702892214,"PMN(2)","10X_ntph_F"
"Female_NTPH_ATCGCCTTCGCCATAA-1",2.56495408181098,"PMN(3)","10X_ntph_F"
"Female_NTPH_TACACCCGTTAAGGAT-1",3.55536072788851,"PMN(0)","10X_ntph_F"
"Female_NTPH_ACCATTTGTACTAGCT-1",1.09860743550432,"PMN(4)","10X_ntph_F"
"Female_NTPH_TTAATCCCAAGCCTGC-1",2.30258047765818,"PMN(3)","10X_ntph_F"
"Female_NTPH_TGAATGCCAGACCAAG-1",3.76119779811019,"PMN(5)","10X_ntph_F"
"Female_NTPH_GAGGCAAGTTCAACGT-1",1.60944851597182,"PMN(2)","10X_ntph_F"
"Female_NTPH_CATTGAGTCGGCCTTT-1",-4.74785704501272e-06,"PMN(6)","10X_ntph_F"
"Female_NTPH_AGTGCCGCAGCATTGT-1",3.5835171833533,"PMN(0)","10X_ntph_F"
"Female_NTPH_CGTAATGAGTCCTACA-1",2.89037972114116,"PMN(2)","10X_ntph_F"
"Female_NTPH_AGATCGTAGCTAGTTC-1",2.89037954534932,"PMN(3)","10X_ntph_F"
"Female_NTPH_GATCATGAGGAAGTAG-1",3.73767758630903,"PMN(1)","10X_ntph_F"
"Female_NTPH_GCCGATGCAAAGGTTA-1",2.63905782013099,"PMN(2)","10X_ntph_F"
"Female_NTPH_CACTGTCGTTGCAAGG-1",2.19723220346557,"PMN(6)","10X_ntph_F"
"Female_NTPH_TCTGGCTGTGTTCAGT-1",2.63906018954595,"PMN(0)","10X_ntph_F"
"Female_NTPH_GCATCGGTCGCAATGT-1",1.94590382090493,"PMN(1)","10X_ntph_F"
"Female_NTPH_CCCTCTCTCGAACCAT-1",1.94592819290012,"PMN(1)","10X_ntph_F"
"Female_NTPH_AGACCCGTCTTTACAC-1",1.38627573101016,"PMN(4)","10X_ntph_F"
"Female_NTPH_ATCGGATTCGTAACCA-1",2.19723303262003,"PMN(0)","10X_ntph_F"
"Female_NTPH_GTGGAGATCGCTACAA-1",1.60944132911093,"PMN(1)","10X_ntph_F"
"Female_NTPH_GGTGAAGGTATGGAGC-1",2.63905755739132,"PMN(1)","10X_ntph_F"
"Female_NTPH_AGAACAAGTCGGCACT-1",2.83320723005633,"PMN(2)","10X_ntph_F"
"Female_NTPH_GCGGATCAGTCTACCA-1",3.25809393275376,"PMN(5)","10X_ntph_F"
"Female_NTPH_GTGTTCCAGATCCCAT-1",1.80567031464304e-05,"PMN(4)","10X_ntph_F"
"Female_NTPH_TCATGCCAGTTAACAG-1",3.82864042649642,"PMN(0)","10X_ntph_F"
"Female_NTPH_TCCATGCGTGAGTGAC-1",3.2188719800012,"PMN(1)","10X_ntph_F"
"Female_NTPH_TAAGTCGTCATCGACA-1",2.07943275805841,"PMN(2)","10X_ntph_F"
"Female_NTPH_CAGTTAGAGCTCTTCC-1",2.39789031701315,"PMN(1)","10X_ntph_F"
"Female_NTPH_ATGGGAGTCCATTCGC-1",3.58351809553157,"PMN(5)","10X_ntph_F"
"Female_NTPH_TGCTTGCAGAGTGACC-1",3.09102887613765,"PMN(2)","10X_ntph_F"
"Female_NTPH_GGAATGGTCATCACCC-1",2.94445040614461,"PMN(1)","10X_ntph_F"
"Female_NTPH_GATAGCTGTCTTCATT-1",2.07944251995021,"PMN(3)","10X_ntph_F"
"Female_NTPH_CATGAGTCAAGGCAAC-1",3.5835335886664,"PMN(6)","10X_ntph_F"
"Female_NTPH_GTTACGAGTTTGAACC-1",2.77259862659831,"PMN(5)","10X_ntph_F"
"Female_NTPH_AATGAAGCACCTGCTT-1",3.25811068188899,"PMN(2)","10X_ntph_F"
"Female_NTPH_GCACATAAGAAACACT-1",2.70803684212452,"PMN(0)","10X_ntph_F"
"Female_NTPH_CATCGCTCATCATCTT-1",0.693152976396329,"PMN(6)","10X_ntph_F"
"Female_NTPH_TGCGATAGTTCGTGCG-1",3.13549059771701,"PMN(2)","10X_ntph_F"
"Female_NTPH_CGGACACAGATGACCG-1",3.04452196919893,"PMN(2)","10X_ntph_F"
"Female_NTPH_GTAGAAACACTATGTG-1",3.21886983009349,"PMN(3)","10X_ntph_F"
"Female_NTPH_CGGAACCGTAAGCTCT-1",3.46573805384466,"PMN(0)","10X_ntph_F"
"Female_NTPH_TGGGCGTAGGAAGTGA-1",3.25809747433634,"PMN(2)","10X_ntph_F"
"Female_NTPH_TGAGGGATCGGTATGT-1",3.49648636312233,"PMN(0)","10X_ntph_F"
"Female_NTPH_CCATAAGAGAATTGTG-1",3.17806235477883,"PMN(3)","10X_ntph_F"
"Female_NTPH_ATCTTCAAGAGCCGTA-1",2.89037330164189,"PMN(2)","10X_ntph_F"
"Female_NTPH_GGGTGTCCAGGACAGT-1",-9.71861640205416e-06,"PMN(0)","10X_ntph_F"
"Female_NTPH_GGAGCAAAGCAATAAC-1",2.70803918682385,"PMN(2)","10X_ntph_F"
"Female_NTPH_TAGACCACAGTCGGAA-1",2.83320644160733,"PMN(1)","10X_ntph_F"
"Female_NTPH_AATTCCTAGAGAGGTA-1",2.89035592154694,"PMN(2)","10X_ntph_F"
"Female_NTPH_TTCACCGCAATACCCA-1",2.0794429193405,"PMN(1)","10X_ntph_F"
"Female_NTPH_GACTCTCCAGTAGAGC-1",2.07945656511939,"PMN(1)","10X_ntph_F"
"Female_NTPH_GGTGTCGTCACACGAT-1",2.63905925843113,"PMN(5)","10X_ntph_F"
"Female_NTPH_GGTTGTAGTGTACAGG-1",2.48491192133535,"PMN(0)","10X_ntph_F"
"Female_NTPH_GCACTAAAGTCCTACA-1",3.13547938386624,"PMN(1)","10X_ntph_F"
"Female_NTPH_ATGAAAGTCGGACCAC-1",3.6888640621067,"PMN(2)","10X_ntph_F"
"Female_NTPH_CAGGCCACATGAAAGT-1",3.21886686053933,"PMN(2)","10X_ntph_F"
"Female_NTPH_TCAGGGCAGGCAGTCA-1",3.218883035568,"PMN(0)","10X_ntph_F"
"Female_NTPH_AGCCAATGTCAAACGG-1",3.61090906762478,"PMN(5)","10X_ntph_F"
"Female_NTPH_TCCTCCCTCGTACCTC-1",3.58352452444137,"PMN(1)","10X_ntph_F"
"Female_NTPH_ATCATTCTCCGATGTA-1",3.29583467862928,"PMN(5)","10X_ntph_F"
"Female_NTPH_TCCCAGTCAGTCAGCC-1",1.38629819735471,"PMN(3)","10X_ntph_F"
"Female_NTPH_GAAACCTTCAACGAGG-1",2.70803980990111,"PMN(2)","10X_ntph_F"
"Female_NTPH_GAAGCGAGTAACAGTA-1",2.39788578287589,"PMN(0)","10X_ntph_F"
"Female_NTPH_CCAATGAAGTTCCTGA-1",3.33220346856566,"PMN(1)","10X_ntph_F"
"Female_NTPH_CTTTCAAGTGACTCTA-1",3.21887373775717,"PMN(5)","10X_ntph_F"
"Female_NTPH_TCCTTCTGTCATTGCA-1",2.30256720569209,"PMN(1)","10X_ntph_F"
"Female_NTPH_TCATGTTAGCCGTTAT-1",3.80666786061453,"PMN(2)","10X_ntph_F"
"Female_NTPH_CAGATCATCAAGTAAG-1",3.09102295639762,"PMN(3)","10X_ntph_F"
"Female_NTPH_GTGATGTCAATGAGCG-1",2.77258456989517,"PMN(0)","10X_ntph_F"
"Female_NTPH_GTCAGCGAGCCTCTGG-1",5.51296705930179e-07,"PMN(0)","10X_ntph_F"
"Female_NTPH_CTTCCGACATAGATCC-1",3.17804681035075,"PMN(3)","10X_ntph_F"
"Female_NTPH_GCCAGGTGTGAGCTCC-1",3.17803979195762,"PMN(0)","10X_ntph_F"
"Female_NTPH_TAGGAGGGTAGTGATA-1",3.13549022768984,"PMN(1)","10X_ntph_F"
"Female_NTPH_ATCGTAGGTAAGCAAT-1",2.94443787494844,"PMN(5)","10X_ntph_F"
"Female_NTPH_AAGCCATAGCCGGATA-1",3.43397796370063,"PMN(2)","10X_ntph_F"
"Female_NTPH_TGTTTGTGTGCATCTA-1",1.38628078868989,"PMN(1)","10X_ntph_F"
"Female_NTPH_TATACCTAGCTGTTAC-1",1.09860034262328,"PMN(1)","10X_ntph_F"
"Female_NTPH_AGAAATGTCACCATGA-1",2.63905204473747,"PMN(1)","10X_ntph_F"
"Female_NTPH_TGGTGATAGACATCCT-1",2.48490212351913,"PMN(1)","10X_ntph_F"
"Female_NTPH_CCCTGATCATCCAATG-1",1.79177366407999,"PMN(3)","10X_ntph_F"
"Female_NTPH_GTCATGAGTTAGTTCG-1",2.07942868486839,"PMN(1)","10X_ntph_F"
"Female_NTPH_TCGAACAAGTTGCGAG-1",3.13549802741854,"PMN(2)","10X_ntph_F"
"Female_NTPH_CATGAGTGTAGATCCT-1",3.43398302979914,"PMN(2)","10X_ntph_F"
"Female_NTPH_ATCCGTCAGCTTTGTG-1",1.79176039784226,"PMN(1)","10X_ntph_F"
"Female_NTPH_AGTCAACAGCCTGAAG-1",-6.63584535776221e-06,"PMN(0)","10X_ntph_F"
"Female_NTPH_TAGGAGGGTGTTTGCA-1",1.38630238939379,"PMN(1)","10X_ntph_F"
"Female_NTPH_TCCGGGAGTACAGCGA-1",2.89035472706971,"PMN(2)","10X_ntph_F"
"Female_NTPH_TTTCGATGTTGTTTGG-1",2.99573381262472,"PMN(3)","10X_ntph_F"
"Female_NTPH_CAGTTCCCAAGACCTT-1",3.17805409110295,"PMN(2)","10X_ntph_F"
"Female_NTPH_ATGCGATCACCAATTG-1",3.40120794029595,"PMN(1)","10X_ntph_F"
"Female_NTPH_TTGCTGCGTTCTTGTT-1",2.07943929700869,"PMN(2)","10X_ntph_F"
"Female_NTPH_AAGCGTTGTGGCCACT-1",4.96596389373037e-06,"PMN(4)","10X_ntph_F"
"Female_NTPH_CATAAGCGTTTCGGCG-1",1.38629835745944,"PMN(3)","10X_ntph_F"
"Female_NTPH_GCCAGCAGTACACGTT-1",3.25809006889398,"PMN(2)","10X_ntph_F"
"Female_NTPH_GAGTTACAGCAATAGT-1",3.36729499235883,"PMN(0)","10X_ntph_F"
"Female_NTPH_CTCCACATCGATACAC-1",3.09104111714632,"PMN(0)","10X_ntph_F"
"Female_NTPH_TGGATCAAGAACAAGG-1",1.38630555715845,"PMN(4)","10X_ntph_F"
"Female_NTPH_TACGCTCGTATGCTAC-1",2.3978976650081,"PMN(3)","10X_ntph_F"
"Female_NTPH_ATGAGGGCAGATCATC-1",3.13549712195131,"PMN(5)","10X_ntph_F"
"Female_NTPH_TGTGATGTCATCCCGT-1",2.48493008580218,"PMN(0)","10X_ntph_F"
"Female_NTPH_GTGTTCCGTCAAAGTA-1",3.21887998784932,"PMN(2)","10X_ntph_F"
"Female_NTPH_GAAGCCCGTATCGTTG-1",3.13549784073993,"PMN(1)","10X_ntph_F"
"Female_NTPH_CGATGGCGTCAGTCGC-1",1.09861760549436,"PMN(4)","10X_ntph_F"
"Female_NTPH_CGTTGGGGTTTCGTAG-1",1.38630984154227,"PMN(5)","10X_ntph_F"
"Female_NTPH_TTCAATCAGCTGTGCC-1",9.61488300605771e-06,"PMN(1)","10X_ntph_F"
"Female_NTPH_TTACGTTCAGTCTTCC-1",3.52636390897795,"PMN(0)","10X_ntph_F"
"Female_NTPH_TTGCCTGTCGTCGCTT-1",-6.10953004269112e-06,"PMN(0)","10X_ntph_F"
"Female_NTPH_AGGAAATCACGTTGGC-1",1.94591371957582,"PMN(4)","10X_ntph_F"
"Female_NTPH_GAGTGAGGTAATCAAG-1",1.79176088431485,"PMN(5)","10X_ntph_F"
"Female_NTPH_CAGATACTCTAAGCCA-1",2.944420616253,"PMN(1)","10X_ntph_F"
"Female_NTPH_TTCAATCGTAACTGCT-1",3.04450702741296,"PMN(3)","10X_ntph_F"
"Female_NTPH_AAACCCAAGTGGACGT-1",3.4339692606565,"PMN(5)","10X_ntph_F"
"Female_NTPH_GAATCGTCAACAGCTT-1",3.52637466976525,"PMN(0)","10X_ntph_F"
"Female_NTPH_TACGCTCGTGGGCTTC-1",3.52636670799508,"PMN(0)","10X_ntph_F"
"Female_NTPH_AGCTACACAGACAATA-1",3.04449893316955,"PMN(1)","10X_ntph_F"
"Female_NTPH_ACTTATCGTTGGCCTG-1",2.89037642821203,"PMN(0)","10X_ntph_F"
"Female_NTPH_CCCGAAGTCATGAGTC-1",2.30258573131343,"PMN(3)","10X_ntph_F"
"Female_NTPH_AGGGAGTGTAGCGATG-1",2.70804763849779,"PMN(1)","10X_ntph_F"
"Female_NTPH_CGAGTGCTCGCTTTAT-1",0.693139735339563,"PMN(4)","10X_ntph_F"
"Female_NTPH_GTGCAGCAGGGTCTTT-1",3.17804114009518,"PMN(1)","10X_ntph_F"
"Female_NTPH_TTCCTTCAGCAGCGAT-1",3.29584549228441,"PMN(0)","10X_ntph_F"
"Female_NTPH_CGTGAATAGACCCGCT-1",3.29583109665761,"PMN(0)","10X_ntph_F"
"Female_NTPH_TTCTCTCGTACTGACT-1",3.52635920194268,"PMN(6)","10X_ntph_F"
"Female_NTPH_GCGGAAAGTAGCTGTT-1",3.36730169826748,"PMN(6)","10X_ntph_F"
"Female_NTPH_GAACACTGTAAGTTAG-1",1.38629971112266,"PMN(2)","10X_ntph_F"
"Female_NTPH_CAACAGTCAGTAGGAC-1",2.89036782379679,"PMN(0)","10X_ntph_F"
"Female_NTPH_GAACGTTAGCCACAAG-1",2.48490124369383,"PMN(5)","10X_ntph_F"
"Female_NTPH_CTGTCGTAGTATCTGC-1",2.99573486806314,"PMN(2)","10X_ntph_F"
"Female_NTPH_CAGCAATAGTGGGAAA-1",2.63904554682765,"PMN(1)","10X_ntph_F"
"Female_NTPH_CATCGGGCACATCCCT-1",3.29583992738911,"PMN(1)","10X_ntph_F"
"Female_NTPH_GTCATCCGTCGCAGTC-1",1.38629609593218,"PMN(3)","10X_ntph_F"
"Female_NTPH_ATGCCTCGTCGTGATT-1",3.66356415191032,"PMN(2)","10X_ntph_F"
"Female_NTPH_TCGATTTCAGAGGCAT-1",0.693144401319454,"PMN(4)","10X_ntph_F"
"Female_NTPH_CAGGGCTCACGACAAG-1",2.3025678456367,"PMN(1)","10X_ntph_F"
"Female_NTPH_TGAGACTAGGTCACTT-1",1.38627429407045,"PMN(4)","10X_ntph_F"
"Female_NTPH_ACATGCAGTCAAGGCA-1",-1.29180833046846e-05,"PMN(4)","10X_ntph_F"
"Female_NTPH_ATTCCTAGTCCAGGTC-1",3.68888311249622,"PMN(0)","10X_ntph_F"
"Female_NTPH_ATGAAAGTCTGGCCAG-1",2.77258720020724,"PMN(2)","10X_ntph_F"
"Female_NTPH_ATTCCCGTCCAGTGTA-1",3.36728848904557,"PMN(6)","10X_ntph_F"
"Female_NTPH_GTAATGCCATACTTTC-1",2.89036393817559,"PMN(1)","10X_ntph_F"
"Female_NTPH_TTACAGGCAAACTCGT-1",2.83321885972656,"PMN(5)","10X_ntph_F"
"Female_NTPH_AAGTTCGAGATCGACG-1",3.36727972157663,"PMN(0)","10X_ntph_F"
"Female_NTPH_TAACCAGAGTAGGATT-1",2.8903792396605,"PMN(0)","10X_ntph_F"
"Female_NTPH_TACTTACAGAGAGGTA-1",2.48491114274811,"PMN(1)","10X_ntph_F"
"Female_NTPH_GACTGATGTCGTGTTA-1",3.52635182399096,"PMN(0)","10X_ntph_F"
"Female_NTPH_CCGGACATCTTCCTAA-1",2.94443800168713,"PMN(2)","10X_ntph_F"
"Female_NTPH_TAGGGTTGTTTGGGAG-1",3.49651649246862,"PMN(0)","10X_ntph_F"
"Female_NTPH_AACAACCGTCACTCGG-1",3.52637403376711,"PMN(5)","10X_ntph_F"
"Female_NTPH_GGAACCCCAGACCAAG-1",3.17806872005189,"PMN(0)","10X_ntph_F"
"Female_NTPH_AAAGGGCGTTACACAC-1",3.09104616403044,"PMN(0)","10X_ntph_F"
"Female_NTPH_CTGTATTAGTCGGGAT-1",3.58351679372367,"PMN(3)","10X_ntph_F"
"Female_NTPH_TTGAACGGTACACTCA-1",4.55494589939145e-06,"PMN(6)","10X_ntph_F"
"Female_NTPH_TGGATGTAGACGGAAA-1",2.30258251188294,"PMN(0)","10X_ntph_F"
"Female_NTPH_CTACAGAAGCTCACTA-1",3.55533803225189,"PMN(0)","10X_ntph_F"
"Female_NTPH_TGCCGAGGTACTGACT-1",2.99574071498882,"PMN(0)","10X_ntph_F"
"Female_NTPH_TCATTCACAATACGAA-1",1.38630130770765,"PMN(1)","10X_ntph_F"
"Female_NTPH_GTATTGGGTCCTGTTC-1",1.79177207926553,"PMN(5)","10X_ntph_F"
"Female_NTPH_AAGACAAAGGCCACTC-1",2.89038842348906,"PMN(1)","10X_ntph_F"
"Female_NTPH_CCACGAGAGAACTCCT-1",1.60945263101348,"PMN(1)","10X_ntph_F"
"Female_NTPH_TCAATCTAGCTGGAGT-1",7.8931570508443e-06,"PMN(3)","10X_ntph_F"
"Female_NTPH_CGAGGCTCACGGTAGA-1",1.79175910468534,"PMN(2)","10X_ntph_F"
"Female_NTPH_GGAGATGAGACATCAA-1",3.55534714865665,"PMN(1)","10X_ntph_F"
"Female_NTPH_ATCACAGTCGAGAAGC-1",1.3862902324905,"PMN(0)","10X_ntph_F"
"Female_NTPH_GTCGAATTCCTTATGT-1",2.19721676672424,"PMN(1)","10X_ntph_F"
"Female_NTPH_CATTCTACAACACAGG-1",2.07943764075198,"PMN(1)","10X_ntph_F"
"Female_NTPH_CACCAAACATGTGACT-1",3.71357820508053,"PMN(2)","10X_ntph_F"
"Female_NTPH_CCGTGAGGTTGGGAAC-1",2.19722842410642,"PMN(2)","10X_ntph_F"
"Female_NTPH_TCAAGTGTCACCGACG-1",-1.20565664981837e-05,"PMN(0)","10X_ntph_F"
"Female_NTPH_GGGTCACGTACTCGTA-1",0.693159159072145,"PMN(4)","10X_ntph_F"
"Female_NTPH_CTCAGGGCATGTACGT-1",2.63907024102792,"PMN(3)","10X_ntph_F"
"Female_NTPH_TGGGCGTCACCGTACG-1",1.48307160252052e-05,"PMN(0)","10X_ntph_F"
"Female_NTPH_ACTGCAAGTGTTCAGT-1",2.48489441383564,"PMN(4)","10X_ntph_F"
"Female_NTPH_AGAGAATTCTTTGATC-1",1.79175533748171,"PMN(3)","10X_ntph_F"
"Female_NTPH_GGTGGCTAGCACTGGA-1",3.13549012012049,"PMN(5)","10X_ntph_F"
"Female_NTPH_GAGAGGTTCTGAGATC-1",3.46573139115254,"PMN(0)","10X_ntph_F"
"Female_NTPH_CCTATCGCATCCTTGC-1",2.48490100279848,"PMN(3)","10X_ntph_F"
"Female_NTPH_AAACCCAGTATCGTAC-1",0.6931415804566,"PMN(4)","10X_ntph_F"
"Female_NTPH_GTACAACGTGTATACC-1",2.94442927358577,"PMN(1)","10X_ntph_F"
"Female_NTPH_ATTTACCAGGCCTAAG-1",2.48490102155254,"PMN(3)","10X_ntph_F"
"Female_NTPH_ACGATGTCAAGACCTT-1",4.44264793612588,"PMN(2)","10X_ntph_F"
"Female_NTPH_CAGTTCCTCCCAGCGA-1",3.25809847452258,"PMN(6)","10X_ntph_F"
"Female_NTPH_TACATTCGTGAACCGA-1",3.17805988677651,"PMN(0)","10X_ntph_F"
"Female_NTPH_GGGCTACGTCGATGCC-1",2.77259830097578,"PMN(3)","10X_ntph_F"
"Female_NTPH_CATTGCCGTTGCCGAC-1",3.55534005330502,"PMN(0)","10X_ntph_F"
"Female_NTPH_TCATGTTAGCTCTATG-1",1.60943833792066,"PMN(1)","10X_ntph_F"
"Female_NTPH_AGAACCTCAAGTGTCT-1",3.76122347270218,"PMN(5)","10X_ntph_F"
"Female_NTPH_CGCCATTTCAAGAAAC-1",2.83320872538166,"PMN(3)","10X_ntph_F"
"Female_NTPH_GAATAGAGTTGTCATG-1",2.39790267709743,"PMN(2)","10X_ntph_F"
"Female_NTPH_AAGGAATAGTTGAATG-1",2.99572529010738,"PMN(2)","10X_ntph_F"
"Female_NTPH_ACTCTCGCATCCGATA-1",3.68889010780295,"PMN(0)","10X_ntph_F"
"Female_NTPH_TCACTATAGGGCGAGA-1",2.39790072796658,"PMN(2)","10X_ntph_F"
"Female_NTPH_CATTCCGAGCGGGTTA-1",-9.18209320243205e-06,"PMN(4)","10X_ntph_F"
"Female_NTPH_GTAGGAGCAGGAGGAG-1",2.30259534490748,"PMN(1)","10X_ntph_F"
"Female_NTPH_TGCAGATAGCACAAAT-1",0.693158437943974,"PMN(3)","10X_ntph_F"
"Female_NTPH_TATATCCTCCCAATAG-1",1.60944674043795,"PMN(0)","10X_ntph_F"
"Female_NTPH_TCTATACCAATGGGTG-1",3.66353396534354,"PMN(0)","10X_ntph_F"
"Female_NTPH_TGTTGGAGTTGATGTC-1",3.43398864275093,"PMN(0)","10X_ntph_F"
"Female_NTPH_GCTGAATTCTCAGTCC-1",3.58353413728736,"PMN(0)","10X_ntph_F"
"Female_NTPH_ACACAGTTCGCCTAGG-1",3.13549250276837,"PMN(2)","10X_ntph_F"
"Female_NTPH_TGTGTGAGTTACACTG-1",3.13548763447916,"PMN(2)","10X_ntph_F"
"Female_NTPH_GGGACTCTCTCATTAC-1",1.79175792628203,"PMN(4)","10X_ntph_F"
"Female_NTPH_GCATGATCAGGTCAGA-1",2.70802637070905,"PMN(5)","10X_ntph_F"
"Female_NTPH_GTCCTCAGTGAATATG-1",3.21886444189729,"PMN(0)","10X_ntph_F"
"Female_NTPH_GTGGTTACACGTCGGT-1",3.33220363761988,"PMN(2)","10X_ntph_F"
"Female_NTPH_GGGCTCATCGTAGGGA-1",3.68888780738114,"PMN(0)","10X_ntph_F"
"Female_NTPH_CATCGCTCAAATGAAC-1",3.04452455883211,"PMN(5)","10X_ntph_F"
"Female_NTPH_GAACGTTTCGTAACTG-1",3.04452885118644,"PMN(1)","10X_ntph_F"
"Female_NTPH_TTTAGTCGTAGACGGT-1",3.63757583871671,"PMN(2)","10X_ntph_F"
"Female_NTPH_CAGTTAGAGACATACA-1",2.56496421516807,"PMN(1)","10X_ntph_F"
"Female_NTPH_CTCAAGAGTCGACTTA-1",2.70806210586468,"PMN(2)","10X_ntph_F"
"Female_NTPH_CGCCATTGTATGAAGT-1",1.09861846093542,"PMN(1)","10X_ntph_F"
"Female_NTPH_AAGAACACATCATCTT-1",2.63905560023201,"PMN(0)","10X_ntph_F"
"Female_NTPH_GGGAGTATCGATCCAA-1",2.94444759497085,"PMN(3)","10X_ntph_F"
"Female_NTPH_AAACCCATCAATCTCT-1",2.63905112875601,"PMN(5)","10X_ntph_F"
"Female_NTPH_GCTTGGGTCTGTCGCT-1",0.693138398429473,"PMN(4)","10X_ntph_F"
"Female_NTPH_GTGAGGACAGTAGAGC-1",1.09859000271664,"PMN(1)","10X_ntph_F"
"Female_NTPH_TTTATGCGTACCATAC-1",2.3025870256263,"PMN(0)","10X_ntph_F"
"Female_NTPH_CGTGATAAGTACGTCT-1",3.46571277623256,"PMN(2)","10X_ntph_F"
"Female_NTPH_GTCTCACAGAAACCCG-1",1.09861204533019,"PMN(4)","10X_ntph_F"
"Female_NTPH_AGGAATATCGCCATAA-1",3.55535247489531,"PMN(0)","10X_ntph_F"
"Female_NTPH_TGCTTCGCAAAGAGTT-1",1.60944580820164,"PMN(1)","10X_ntph_F"
"Female_NTPH_TGATCAGAGATAGGGA-1",1.94592036725158,"PMN(3)","10X_ntph_F"
"Female_NTPH_TTACCGCCAGCACAAG-1",2.77259487485138,"PMN(1)","10X_ntph_F"
"Female_NTPH_GCACATAAGTCATAGA-1",2.39788667701981,"PMN(1)","10X_ntph_F"
"Female_NTPH_ATACCTTCACGAGGAT-1",2.99574118104375,"PMN(3)","10X_ntph_F"
"Female_NTPH_ATGTCCCTCACTGGGC-1",6.32747474874033e-07,"PMN(7)","10X_ntph_F"
"Female_NTPH_GTAGATCGTAGGCTCC-1",1.38627571450933,"PMN(1)","10X_ntph_F"
"Female_NTPH_CAAGAGGGTGATACCT-1",1.79175833785955,"PMN(1)","10X_ntph_F"
"Female_NTPH_CAACGATTCTCACCCA-1",0.693129346696187,"PMN(3)","10X_ntph_F"
"Female_NTPH_AACACACTCTGTACAG-1",1.60942737752969,"PMN(5)","10X_ntph_F"
"Female_NTPH_TACCGAATCAGTGTGT-1",3.3672896364397,"PMN(0)","10X_ntph_F"
"Female_NTPH_TATTGGGTCGTTACCC-1",2.19721870795045,"PMN(5)","10X_ntph_F"
"Female_NTPH_ATTGTTCGTAAGATTG-1",2.7725979919971,"PMN(2)","10X_ntph_F"
"Female_NTPH_AATCGACGTCTGCAAT-1",2.70804954704376,"PMN(1)","10X_ntph_F"
"Female_NTPH_TCCTGCAGTTACCTTT-1",2.70804082998462,"PMN(1)","10X_ntph_F"
"Female_NTPH_ATTCAGGTCGTCGACG-1",2.30257875439971,"PMN(5)","10X_ntph_F"
"Female_NTPH_GAGCCTGGTATCTCTT-1",3.04451668548056,"PMN(0)","10X_ntph_F"
"Female_NTPH_CATCGGGGTTTGAACC-1",3.17805571255836,"PMN(2)","10X_ntph_F"
"Female_NTPH_AGTACCAAGGACGCTA-1",2.83321874061596,"PMN(5)","10X_ntph_F"
"Female_NTPH_GTGTAACAGCCGATAG-1",3.09103824451762,"PMN(2)","10X_ntph_F"
"Female_NTPH_TTGTGGAGTAGGTACG-1",2.89036836323056,"PMN(1)","10X_ntph_F"
"Female_NTPH_GCATCGGGTCTAACGT-1",3.0910476341622,"PMN(0)","10X_ntph_F"
"Female_NTPH_CAGGGCTCAAGTCATC-1",2.63904863573905,"PMN(3)","10X_ntph_F"
"Female_NTPH_AGTGCCGCACTCCGAG-1",3.55534645478027,"PMN(1)","10X_ntph_F"
"Female_NTPH_TTACCGCAGGCTCTAT-1",-1.42616786605041e-06,"PMN(6)","10X_ntph_F"
"Female_NTPH_GCTTTCGTCTATTTCG-1",2.63904967750558,"PMN(1)","10X_ntph_F"
"Female_NTPH_ATTCATCAGCTCAGAG-1",1.9459035510496,"PMN(1)","10X_ntph_F"
"Female_NTPH_ACACAGTAGTAGGATT-1",3.04451936366902,"PMN(3)","10X_ntph_F"
"Female_NTPH_TTTGATCCATTGTGCA-1",3.2188670055937,"PMN(6)","10X_ntph_F"
"Female_NTPH_TAAGCGTAGCAGGCTA-1",2.48490569633641,"PMN(2)","10X_ntph_F"
"Female_NTPH_GTCATTTGTATACCTG-1",-1.27596937307411e-05,"PMN(7)","10X_ntph_F"
"Female_NTPH_TCTTAGTAGACCATAA-1",3.75584983964806e-06,"PMN(0)","10X_ntph_F"
"Female_NTPH_AGATAGATCAGTGCGC-1",-4.69230372596356e-06,"PMN(0)","10X_ntph_F"
"Female_NTPH_GGGCGTTCAGAGTGTG-1",3.49651555079852,"PMN(2)","10X_ntph_F"
"Female_NTPH_TATACCTGTGAATTAG-1",2.94444324204843,"PMN(2)","10X_ntph_F"
"Female_NTPH_TGCTCCACACCATTCC-1",2.63905220829513,"PMN(1)","10X_ntph_F"
"Female_NTPH_CTCGAGGAGAAATTCG-1",3.17805035519258,"PMN(0)","10X_ntph_F"
"Female_NTPH_TCTGGCTAGCTTGTTG-1",2.70805629502967,"PMN(1)","10X_ntph_F"
"Female_NTPH_CTCATTAGTGTTCGAT-1",2.39790262744155,"PMN(3)","10X_ntph_F"
"Female_NTPH_TCTAACTTCTCGAGTA-1",4.76708560673323e-06,"PMN(0)","10X_ntph_F"
"Female_NTPH_ACAACCATCAGTCCGG-1",3.71357534956198,"PMN(0)","10X_ntph_F"
"Female_NTPH_GCTTCACTCTTGGTGA-1",3.04450462504867,"PMN(5)","10X_ntph_F"
"Female_NTPH_AATGGAAAGAGTCGAC-1",2.9957334675182,"PMN(2)","10X_ntph_F"
"Female_NTPH_GTTCCGTCATGATCTG-1",2.99571809060027,"PMN(5)","10X_ntph_F"
"Female_NTPH_GGGAAGTGTGAGTAAT-1",3.33220527051898,"PMN(1)","10X_ntph_F"
"Female_NTPH_CTCACTGAGGAAGAAC-1",2.07943493334741,"PMN(3)","10X_ntph_F"
"Female_NTPH_CCCTCTCTCAGAACCT-1",1.60943685737364,"PMN(1)","10X_ntph_F"
"Female_NTPH_ATCCACCTCCCGTTGT-1",2.99572047269511,"PMN(6)","10X_ntph_F"
"Female_NTPH_GTTATGGGTTAGGACG-1",2.48490500619614,"PMN(6)","10X_ntph_F"
"Female_NTPH_CTCAGGGAGTGGTGAC-1",2.89038695230391,"PMN(2)","10X_ntph_F"
"Female_NTPH_GCACTAAAGTTTCGGT-1",1.60945616408488,"PMN(1)","10X_ntph_F"
"Female_NTPH_CATACCCCAGAGGAAA-1",3.13546932953065,"PMN(0)","10X_ntph_F"
"Female_NTPH_GAGTGAGTCTGCGGGT-1",2.4848901065655,"PMN(2)","10X_ntph_F"
"Female_NTPH_GATGACTTCACGAGGA-1",2.63904312106244,"PMN(1)","10X_ntph_F"
"Female_NTPH_TTTACGTCAAGCGAAC-1",3.25808377505582,"PMN(2)","10X_ntph_F"
"Female_NTPH_TTGTTCAAGTGACCTT-1",3.17807462135594,"PMN(2)","10X_ntph_F"
"Female_NTPH_CCATAAGAGGTAAACT-1",3.68888960947414,"PMN(5)","10X_ntph_F"
"Female_NTPH_AACCTTTCAAGGCGTA-1",3.09104135723015,"PMN(2)","10X_ntph_F"
"Female_NTPH_TCCGAAATCCGACGGT-1",1.09862210385692,"PMN(4)","10X_ntph_F"
"Female_NTPH_AGCGCTGAGACAACAT-1",1.09863490214018,"PMN(1)","10X_ntph_F"
"Female_NTPH_TGGCGTGAGACGGAAA-1",1.60944428333334,"PMN(1)","10X_ntph_F"
"Female_NTPH_GTACAACAGGTCCAGA-1",2.94445673453187,"PMN(5)","10X_ntph_F"
"Female_NTPH_GTCCACTAGAGGCGTT-1",3.25808506300601,"PMN(1)","10X_ntph_F"
"Female_NTPH_GGTTAACTCTAACACG-1",0.693136387334008,"PMN(4)","10X_ntph_F"
"Female_NTPH_TCATCCGGTGTTTGCA-1",0.693157860058533,"PMN(4)","10X_ntph_F"
"Female_NTPH_GTATTGGAGGATTTGA-1",1.94591906658723,"PMN(1)","10X_ntph_F"
"Female_NTPH_GATCATGCACACGGAA-1",2.19723327830132,"PMN(2)","10X_ntph_F"
"Female_NTPH_GAGTCATAGTCTAGAA-1",3.58352379608076,"PMN(0)","10X_ntph_F"
"Female_NTPH_AGGCCACTCCGCACGA-1",2.63905261867833,"PMN(1)","10X_ntph_F"
"Female_NTPH_TCACACCAGGGCAACT-1",2.99574176985393,"PMN(3)","10X_ntph_F"
"Female_NTPH_AGCCAATGTGGCACTC-1",3.21889430214411,"PMN(0)","10X_ntph_F"
"Female_NTPH_TCGCAGGAGACAACTA-1",2.94445138324073,"PMN(2)","10X_ntph_F"
"Female_NTPH_CTGCATCTCGCCGTGA-1",1.79174566108587,"PMN(1)","10X_ntph_F"
"Female_NTPH_ACCCTCAAGGACCCAA-1",1.60944265920287,"PMN(4)","10X_ntph_F"
"Female_NTPH_TGCTCGTAGTTTCAGC-1",2.70805032456579,"PMN(3)","10X_ntph_F"
"Female_NTPH_AAATGGAAGCAAGTCG-1",3.0445233087228,"PMN(1)","10X_ntph_F"
"Female_NTPH_ATCCTATCAACCGATT-1",2.39789344911643,"PMN(1)","10X_ntph_F"
"Female_NTPH_CGTCAAAAGGACAGTC-1",3.21886316816554,"PMN(0)","10X_ntph_F"
"Female_NTPH_TAACTTCGTTACGTAC-1",1.79176278206718,"PMN(3)","10X_ntph_F"
"Female_NTPH_CTACAGAAGAGGATGA-1",2.77260223952609,"PMN(5)","10X_ntph_F"
"Female_NTPH_CGTAAGTAGGGCAGGA-1",3.09105881901568,"PMN(2)","10X_ntph_F"
"Female_NTPH_ACTTCGCCACACCAGC-1",2.8332181433785,"PMN(0)","10X_ntph_F"
"Female_NTPH_TGCTCGTGTACCGCGT-1",1.38628699796078,"PMN(1)","10X_ntph_F"
"Female_NTPH_GGAGAACTCAAGTGGG-1",2.94443314900025,"PMN(6)","10X_ntph_F"
"Female_NTPH_CATCAAGTCTACGGTA-1",3.33219839585538,"PMN(1)","10X_ntph_F"
"Female_NTPH_TTCTCTCTCTCTATAC-1",2.30259112649448,"PMN(1)","10X_ntph_F"
"Female_NTPH_GAAGAATGTCAAGCCC-1",2.19722221970283,"PMN(5)","10X_ntph_F"
"Female_NTPH_GATAGCTGTAGCTGAG-1",3.33223355233612,"PMN(0)","10X_ntph_F"
"Female_NTPH_AATGACCAGATGGGCT-1",0.693144497647152,"PMN(4)","10X_ntph_F"
"Female_NTPH_TATTCCATCCGCATAA-1",3.33220599110369,"PMN(1)","10X_ntph_F"
"Female_NTPH_GAAATGACACTTGTCC-1",3.40119531371233,"PMN(2)","10X_ntph_F"
"Female_NTPH_TGAGACTAGTCAGAGC-1",2.48490022418662,"PMN(3)","10X_ntph_F"
"Female_NTPH_TCTAACTCAGAATCGG-1",3.33221298589344,"PMN(0)","10X_ntph_F"
"Female_NTPH_TGAACGTCAATCGAAA-1",-5.27572126400654e-06,"PMN(1)","10X_ntph_F"
"Female_NTPH_TAACCAGTCTCGAACA-1",2.19722460104379,"PMN(1)","10X_ntph_F"
"Female_NTPH_TGTTGGACACAGAGCA-1",3.55534524268708,"PMN(2)","10X_ntph_F"
"Female_NTPH_GACTGATGTTCTCACC-1",3.21884754012168,"PMN(2)","10X_ntph_F"
"Female_NTPH_ATTCATCAGAAACCCG-1",3.58352544775927,"PMN(0)","10X_ntph_F"
"Female_NTPH_CCCAACTTCGTCACCT-1",2.30258667058576,"PMN(1)","10X_ntph_F"
"Female_NTPH_ACTGATGTCTAGATCG-1",3.2958283316341,"PMN(0)","10X_ntph_F"
"Female_NTPH_GTACAACAGGTAAGGA-1",3.63759979072725,"PMN(5)","10X_ntph_F"
"Female_NTPH_CAACCAAAGTTCGGTT-1",1.60942528347239,"PMN(1)","10X_ntph_F"
"Female_NTPH_CAACAGTAGTGATAGT-1",3.21885804540274,"PMN(0)","10X_ntph_F"
"Female_NTPH_GTCAAGTCAAATTAGG-1",3.55534119229296,"PMN(1)","10X_ntph_F"
"Female_NTPH_CACTAAGTCATCAGTG-1",-1.18433552229326e-05,"PMN(7)","10X_ntph_F"
"Female_NTPH_TGTAGACAGTGAGGCT-1",0.693155077332963,"PMN(4)","10X_ntph_F"
"Female_NTPH_CACTGTCAGCTGTTCA-1",0.693148040197655,"PMN(1)","10X_ntph_F"
"Female_NTPH_TGGATGTTCGTGCACG-1",2.30258139237962,"PMN(0)","10X_ntph_F"
"Female_NTPH_GAACGTTTCGTCACCT-1",3.55534815485308,"PMN(0)","10X_ntph_F"
"Female_NTPH_ATTGTTCCAACCACGC-1",1.79174995863214,"PMN(1)","10X_ntph_F"
"Female_NTPH_ATTTCTGGTACCGGCT-1",3.46573771997684,"PMN(2)","10X_ntph_F"
"Female_NTPH_CCGGGTACAATTTCCT-1",2.94444088256488,"PMN(0)","10X_ntph_F"
"Female_NTPH_CCCATTGAGGTTGAGC-1",2.39789455541068,"PMN(3)","10X_ntph_F"
"Female_NTPH_TTCTTGAAGACATACA-1",3.29583683748723,"PMN(2)","10X_ntph_F"
"Female_NTPH_CTCAACCGTAGTGGCA-1",2.48489556759838,"PMN(6)","10X_ntph_F"
"Female_NTPH_CTCCGATTCAATCTCT-1",1.60944726435177,"PMN(0)","10X_ntph_F"
"Female_NTPH_TGCGACGCACAGACGA-1",0.693132322165428,"PMN(4)","10X_ntph_F"
"Female_NTPH_CAACAGTGTGCGTTTA-1",3.21889811028718,"PMN(0)","10X_ntph_F"
"Female_NTPH_CTCTCAGAGGCCACTC-1",3.04453867907565,"PMN(1)","10X_ntph_F"
"Female_NTPH_TACCGAAAGAGGCCAT-1",3.63759135737264,"PMN(3)","10X_ntph_F"
"Female_NTPH_TAGGTACTCACAATGC-1",1.38628084083352,"PMN(1)","10X_ntph_F"
"Female_NTPH_AGGGTCCTCTCTATGT-1",2.56495361869981,"PMN(4)","10X_ntph_F"
"Female_NTPH_GGCGTCAGTATCGGTT-1",1.7917428373522,"PMN(1)","10X_ntph_F"
"Female_NTPH_TCTACATGTACAGTCT-1",2.48490395035178,"PMN(1)","10X_ntph_F"
"Female_NTPH_GGTTAACTCTTCCTAA-1",3.68888736202353,"PMN(3)","10X_ntph_F"
"Female_NTPH_GATGTTGAGTACTGTC-1",3.5835273445425,"PMN(3)","10X_ntph_F"
"Female_NTPH_TTTCGATTCGATGGAG-1",2.30258542268889,"PMN(2)","10X_ntph_F"
"Female_NTPH_AATCACGCAATACCCA-1",3.09104007172078,"PMN(0)","10X_ntph_F"
"Female_NTPH_TCCACGTTCCTGTAGA-1",3.04452507324628,"PMN(5)","10X_ntph_F"
"Female_NTPH_ATTTCTGTCATTGGTG-1",-1.59178517406521e-05,"PMN(1)","10X_ntph_F"
"Female_NTPH_ATGAAAGCACTTCATT-1",0.693143418209257,"PMN(1)","10X_ntph_F"
"Female_NTPH_GTAATGCAGTACTGGG-1",2.63907545488676,"PMN(3)","10X_ntph_F"
"Female_NTPH_ACTGCAAGTCCGCAGT-1",3.17803644935112,"PMN(5)","10X_ntph_F"
"Female_NTPH_TTCTGTACACCAGCCA-1",1.62911115074531e-05,"PMN(0)","10X_ntph_F"
"Female_NTPH_TGATCTTTCAGGCGAA-1",2.7725940032942,"PMN(5)","10X_ntph_F"
"Female_NTPH_TGAGCATAGACGCAGT-1",2.63905372517339,"PMN(1)","10X_ntph_F"
"Female_NTPH_ATCACGAGTAGACACG-1",3.09106482952722,"PMN(3)","10X_ntph_F"
"Female_NTPH_ATCCATTTCTGCCTCA-1",3.55534765949324,"PMN(2)","10X_ntph_F"
"Female_NTPH_GAGAGGTAGGGACCAT-1",3.46575484405304,"PMN(6)","10X_ntph_F"
"Female_NTPH_ATTTCACAGTCGGCCT-1",2.70805044914871,"PMN(2)","10X_ntph_F"
"Female_NTPH_TGACTCCCAAAGGATT-1",2.48491218404203,"PMN(5)","10X_ntph_F"
"Female_NTPH_GGGAGATCATAATGCC-1",3.33219876666575,"PMN(5)","10X_ntph_F"
"Female_NTPH_TCAATCTTCAAGAATG-1",1.79175018585799,"PMN(3)","10X_ntph_F"
"Female_NTPH_AGGTTACCATTCGATG-1",2.39787526854396,"PMN(1)","10X_ntph_F"
"Female_NTPH_TATTTCGCAAGAGGTC-1",2.30257887230708,"PMN(3)","10X_ntph_F"
"Female_NTPH_TGGGTTAAGGTACAAT-1",2.99573954500966,"PMN(1)","10X_ntph_F"
"Female_NTPH_GTTACCCGTCCAGGTC-1",2.99572125172096,"PMN(2)","10X_ntph_F"
"Female_NTPH_ACGGGTCTCATTCACT-1",0.693135585932237,"PMN(2)","10X_ntph_F"
"Female_NTPH_CCCTCTCAGGTTCAGG-1",1.79175508017166,"PMN(6)","10X_ntph_F"
"Female_NTPH_TCATGCCCATATGGCT-1",3.04452402906549,"PMN(0)","10X_ntph_F"
"Female_NTPH_GACATCATCGCTACAA-1",3.17804888434109,"PMN(6)","10X_ntph_F"
"Female_NTPH_CGCGTGACATGACGAG-1",3.33221663385366,"PMN(0)","10X_ntph_F"
"Female_NTPH_TGGGATTAGCACACAG-1",1.38629728744415,"PMN(0)","10X_ntph_F"
"Female_NTPH_CTACTATGTGAGTAGC-1",2.48490628936339,"PMN(5)","10X_ntph_F"
"Female_NTPH_CATTCTACAATACCCA-1",3.36728480382545,"PMN(0)","10X_ntph_F"
"Female_NTPH_TCGGGTGCAATAGGAT-1",3.3672864735836,"PMN(6)","10X_ntph_F"
"Female_NTPH_ACGATCAAGGGTTAAT-1",0.693151788933213,"PMN(4)","10X_ntph_F"
"Female_NTPH_CTGCCTAGTGTTTCTT-1",3.49650423783185,"PMN(2)","10X_ntph_F"
"Female_NTPH_AGTGCCGGTTAGTCGT-1",2.19723563896891,"PMN(3)","10X_ntph_F"
"Female_NTPH_AACCAACGTACACGTT-1",2.83319700712017,"PMN(1)","10X_ntph_F"
"Female_NTPH_GCATCGGAGCCTAACT-1",1.79176282115606,"PMN(3)","10X_ntph_F"
"Female_NTPH_GGAGAACGTGGCTAGA-1",-5.24657444990143e-06,"PMN(0)","10X_ntph_F"
"Female_NTPH_TGTAGACCAATTCACG-1",0.693161814270698,"PMN(4)","10X_ntph_F"
"Female_NTPH_TACTTACAGCTTAAGA-1",1.09861656044853,"PMN(5)","10X_ntph_F"
"Female_NTPH_GATCCCTGTTTGCAGT-1",1.09860203736991,"PMN(2)","10X_ntph_F"
"Female_NTPH_CATTCTATCGGTCGAC-1",2.19721149675301,"PMN(5)","10X_ntph_F"
"Female_NTPH_GCTACCTGTAGAGCTG-1",1.60944020845297,"PMN(1)","10X_ntph_F"
"Female_NTPH_GACCCTTGTGGCTAGA-1",0.693144110347167,"PMN(4)","10X_ntph_F"
"Female_NTPH_TCGGATATCCCATACC-1",2.56494851913054,"PMN(0)","10X_ntph_F"
"Female_NTPH_CTCGAGGAGGGCCTCT-1",2.89037010057776,"PMN(6)","10X_ntph_F"
"Female_NTPH_TTTACGTGTCAATGGG-1",2.30259164311963,"PMN(1)","10X_ntph_F"
"Female_NTPH_TTGTGTTGTCAAAGTA-1",1.09860154032083,"PMN(4)","10X_ntph_F"
"Female_NTPH_ACGTAACCAGTCGCTG-1",3.17808853944398,"PMN(0)","10X_ntph_F"
"Female_NTPH_AGGAAATAGGAGTCTG-1",2.39789821360729,"PMN(2)","10X_ntph_F"
"Female_NTPH_TGCGGGTGTCAAGCGA-1",3.25809117428302,"PMN(3)","10X_ntph_F"
"Female_NTPH_CAGGCCACAGCCTTCT-1",3.8501461539751,"PMN(0)","10X_ntph_F"
"Female_NTPH_CCTACGTGTTAACCTG-1",2.70805562240749,"PMN(5)","10X_ntph_F"
"Female_NTPH_CGCCATTGTATCGAAA-1",3.80666883152225,"PMN(3)","10X_ntph_F"
"Female_NTPH_ATACCTTTCTCAACCC-1",-1.77485606890494e-05,"PMN(6)","10X_ntph_F"
"Female_NTPH_CTACTATAGGTTGGTG-1",1.94588948769647,"PMN(1)","10X_ntph_F"
"Female_NTPH_TGCCGAGGTCACCACG-1",3.58351803938702,"PMN(0)","10X_ntph_F"
"Female_NTPH_CGGTCAGTCATGTCTT-1",3.13550258395093,"PMN(2)","10X_ntph_F"
"Female_NTPH_TGCTGAAAGATGGCAC-1",2.94444064157477,"PMN(5)","10X_ntph_F"
"Female_NTPH_ACTTTGTGTAGAGCTG-1",1.94592040431105,"PMN(1)","10X_ntph_F"
"Female_NTPH_CGTTCTGGTCACAGTT-1",3.21887985675278,"PMN(6)","10X_ntph_F"
"Female_NTPH_ACGTTCCCAATCGCGC-1",1.79176358514925,"PMN(1)","10X_ntph_F"
"Female_NTPH_ACACTGAAGCACCAGA-1",3.25811333988976,"PMN(1)","10X_ntph_F"
"Female_NTPH_CGAGTGCCAGTTAAAG-1",-1.06210757323509e-05,"PMN(0)","10X_ntph_F"
"Female_NTPH_TTACGCCCACACCTGG-1",2.63904941725876,"PMN(1)","10X_ntph_F"
"Female_NTPH_TTCGGTCGTAGCGCCT-1",2.30258897811679,"PMN(5)","10X_ntph_F"
"Female_NTPH_CCGTAGGAGCGCATCC-1",2.56495189744653,"PMN(2)","10X_ntph_F"
"Female_NTPH_ATGGATCGTATGACAA-1",3.2958149943214,"PMN(0)","10X_ntph_F"
"Female_NTPH_ACGTAGTAGCTAAACA-1",0.693152558564278,"PMN(4)","10X_ntph_F"
"Female_NTPH_TAGAGTCGTAGACTGG-1",1.60942501356998,"PMN(4)","10X_ntph_F"
"Female_NTPH_ATGAGTCGTGTTAAAG-1",3.43397494904544,"PMN(2)","10X_ntph_F"
"Female_NTPH_ATACCGAAGAAGCGGG-1",0.693164451695473,"PMN(0)","10X_ntph_F"
"Female_NTPH_TTCTAGTAGCGGATCA-1",1.38630596469792,"PMN(1)","10X_ntph_F"
"Female_NTPH_GTCATTTAGAAGGTAG-1",3.13548673431331,"PMN(0)","10X_ntph_F"
"Female_NTPH_GTCGCGATCTCCAAGA-1",2.94445564588969,"PMN(6)","10X_ntph_F"
"Female_NTPH_ACTATTCTCCAAGCCG-1",2.39788997582412,"PMN(1)","10X_ntph_F"
"Female_NTPH_AATGGCTCAAAGCTCT-1",3.04453272420693,"PMN(3)","10X_ntph_F"
"Female_NTPH_TTCCGGTGTTTAAGGA-1",1.09862605584802,"PMN(4)","10X_ntph_F"
"Female_NTPH_AACGTCATCGCCAACG-1",2.77260203226936,"PMN(2)","10X_ntph_F"
"Female_NTPH_TCCGAAATCTCCTGCA-1",1.94592269561481,"PMN(0)","10X_ntph_F"
"Female_NTPH_TTGTGGAGTGCTTCAA-1",3.09103958001278,"PMN(0)","10X_ntph_F"
"Female_NTPH_TCGACCTCAACCGTGC-1",1.09860682131293,"PMN(3)","10X_ntph_F"
"Female_NTPH_GCCGATGCAGACAATA-1",0.693159719834656,"PMN(1)","10X_ntph_F"
"Female_NTPH_TTTATGCCACATTCGA-1",3.40119666443297,"PMN(6)","10X_ntph_F"
"Female_NTPH_TTAGGGTTCTGGGTCG-1",2.708043376736,"PMN(0)","10X_ntph_F"
"Female_NTPH_CCTAAGAGTAGTCGGA-1",3.04451218775884,"PMN(0)","10X_ntph_F"
"Female_NTPH_CCCTTAGCAGAAATTG-1",2.89038477367431,"PMN(2)","10X_ntph_F"
"Female_NTPH_TATTGCTAGTAGGCCA-1",2.3025926736023,"PMN(1)","10X_ntph_F"
"Female_NTPH_TTGTGTTGTCCGAAAG-1",1.79177426537141,"PMN(1)","10X_ntph_F"
"Female_NTPH_CAAGACTGTGCGACAA-1",3.49650136584242,"PMN(2)","10X_ntph_F"
"Female_NTPH_TTGATGGTCCTAGCGG-1",0.693149777432218,"PMN(7)","10X_ntph_F"
"Female_NTPH_GTCAAACCAGCAGGAT-1",3.68886858890469,"PMN(0)","10X_ntph_F"
"Female_NTPH_TGAGCATTCGGCCTTT-1",0.693148042795577,"PMN(1)","10X_ntph_F"
"Female_NTPH_AGATCCAAGAAAGCGA-1",2.07943307965535,"PMN(5)","10X_ntph_F"
"Female_NTPH_CGTTCTGCAAAGCAAT-1",3.88905864370388e-06,"PMN(0)","10X_ntph_F"
"Female_NTPH_AATTCCTGTGGTTTGT-1",3.17805345398979,"PMN(6)","10X_ntph_F"
"Female_NTPH_ATTCCCGGTTCGTTCC-1",3.17806828636443,"PMN(1)","10X_ntph_F"
"Female_NTPH_ACGTACAAGAATTTGG-1",3.52636369686098,"PMN(2)","10X_ntph_F"
"Female_NTPH_CTGTGAACAGCAGTCC-1",2.7080461612973,"PMN(3)","10X_ntph_F"
"Female_NTPH_ATTACTCTCGCAGTTA-1",-1.74023733047524e-05,"PMN(4)","10X_ntph_F"
"Female_NTPH_AGCGCCATCGCTTACC-1",3.6375816315136,"PMN(0)","10X_ntph_F"
"Female_NTPH_GCCAGCACATAACAGA-1",3.46573004192466,"PMN(6)","10X_ntph_F"
"Female_NTPH_TTTCATGGTTCGGCTG-1",3.36730730917692,"PMN(2)","10X_ntph_F"
"Female_NTPH_ACATTTCTCCTTACCG-1",2.07944611531243,"PMN(1)","10X_ntph_F"
"Female_NTPH_ACGCACGGTTATTCCT-1",3.17804795228433,"PMN(6)","10X_ntph_F"
"Female_NTPH_TATTCCACAGTGGGTA-1",2.27914940694947e-06,"PMN(3)","10X_ntph_F"
"Female_NTPH_AGAAGTAGTTGCTTGA-1",1.79176081070547,"PMN(1)","10X_ntph_F"
"Female_NTPH_AGAAGCGGTACAAACA-1",2.07944483495756,"PMN(5)","10X_ntph_F"
"Female_NTPH_ACGCACGCAGGGTCTC-1",-2.97512213642794e-06,"PMN(0)","10X_ntph_F"
"Female_NTPH_CTGGTCTAGACCATAA-1",3.25810838790121,"PMN(0)","10X_ntph_F"
"Female_NTPH_ATAGACCAGAACTGAT-1",1.94592324440918,"PMN(1)","10X_ntph_F"
"Female_NTPH_TGACGCGCAGAAGCTG-1",3.58350723390346,"PMN(2)","10X_ntph_F"
"Female_NTPH_ACTATTCGTCAGGCAA-1",2.19723453852488,"PMN(1)","10X_ntph_F"
"Female_NTPH_TCCTCTTGTGACCTGC-1",2.07943407170967,"PMN(1)","10X_ntph_F"
"Female_NTPH_AGGATAACAGCAGACA-1",2.99573449223056,"PMN(6)","10X_ntph_F"
"Female_NTPH_AAAGGGCGTCACTCGG-1",2.70806021055452,"PMN(5)","10X_ntph_F"
"Female_NTPH_CACTGAAGTCGAGCAA-1",2.48491159122059,"PMN(2)","10X_ntph_F"
"Female_NTPH_GTGGAAGTCAGGTAAA-1",3.21887574042403,"PMN(6)","10X_ntph_F"
"Female_NTPH_TGCGGGTTCCATCACC-1",3.04452339909328,"PMN(5)","10X_ntph_F"
"Female_NTPH_ACACAGTCAAACTCGT-1",1.60946041948649,"PMN(1)","10X_ntph_F"
"Female_NTPH_CATTGCCCAATTGCAC-1",3.40121174800907,"PMN(2)","10X_ntph_F"
"Female_NTPH_TCAGTCCTCGTGTCAA-1",1.04077495384871e-07,"PMN(0)","10X_ntph_F"
"Female_NTPH_CCCAACTCAGATCCTA-1",2.48490344186908,"PMN(3)","10X_ntph_F"
"Female_NTPH_ACTATGGGTGCCCAGT-1",1.94592856580399,"PMN(0)","10X_ntph_F"
"Female_NTPH_AGGTTACCAGGCTACC-1",2.48490754903525,"PMN(2)","10X_ntph_F"
"Female_NTPH_AAGGAATGTAGAATAC-1",3.43399123241333,"PMN(0)","10X_ntph_F"
"Female_NTPH_CGGCAGTGTCCAGCAC-1",1.60945100637115,"PMN(1)","10X_ntph_F"
"Female_NTPH_GACTCTCCACTTGAGT-1",3.63758002718416,"PMN(2)","10X_ntph_F"
"Female_NTPH_AGTAACCCATCCAACA-1",1.09860793386726,"PMN(1)","10X_ntph_F"
"Female_NTPH_CCATAAGCAGGAATCG-1",-3.82106084270801e-06,"PMN(4)","10X_ntph_F"
"Female_NTPH_TCTTCCTCACGCTGAC-1",2.83321505733798,"PMN(6)","10X_ntph_F"
"Female_NTPH_CAGATACCACCTGTCT-1",2.19720041171159,"PMN(1)","10X_ntph_F"
"Female_NTPH_CTCCTTTTCACCTTGC-1",3.58351475674174,"PMN(2)","10X_ntph_F"
"Female_NTPH_GATTCTTCACGCGTCA-1",7.07195564900496e-06,"PMN(7)","10X_ntph_F"
"Female_NTPH_AACACACAGCACCGTC-1",3.68888257218929,"PMN(0)","10X_ntph_F"
"Female_NTPH_TTGCATTGTCTAGGCC-1",0.693150686961513,"PMN(1)","10X_ntph_F"
"Female_NTPH_CTACTATCACCTAAAC-1",3.2958209973502,"PMN(0)","10X_ntph_F"
"Female_NTPH_CTCCAACGTAATCAAG-1",3.43398936970169,"PMN(6)","10X_ntph_F"
"Female_NTPH_CCGGTGAGTCTCCCTA-1",3.09104130585989,"PMN(2)","10X_ntph_F"
"Female_NTPH_TTCCTTCTCGGTGTTA-1",0.693147383941178,"PMN(4)","10X_ntph_F"
"Female_NTPH_GAAGGACTCGCTCCTA-1",8.92790261937784e-06,"PMN(0)","10X_ntph_F"
"Female_NTPH_AGGCTGCCAGAGGGTT-1",1.79177395006953,"PMN(3)","10X_ntph_F"
"Female_NTPH_TTCCTAAAGCTGAGCA-1",2.8332108237475,"PMN(1)","10X_ntph_F"
"Female_NTPH_AGGTTGTCATGATGCT-1",2.56494338274875,"PMN(1)","10X_ntph_F"
"Female_NTPH_TCAATCTTCCACATAG-1",3.25809406061308,"PMN(1)","10X_ntph_F"
"Female_NTPH_TAACTTCGTTGCTTGA-1",2.39790301645777,"PMN(1)","10X_ntph_F"
"Female_NTPH_CAGAGCCTCGCTTAAG-1",1.38629317524783,"PMN(1)","10X_ntph_F"
"Female_NTPH_CGGTCAGTCATTTGTC-1",0.693143004747234,"PMN(4)","10X_ntph_F"
"Female_NTPH_TTCATTGAGATCGACG-1",2.77258819797625,"PMN(0)","10X_ntph_F"
"Female_NTPH_CTCAGGGCAACACACT-1",1.38630790062192,"PMN(1)","10X_ntph_F"
"Female_NTPH_TTCGGTCCACAGTGAG-1",3.43397799797087,"PMN(0)","10X_ntph_F"
"Female_NTPH_AGCTTCCTCCGAGTGC-1",3.09103934564458,"PMN(1)","10X_ntph_F"
"Female_NTPH_GGCACGTCAGGGAGAG-1",1.09860173063843,"PMN(4)","10X_ntph_F"
"Female_NTPH_AGGCCACGTAGCTTGT-1",3.13551660337171,"PMN(0)","10X_ntph_F"
"Female_NTPH_GTCTACCGTTTACGTG-1",3.43398247386375,"PMN(0)","10X_ntph_F"
"Female_NTPH_GCTGGGTGTAGTGCGA-1",3.21888488540906,"PMN(3)","10X_ntph_F"
"Female_NTPH_GTAGAAATCGTGCGAC-1",3.2580969171908,"PMN(2)","10X_ntph_F"
"Female_NTPH_GGTGTTAAGGTCCTGC-1",-1.75362283023761e-06,"PMN(1)","10X_ntph_F"
"Female_NTPH_GAAGCGACAGTATACC-1",3.4011937655719,"PMN(3)","10X_ntph_F"
"Female_NTPH_AAGCGTTCAGGTGTGA-1",3.58351090224069,"PMN(2)","10X_ntph_F"
"Female_NTPH_TTAGGCAGTGATAGTA-1",2.07945495744335,"PMN(0)","10X_ntph_F"
"Female_NTPH_GTGTGGCGTGGCTCTG-1",2.6390635889218,"PMN(2)","10X_ntph_F"
"Female_NTPH_TTCTCTCGTACTTGTG-1",1.38629467242697,"PMN(3)","10X_ntph_F"
"Female_NTPH_CAGTTAGTCTGGACTA-1",-1.09491334946943e-05,"PMN(0)","10X_ntph_F"
"Female_NTPH_CTCAGAAAGTTAACAG-1",2.48490178564734,"PMN(1)","10X_ntph_F"
"Female_NTPH_AACCATGCAGCGTATT-1",0.693156711496778,"PMN(4)","10X_ntph_F"
"Female_NTPH_TTTAGTCGTTGCCGCA-1",2.48489670465452,"PMN(3)","10X_ntph_F"
"Female_NTPH_ATGCGATGTCGAGCAA-1",2.77258300353656,"PMN(3)","10X_ntph_F"
"Female_NTPH_TTTGGAGTCGTAGCCG-1",7.83173181570288e-06,"PMN(0)","10X_ntph_F"
"Female_NTPH_ATTATCCTCCACACAA-1",3.33220832383941,"PMN(6)","10X_ntph_F"
"Female_NTPH_ATCTCTAGTCGTTGCG-1",2.63905132903352,"PMN(0)","10X_ntph_F"
"Female_NTPH_TAACGACGTATCCTTT-1",1.38631088727109,"PMN(2)","10X_ntph_F"
"Female_NTPH_TGTTCCGAGATGAATC-1",3.4011854739928,"PMN(0)","10X_ntph_F"
"Female_NTPH_TCCTAATGTTTCCAAG-1",3.33221866694972,"PMN(3)","10X_ntph_F"
"Female_NTPH_TAAGCGTGTATGGAAT-1",0.693155322288117,"PMN(4)","10X_ntph_F"
"Female_NTPH_GCGGATCGTACCCGAC-1",3.46571492708924,"PMN(0)","10X_ntph_F"
"Female_NTPH_TCGAAGTGTGTTTGCA-1",1.60944111408493,"PMN(2)","10X_ntph_F"
"Female_NTPH_CAACGATGTAGTGCGA-1",3.25810454827269,"PMN(2)","10X_ntph_F"
"Female_NTPH_TTCCAATGTGGTCAAG-1",2.99572435674745,"PMN(2)","10X_ntph_F"
"Female_NTPH_CATAGACTCCGCGGAT-1",1.79175936256542,"PMN(1)","10X_ntph_F"
"Female_NTPH_AAGTCGTTCGTTTACT-1",3.04450620254402,"PMN(2)","10X_ntph_F"
"Female_NTPH_ATACCGAAGGGCCAAT-1",3.33219543450469,"PMN(0)","10X_ntph_F"
"Female_NTPH_CAGCACGAGGCTTAGG-1",0.69314854822717,"PMN(4)","10X_ntph_F"
"Female_NTPH_CTTCGGTGTTCGTTCC-1",0.693149892439511,"PMN(4)","10X_ntph_F"
"Female_NTPH_ACGGGTCCAAAGGTTA-1",3.52635978800401,"PMN(0)","10X_ntph_F"
"Female_NTPH_GAGGCCTTCTATCACT-1",3.17804608604466,"PMN(0)","10X_ntph_F"
"Female_NTPH_GTTGTGAAGGCTCAAG-1",3.36730176814783,"PMN(2)","10X_ntph_F"
"Female_NTPH_AGCTACAGTTTCCAAG-1",3.40121065670775,"PMN(2)","10X_ntph_F"
"Female_NTPH_ACTATTCAGGACATCG-1",3.29583085764601,"PMN(2)","10X_ntph_F"
"Female_NTPH_CTCAATTTCTACCAGA-1",2.48490721485658,"PMN(3)","10X_ntph_F"
"Female_NTPH_ATCTCTACATCAGCAT-1",2.83320803329332,"PMN(3)","10X_ntph_F"
"Female_NTPH_AGGTGTTAGAAGAACG-1",3.13549340694131,"PMN(0)","10X_ntph_F"
"Female_NTPH_ATACTTCAGGTAATCA-1",2.89037336545203,"PMN(1)","10X_ntph_F"
"Female_NTPH_AAGCCATAGTACTGGG-1",2.83321232265057,"PMN(2)","10X_ntph_F"
"Female_NTPH_CGATGGCAGGTCCAGA-1",3.36729228248678,"PMN(2)","10X_ntph_F"
"Female_NTPH_AAGTGAAGTGACACGA-1",3.43398249221168,"PMN(6)","10X_ntph_F"
"Female_NTPH_TAGTGCATCATGACAC-1",1.09861262910988,"PMN(5)","10X_ntph_F"
"Female_NTPH_AACCTTTTCGATGCAT-1",3.09104044614624,"PMN(2)","10X_ntph_F"
"Female_NTPH_GTTGTCCGTTCCGCTT-1",2.19721913284993,"PMN(1)","10X_ntph_F"
"Female_NTPH_CGTTGGGGTGCTGCAC-1",2.39789904642107,"PMN(3)","10X_ntph_F"
"Female_NTPH_CATGAGTGTTGGTACT-1",1.09861632594972,"PMN(2)","10X_ntph_F"
"Female_NTPH_TTGACCCGTATTTCGG-1",3.66356334849902,"PMN(0)","10X_ntph_F"
"Female_NTPH_ATCTTCACAGTTTCGA-1",2.99572126275478,"PMN(2)","10X_ntph_F"
"Female_NTPH_TTGTTCAGTGCTGTCG-1",1.0986163133651,"PMN(1)","10X_ntph_F"
"Female_NTPH_TATTCCACAGCACAAG-1",1.38629861928166,"PMN(3)","10X_ntph_F"
"Female_NTPH_TATCTTGCACCTAAAC-1",3.36729299869929,"PMN(2)","10X_ntph_F"
"Female_NTPH_GGGATGAGTGAGCGAT-1",3.09104798967904,"PMN(2)","10X_ntph_F"
"Female_NTPH_GTAGAGGAGAGTGTGC-1",2.48491929335033,"PMN(1)","10X_ntph_F"
"Female_NTPH_CCTCTCCGTCAGGAGT-1",2.70805347912684,"PMN(0)","10X_ntph_F"
"Female_NTPH_ACGTAACTCCATCCGT-1",7.65106373309396e-06,"PMN(4)","10X_ntph_F"
"Female_NTPH_GGGTATTCAGTATGAA-1",3.63759898546097,"PMN(0)","10X_ntph_F"
"Female_NTPH_AACTTCTGTACGCTAT-1",3.68889604298327,"PMN(0)","10X_ntph_F"
"Female_NTPH_GTCTACCGTAACAAGT-1",2.63905252231713,"PMN(3)","10X_ntph_F"
"Female_NTPH_TCAGCAATCGAATGCT-1",2.48490257144285,"PMN(1)","10X_ntph_F"
"Female_NTPH_CCTTGTGTCATAAGGA-1",3.29583357681641,"PMN(6)","10X_ntph_F"
"Female_NTPH_ACTGATGTCATCACCC-1",1.09862329943399,"PMN(4)","10X_ntph_F"
"Female_NTPH_GTTTACTAGACTTCCA-1",2.70805601828182,"PMN(0)","10X_ntph_F"
"Female_NTPH_GAATAGATCTCCCATG-1",2.70805977889424,"PMN(3)","10X_ntph_F"
"Female_NTPH_GGCACGTAGTCACTGT-1",3.17805684456599,"PMN(2)","10X_ntph_F"
"Female_NTPH_CAGCCAGCACCGTACG-1",2.9444360945558,"PMN(3)","10X_ntph_F"
"Female_NTPH_TACGGTAAGTAAGCAT-1",3.3672812684706,"PMN(2)","10X_ntph_F"
"Female_NTPH_AGTAGTCCACTCAGAT-1",3.43397015796974,"PMN(0)","10X_ntph_F"
"Female_NTPH_CCACGAGAGGATACGC-1",2.01122119129554e-05,"PMN(4)","10X_ntph_F"
"Female_NTPH_TGTACAGTCCATTCGC-1",1.79175950884138,"PMN(3)","10X_ntph_F"
"Female_NTPH_TGCGGGTAGGTAGTCG-1",1.79176505144712,"PMN(3)","10X_ntph_F"
"Female_NTPH_AAGACTCGTCTCGCGA-1",3.73767656322022,"PMN(6)","10X_ntph_F"
"Female_NTPH_CGGGTGTGTACGAAAT-1",1.60945237564647,"PMN(1)","10X_ntph_F"
"Female_NTPH_ATAGACCCACCTCAGG-1",3.33221084486264,"PMN(2)","10X_ntph_F"
"Female_NTPH_TTCTTCCTCGGTAGAG-1",3.2958371297077,"PMN(6)","10X_ntph_F"
"Female_NTPH_GTTACCCGTATCTCGA-1",3.21888325362336,"PMN(0)","10X_ntph_F"
"Female_NTPH_TGCCGAGCAAGGTCAG-1",3.61092138567815,"PMN(0)","10X_ntph_F"
"Female_NTPH_TTTCGATAGAAGTCCG-1",3.33219822362594,"PMN(5)","10X_ntph_F"
"Female_NTPH_GAGTGAGGTTAGGGTG-1",2.30259467791331,"PMN(1)","10X_ntph_F"
"Female_NTPH_CCGATGGGTCATGCAT-1",2.89037340230967,"PMN(3)","10X_ntph_F"
"Female_NTPH_TTTATGCGTACAGTCT-1",3.78418928685925,"PMN(0)","10X_ntph_F"
"Female_NTPH_GTCGTTCGTACTGCGC-1",3.401188174224,"PMN(2)","10X_ntph_F"
"Female_NTPH_AGTGATCCAAGTTGGG-1",2.39790675334987,"PMN(1)","10X_ntph_F"
"Female_NTPH_CGTAGTAAGGGTGAAA-1",3.17804993154685,"PMN(2)","10X_ntph_F"
"Female_NTPH_CAACCTCCAAACGAGC-1",3.04452144509079,"PMN(1)","10X_ntph_F"
"Female_NTPH_CTACGGGCAGTACTAC-1",2.39789499313775,"PMN(1)","10X_ntph_F"
"Female_NTPH_CCGTAGGAGGCGTTAG-1",2.48490607989915,"PMN(2)","10X_ntph_F"
"Female_NTPH_CAACCAACAATCCTAG-1",5.55659016748442e-06,"PMN(0)","10X_ntph_F"
"Female_NTPH_AAGGAATGTTGTTTGG-1",2.63906634885365,"PMN(1)","10X_ntph_F"
"Female_NTPH_CCTGTTGTCTAGTGTG-1",2.89037712412705,"PMN(1)","10X_ntph_F"
"Female_NTPH_TCGCACTAGTGGATAT-1",1.09859757680673,"PMN(5)","10X_ntph_F"
"Female_NTPH_ATTATCCCATGTGACT-1",2.56492526386745,"PMN(2)","10X_ntph_F"
"Female_NTPH_ATTGGGTGTGACAGGT-1",3.21887217469442,"PMN(2)","10X_ntph_F"
"Female_NTPH_TGGTTAGCAGCTATTG-1",0.693145367875099,"PMN(5)","10X_ntph_F"
"Female_NTPH_CCTACGTCAAGCCCAC-1",3.43398571385572,"PMN(5)","10X_ntph_F"
"Female_NTPH_TTGTTGTGTAATGATG-1",2.9444250520195,"PMN(6)","10X_ntph_F"
"Female_NTPH_TATTGGGTCTAAGCCA-1",2.19721778374378,"PMN(1)","10X_ntph_F"
"Female_NTPH_CATGGTAGTTCTGAGT-1",2.19720638615653,"PMN(1)","10X_ntph_F"
"Female_NTPH_AGCTTCCAGGGTATAT-1",2.99575866337618,"PMN(5)","10X_ntph_F"
"Female_NTPH_CCGGGTAGTTGCCGAC-1",3.68888492019672,"PMN(5)","10X_ntph_F"
"Female_NTPH_ACAGAAAAGGCATCTT-1",2.56494929592215,"PMN(2)","10X_ntph_F"
"Female_NTPH_CCGCAAGGTGCGACAA-1",2.48488774839332,"PMN(3)","10X_ntph_F"
"Female_NTPH_TACGGTAGTATCCTTT-1",2.8332106762225,"PMN(2)","10X_ntph_F"
"Female_NTPH_TCATTTGTCTCTAAGG-1",2.39790347710847,"PMN(1)","10X_ntph_F"
"Female_NTPH_ATAGACCGTAAGCAAT-1",2.39790305473377,"PMN(5)","10X_ntph_F"
"Female_NTPH_CTCTCGAAGTACCCTA-1",3.25810107894172,"PMN(0)","10X_ntph_F"
"Female_NTPH_CGAGGCTAGACCTGGA-1",1.94592424957704,"PMN(1)","10X_ntph_F"
"Female_NTPH_TCAGCAATCTTCTAAC-1",3.33218639953415,"PMN(2)","10X_ntph_F"
"Female_NTPH_TCACACCAGGCCACCT-1",3.66355062161224,"PMN(0)","10X_ntph_F"
"Female_NTPH_CACGTTCCAGATTTCG-1",1.38629416944118,"PMN(1)","10X_ntph_F"
"Female_NTPH_GACTATGAGTAGTCTC-1",3.13549570896635,"PMN(0)","10X_ntph_F"
"Female_NTPH_TGGAGAGTCGCGCTGA-1",3.43398188016644,"PMN(0)","10X_ntph_F"
"Female_NTPH_GGGTCACGTACCGTGC-1",3.58353091691737,"PMN(0)","10X_ntph_F"
"Female_NTPH_TGATTCTAGCTAATCC-1",1.60941748647641,"PMN(4)","10X_ntph_F"
"Female_NTPH_CCGTGAGCATCTAACG-1",2.19721443422757,"PMN(1)","10X_ntph_F"
"Female_NTPH_TTGAACGAGTGCACCC-1",2.19724061651843,"PMN(1)","10X_ntph_F"
"Female_NTPH_CCCGAAGGTTCCACGG-1",0.693156104060287,"PMN(4)","10X_ntph_F"
"Female_NTPH_ATGTCCCGTTGGGCCT-1",2.39788009574275,"PMN(2)","10X_ntph_F"
"Female_NTPH_ACATTTCTCAAGATAG-1",1.94591838433807,"PMN(0)","10X_ntph_F"
"Female_NTPH_ACTTATCAGACCATAA-1",3.6109215682667,"PMN(6)","10X_ntph_F"
"Female_NTPH_CTGCAGGTCTCCGAGG-1",2.19721126811954,"PMN(3)","10X_ntph_F"
"Female_NTPH_TGAGCGCTCCTTATCA-1",3.33220810593675,"PMN(1)","10X_ntph_F"
"Female_NTPH_ACGTCCTAGGCTAAAT-1",1.94591907900141,"PMN(1)","10X_ntph_F"
"Female_NTPH_TGTAGACAGATACGAT-1",1.7917495182381,"PMN(1)","10X_ntph_F"
"Female_NTPH_GCTTGGGAGGCACTAG-1",3.04452763444265,"PMN(2)","10X_ntph_F"
"Female_NTPH_ACGTAGTAGGAATTAC-1",-1.23573344828329e-05,"PMN(0)","10X_ntph_F"
"Female_NTPH_ACCAAACGTAATGATG-1",1.94591544632406,"PMN(1)","10X_ntph_F"
"Female_NTPH_CCTCCTCTCACCCTCA-1",2.89036192747895,"PMN(1)","10X_ntph_F"
"Female_NTPH_CCAAGCGTCTCGCTTG-1",1.60943415497926,"PMN(1)","10X_ntph_F"
"Female_NTPH_GTAATCGCAGACCTGC-1",3.29582644865048,"PMN(3)","10X_ntph_F"
"Female_NTPH_TAAGCACTCGCAGTGC-1",1.38630133779346,"PMN(4)","10X_ntph_F"
"Female_NTPH_CTCCATGCATAGAGGC-1",0.693145736071911,"PMN(1)","10X_ntph_F"
"Female_NTPH_GTGCGTGCACGCACCA-1",3.63759114516036,"PMN(2)","10X_ntph_F"
"Female_NTPH_TCAGTTTGTCTGTGTA-1",1.79176564259515,"PMN(0)","10X_ntph_F"
"Female_NTPH_GATGGAGCAATAACGA-1",-4.54114147551432e-08,"PMN(1)","10X_ntph_F"
"Female_NTPH_TAGGAGGCACAAGGTG-1",2.83321243149262,"PMN(2)","10X_ntph_F"
"Female_NTPH_AAGTCGTGTCTGTCCT-1",2.99573627314774,"PMN(0)","10X_ntph_F"
"Female_NTPH_TACTTCACAGGTAGTG-1",1.60944380145067,"PMN(1)","10X_ntph_F"
"Female_NTPH_GCACATAAGGGAGGCA-1",3.78418946513787,"PMN(2)","10X_ntph_F"
"Female_NTPH_CCGCAAGTCCTTCTGG-1",1.94591433609713,"PMN(5)","10X_ntph_F"
"Female_NTPH_GATGAGGGTCGACGCT-1",3.49651556874613,"PMN(0)","10X_ntph_F"
"Female_NTPH_AACGTCACAAGTGTCT-1",1.38630116005093,"PMN(1)","10X_ntph_F"
"Female_NTPH_ATTCCTAAGGGTGAAA-1",2.99574537019322,"PMN(2)","10X_ntph_F"
"Female_NTPH_TCATTTGGTTGGAGGT-1",3.29581795385954,"PMN(6)","10X_ntph_F"
"Female_NTPH_GTCCACTTCGGACTGC-1",2.30258854206739,"PMN(3)","10X_ntph_F"
"Female_NTPH_TTCCGGTGTCTGTGCG-1",2.83321489168278,"PMN(2)","10X_ntph_F"
"Female_NTPH_AACCCAAAGCCTCCAG-1",3.17804616593063,"PMN(0)","10X_ntph_F"
"Female_NTPH_ATGTCTTGTAAGCTCT-1",2.30257756384361,"PMN(0)","10X_ntph_F"
"Female_NTPH_TGCTTGCAGCGGTAGT-1",2.63906257232202,"PMN(5)","10X_ntph_F"
"Female_NTPH_AGTTCCCGTACGGATG-1",3.09103889910534,"PMN(0)","10X_ntph_F"
"Female_NTPH_TCGATTTGTCGAGCTC-1",3.13549161326418,"PMN(6)","10X_ntph_F"
"Female_NTPH_GTGCTTCGTCAGGTAG-1",3.25810161010258,"PMN(0)","10X_ntph_F"
"Female_NTPH_CGTCAAATCTCTAGGA-1",1.09862372072022,"PMN(1)","10X_ntph_F"
"Female_NTPH_GTAGTACCAGTTTCGA-1",3.40121804983734,"PMN(0)","10X_ntph_F"
"Female_NTPH_CATTTCATCTTAGCAG-1",7.69866343085377e-06,"PMN(4)","10X_ntph_F"
"Female_NTPH_GGAGGTAAGTTGTACC-1",2.19724459731567,"PMN(1)","10X_ntph_F"
"Female_NTPH_AACCAACAGAAGGGAT-1",1.60945062864319,"PMN(3)","10X_ntph_F"
"Female_NTPH_TCAGTGACAGTTCACA-1",2.48490998499046,"PMN(0)","10X_ntph_F"
"Female_NTPH_CATGCTCTCGCTGTTC-1",3.66356418685641,"PMN(6)","10X_ntph_F"
"Female_NTPH_ATATCCTGTAGAATGT-1",1.38631367026261,"PMN(3)","10X_ntph_F"
"Female_NTPH_AGGGTCCTCAACTGAC-1",2.70804007180354,"PMN(1)","10X_ntph_F"
"Female_NTPH_TCACAAGGTGTTACAC-1",0.693147825004349,"PMN(1)","10X_ntph_F"
"Female_NTPH_GAGTGAGCACACGCCA-1",3.43398912822406,"PMN(0)","10X_ntph_F"
"Female_NTPH_CAATTTCTCAAGCCAT-1",0.693123780315319,"PMN(4)","10X_ntph_F"
"Female_NTPH_GTCACTCCAAACGAGC-1",4.09434104456309,"PMN(6)","10X_ntph_F"
"Female_NTPH_TCAATCTGTGCAATGG-1",3.0910459192677,"PMN(0)","10X_ntph_F"
"Female_NTPH_TGAGGAGGTAACTGCT-1",3.61088962323364,"PMN(1)","10X_ntph_F"
"Female_NTPH_TTCTTCCAGCTGAGTG-1",2.83321702278325,"PMN(2)","10X_ntph_F"
"Female_NTPH_TCATACTTCTACGCGG-1",1.94590729421465,"PMN(3)","10X_ntph_F"
"Female_NTPH_TCTGCCAAGCGTTGTT-1",2.9957367008866,"PMN(0)","10X_ntph_F"
"Female_NTPH_ATGGAGGGTACAGAAT-1",2.89037893460746,"PMN(2)","10X_ntph_F"
"Female_NTPH_CTTCAATTCACTTTGT-1",1.42389508632609e-05,"PMN(0)","10X_ntph_F"
"Female_NTPH_TGAATGCTCCTTCTTC-1",3.58350208454455,"PMN(0)","10X_ntph_F"
"Female_NTPH_GAGTTTGGTGTTCATG-1",2.30258551028721,"PMN(0)","10X_ntph_F"
"Female_NTPH_GTGGTTAGTGGACAGT-1",2.70804387166391,"PMN(2)","10X_ntph_F"
"Female_NTPH_GGGTTATTCTCACGAA-1",2.70805050209467,"PMN(5)","10X_ntph_F"
"Female_NTPH_ACTGTGATCAATCAGC-1",2.56494806602578,"PMN(1)","10X_ntph_F"
"Female_NTPH_GTGAGCCGTCATCACA-1",3.13548245693629,"PMN(0)","10X_ntph_F"
"Female_NTPH_GTGCTTCCACGGTGTC-1",3.49648949327268,"PMN(2)","10X_ntph_F"
"Female_NTPH_GAGAAATCATGACTGT-1",3.09106365649556,"PMN(0)","10X_ntph_F"
"Female_NTPH_TAGGTACGTCTCGGAC-1",2.5649361134047,"PMN(3)","10X_ntph_F"
"Female_NTPH_CGTTGGGCAGACAAGC-1",3.7612028659095,"PMN(0)","10X_ntph_F"
"Female_NTPH_CGCAGGTCAGCTGTGC-1",-1.1088631832662e-05,"PMN(4)","10X_ntph_F"
"Female_NTPH_TCTCAGCCAACAGCTT-1",3.09105753076337,"PMN(1)","10X_ntph_F"
"Female_NTPH_TCATACTGTACTGTTG-1",3.29581919301653,"PMN(5)","10X_ntph_F"
"Female_NTPH_TCTCACGTCCAAGGGA-1",0.693138294637207,"PMN(4)","10X_ntph_F"
"Female_NTPH_ACAAAGAGTCAGGTGA-1",2.99572008304012,"PMN(1)","10X_ntph_F"
"Female_NTPH_GAATCACAGTGATCGG-1",0.693147683373608,"PMN(4)","10X_ntph_F"
"Female_NTPH_CGATGGCAGTCGCTAT-1",2.70804529297269,"PMN(0)","10X_ntph_F"
"Female_NTPH_CGGAATTCAGCTGTCG-1",3.29586071660391,"PMN(1)","10X_ntph_F"
"Female_NTPH_ATTGGGTAGTGCTCAT-1",3.76120007181229,"PMN(1)","10X_ntph_F"
"Female_NTPH_ACGTCCTGTCGCCTAG-1",2.77260203914334,"PMN(1)","10X_ntph_F"
"Female_NTPH_ACTGCAATCTAACGGT-1",2.89037996598286,"PMN(0)","10X_ntph_F"
"Female_NTPH_CCGCAAGGTTGCTGAT-1",2.19723143412652,"PMN(1)","10X_ntph_F"
"Female_NTPH_TAGCACAGTCGCGTTG-1",1.09861744747759,"PMN(4)","10X_ntph_F"
"Female_NTPH_AAAGGGCAGCGACATG-1",1.38629709913836,"PMN(1)","10X_ntph_F"
"Female_NTPH_GCACATATCGATAACC-1",3.21886869150911,"PMN(0)","10X_ntph_F"
"Female_NTPH_CTCCGATCAGCCGTTG-1",3.1354907854877,"PMN(2)","10X_ntph_F"
"Female_NTPH_ATTCCATAGACTTCAC-1",4.68979532578923e-06,"PMN(4)","10X_ntph_F"
"Female_NTPH_CGCAGGTGTAGTTACC-1",2.99570751522883,"PMN(6)","10X_ntph_F"
"Female_NTPH_GGTGTTAGTCCATAGT-1",2.07942298726695,"PMN(3)","10X_ntph_F"
"Female_NTPH_AGGTCATCAAGCTGTT-1",3.61091370756505,"PMN(1)","10X_ntph_F"
"Female_NTPH_TGAGGTTTCCCTTTGG-1",0.693128520184273,"PMN(1)","10X_ntph_F"
"Female_NTPH_TCGACCTGTGGAGGTT-1",0.693148315606953,"PMN(4)","10X_ntph_F"
"Female_NTPH_CTGCCATCACGCAGTC-1",3.04452713791019,"PMN(0)","10X_ntph_F"
"Female_NTPH_CTTCAATCAGGGCTTC-1",3.43399605042675,"PMN(2)","10X_ntph_F"
"Female_NTPH_TTACCGCGTTTCCCAC-1",3.49651869756641,"PMN(1)","10X_ntph_F"
"Female_NTPH_TGACTCCAGAGCACTG-1",3.3322101786795,"PMN(6)","10X_ntph_F"
"Female_NTPH_TTACTGTGTAGCTTAC-1",3.43399266471357,"PMN(2)","10X_ntph_F"
"Female_NTPH_AGAGCCCTCTGATGGT-1",2.63905972804131,"PMN(1)","10X_ntph_F"
"Female_NTPH_GCGTGCACATGTCTAG-1",2.99573261490743,"PMN(1)","10X_ntph_F"
"Female_NTPH_CAACAACCAGGATTCT-1",3.29582878509214,"PMN(2)","10X_ntph_F"
"Female_NTPH_ACATTTCTCCAGTGTA-1",1.09863456499134,"PMN(4)","10X_ntph_F"
"Female_NTPH_ACTGCAAAGGCTCAAG-1",2.83320541881493,"PMN(2)","10X_ntph_F"
"Female_NTPH_ATCCATTCAGAGAGGG-1",3.46575287560505,"PMN(2)","10X_ntph_F"
"Female_NTPH_TGCAGATAGGTAGTCG-1",3.55535745073749,"PMN(0)","10X_ntph_F"
"Female_NTPH_ATTCTACCACTCGATA-1",2.03529495828804e-05,"PMN(4)","10X_ntph_F"
"Female_NTPH_CGAATTGAGGGCGAGA-1",2.70805751736608,"PMN(2)","10X_ntph_F"
"Female_NTPH_GTGAGGATCAAGCTTG-1",3.21887162639479,"PMN(0)","10X_ntph_F"
"Female_NTPH_TATTGCTAGAAGCCAC-1",3.52635742718109,"PMN(2)","10X_ntph_F"
"Female_NTPH_AATCGACAGTCACTCA-1",-1.36067647446631e-05,"PMN(4)","10X_ntph_F"
"Female_NTPH_GTCACGGGTGTTGAGG-1",3.29584724314743,"PMN(0)","10X_ntph_F"
"Female_NTPH_TTATTGCAGGTGCAGT-1",3.0445228999017,"PMN(2)","10X_ntph_F"
"Female_NTPH_CATTGTTCAATTCTCT-1",3.58351836072256,"PMN(1)","10X_ntph_F"
"Female_NTPH_TCCTCGACAGTAACGG-1",3.13549498331986,"PMN(2)","10X_ntph_F"
"Female_NTPH_GGAAGTGAGCACACCC-1",1.09860595225647,"PMN(4)","10X_ntph_F"
"Female_NTPH_AACCATGGTTCCTACC-1",2.56494512332692,"PMN(0)","10X_ntph_F"
"Female_NTPH_ACGTTCCCAATGAACA-1",2.30259285990412,"PMN(6)","10X_ntph_F"
"Female_NTPH_ACTGCAACACGCTGAC-1",1.79177257830042,"PMN(1)","10X_ntph_F"
"Female_NTPH_TTCGCTGTCCTGTAAG-1",2.77258930525284,"PMN(0)","10X_ntph_F"
"Female_NTPH_AATGGAAAGCCGCACT-1",1.94591260303889,"PMN(3)","10X_ntph_F"
"Female_NTPH_TTCATTGTCTGCTTAT-1",1.9459124723025,"PMN(1)","10X_ntph_F"
"Female_NTPH_TTGACCCGTGTGTACT-1",2.89037364565516,"PMN(2)","10X_ntph_F"
"Female_NTPH_TTCGGTCGTACGTGAG-1",3.43398478632627,"PMN(2)","10X_ntph_F"
"Male_NTPH_TGTGCGGTCTAGATCG-1",3.55535378285258,"PMN(2)","10X_ntph_M"
"Male_NTPH_AATCGTGTCAGTCATG-1",3.36730288790445,"PMN(1)","10X_ntph_M"
"Male_NTPH_ACTTAGGAGCACTAAA-1",2.07944359067588,"PMN(6)","10X_ntph_M"
"Male_NTPH_ACGCACGAGAGAACCC-1",3.52636604564996,"PMN(3)","10X_ntph_M"
"Male_NTPH_CTCCTCCCACGTTGGC-1",2.19721888862312,"PMN(3)","10X_ntph_M"
"Male_NTPH_TCGCTCAAGCTACTAC-1",2.83321527123377,"PMN(3)","10X_ntph_M"
"Male_NTPH_GAATCGTTCTTAGCTT-1",3.46574211627194,"PMN(0)","10X_ntph_M"
"Male_NTPH_CATGGTAGTGTCGCTG-1",3.17805275819183,"PMN(0)","10X_ntph_M"
"Male_NTPH_CACACAATCCAATGCA-1",2.89037051713697,"PMN(6)","10X_ntph_M"
"Male_NTPH_AGGGAGTCAAGTAGTA-1",2.8903671076777,"PMN(0)","10X_ntph_M"
"Male_NTPH_CATACCCAGGAGGTTC-1",5.73407762486937e-06,"PMN(0)","10X_ntph_M"
"Male_NTPH_CCATAAGGTAGTCCTA-1",2.56495190682235,"PMN(2)","10X_ntph_M"
"Male_NTPH_GTGGTTACAGATCACT-1",2.63908405105727,"PMN(0)","10X_ntph_M"
"Male_NTPH_TCTTAGTCAGCTATAC-1",-1.34495017662124e-06,"PMN(0)","10X_ntph_M"
"Male_NTPH_AAGGAATGTGAGGAAA-1",2.07944265742045,"PMN(5)","10X_ntph_M"
"Male_NTPH_GCCTGTTCAGTGTACT-1",2.30257499296717,"PMN(0)","10X_ntph_M"
"Male_NTPH_GCACGTGCATTGGATC-1",2.56495823625955,"PMN(5)","10X_ntph_M"
"Male_NTPH_GGAGATGAGTCCCAGC-1",1.79175639705246,"PMN(5)","10X_ntph_M"
"Male_NTPH_TTACCATTCCGGACTG-1",2.94444031081637,"PMN(5)","10X_ntph_M"
"Male_NTPH_TGGGAAGCAGAATCGG-1",2.83322279731991,"PMN(2)","10X_ntph_M"
"Male_NTPH_CATTGAGGTGTCACAT-1",0.693162437427244,"PMN(1)","10X_ntph_M"
"Male_NTPH_TACCCGTTCATGGAGG-1",2.70804772659653,"PMN(5)","10X_ntph_M"
"Male_NTPH_CTGATCCTCAACCGAT-1",1.60943434639709,"PMN(3)","10X_ntph_M"
"Male_NTPH_GATGCTAGTTCTGAGT-1",2.70805228078629,"PMN(3)","10X_ntph_M"
"Male_NTPH_CATACAGAGGTCGACA-1",2.77260081477326,"PMN(3)","10X_ntph_M"
"Male_NTPH_TCGGATATCCAATCTT-1",3.25809770361035,"PMN(2)","10X_ntph_M"
"Male_NTPH_TCATCCGAGTATGACA-1",3.49650948212841,"PMN(0)","10X_ntph_M"
"Male_NTPH_TGCCGAGGTCCGAAGA-1",3.09105031951941,"PMN(0)","10X_ntph_M"
"Male_NTPH_CTCACTGCACTCCCTA-1",3.17806122875484,"PMN(6)","10X_ntph_M"
"Male_NTPH_TTGTGGAGTGCTCTTC-1",2.56496022438185,"PMN(1)","10X_ntph_M"
"Male_NTPH_ACTCCCATCTGAATCG-1",3.36727630191348,"PMN(0)","10X_ntph_M"
"Male_NTPH_GCACGTGGTGCTTATG-1",0.69313535629168,"PMN(1)","10X_ntph_M"
"Male_NTPH_CATCCCATCTAATTCC-1",3.43397539770037,"PMN(0)","10X_ntph_M"
"Male_NTPH_AAGACTCAGCTTAAGA-1",3.17805760015896,"PMN(6)","10X_ntph_M"
"Male_NTPH_ACACCAACACAATCTG-1",0.693133612649538,"PMN(4)","10X_ntph_M"
"Male_NTPH_TATGTTCCATTGAAAG-1",1.9459078629726,"PMN(1)","10X_ntph_M"
"Male_NTPH_TGGAACTCATGGGCAA-1",1.94591438162096,"PMN(1)","10X_ntph_M"
"Male_NTPH_CATCAAGAGATCCGAG-1",1.6094573215167,"PMN(1)","10X_ntph_M"
"Male_NTPH_AATCGTGTCTGTCGTC-1",1.09860987847463,"PMN(4)","10X_ntph_M"
"Male_NTPH_TAGGTACTCGGCCTTT-1",2.56494914775582,"PMN(2)","10X_ntph_M"
"Male_NTPH_GTAGTACGTCTACGAT-1",3.61092026911479,"PMN(0)","10X_ntph_M"
"Male_NTPH_GCTGGGTGTTAATGAG-1",1.7917535157799,"PMN(3)","10X_ntph_M"
"Male_NTPH_ATACTTCCATACAGCT-1",1.09858029308377,"PMN(3)","10X_ntph_M"
"Male_NTPH_TAACTTCGTGCGGCTT-1",3.09105756614303,"PMN(3)","10X_ntph_M"
"Male_NTPH_GTGGTTAAGCAGGGAG-1",3.29583343013429,"PMN(2)","10X_ntph_M"
"Male_NTPH_GTGACGCAGTATTGCC-1",1.7917522999369,"PMN(3)","10X_ntph_M"
"Male_NTPH_CCTCATGTCTCCGCAT-1",2.87909147297481e-06,"PMN(0)","10X_ntph_M"
"Male_NTPH_CTCATCGCAGCACAGA-1",3.29583069127677,"PMN(0)","10X_ntph_M"
"Male_NTPH_GCCCGAACACCGTGCA-1",0.693156382234014,"PMN(4)","10X_ntph_M"
"Male_NTPH_CAACCAACAGTAGTTC-1",2.70804566009556,"PMN(4)","10X_ntph_M"
"Male_NTPH_CACTGAAGTTCCACAA-1",0.69315573817319,"PMN(4)","10X_ntph_M"
"Male_NTPH_CTCATGCTCATCAGTG-1",0.693144845131569,"PMN(4)","10X_ntph_M"
"Male_NTPH_GTAAGTCAGAGTCTGG-1",2.30257530927926,"PMN(1)","10X_ntph_M"
"Male_NTPH_CCTACGTAGGTATCTC-1",3.09104982551795,"PMN(6)","10X_ntph_M"
"Male_NTPH_ATACCGATCGAATCCA-1",2.89039617393241,"PMN(1)","10X_ntph_M"
"Male_NTPH_AGACAGGCAACACAGG-1",2.56493943253502,"PMN(2)","10X_ntph_M"
"Male_NTPH_ACGCACGTCACAGTGT-1",1.38628995375845,"PMN(4)","10X_ntph_M"
"Male_NTPH_CCGGACACATCGGATT-1",0.693135486684622,"PMN(4)","10X_ntph_M"
"Male_NTPH_GGGCTCAGTGTCATCA-1",1.59198798945038e-05,"PMN(0)","10X_ntph_M"
"Male_NTPH_ATGGGTTGTATGCTTG-1",1.79176074197522,"PMN(3)","10X_ntph_M"
"Male_NTPH_TCAGGTATCCAGTGTA-1",2.48488337880144,"PMN(2)","10X_ntph_M"
"Male_NTPH_GGATCTAAGCCTCTTC-1",-2.19677491732732e-05,"PMN(7)","10X_ntph_M"
"Male_NTPH_GTGAGGAAGCCATTTG-1",9.39165264428458e-06,"PMN(4)","10X_ntph_M"
"Male_NTPH_TATATCCGTCGCCTAG-1",3.13549720755071,"PMN(0)","10X_ntph_M"
"Male_NTPH_TCCTGCAGTATACCTG-1",2.63903743034832,"PMN(3)","10X_ntph_M"
"Male_NTPH_CTTGAGAGTCATCTAG-1",2.48489460844,"PMN(3)","10X_ntph_M"
"Male_NTPH_AAATGGAAGAGTGACC-1",3.58352292191349,"PMN(2)","10X_ntph_M"
"Male_NTPH_TAGGGTTTCCATTGGA-1",1.09861273623397,"PMN(1)","10X_ntph_M"
"Male_NTPH_AGATGCTGTTACACTG-1",1.38627569951176,"PMN(4)","10X_ntph_M"
"Male_NTPH_ATGAAAGAGCAACCAG-1",0.693154705788325,"PMN(4)","10X_ntph_M"
"Male_NTPH_TAGCACACACTAGGTT-1",1.60943365559035,"PMN(5)","10X_ntph_M"
"Male_NTPH_GCACGTGTCATTGCCC-1",3.09105489506148,"PMN(2)","10X_ntph_M"
"Male_NTPH_CTACCTGTCTGAGTCA-1",2.94444348265923,"PMN(2)","10X_ntph_M"
"Male_NTPH_ACCCAAAGTTTCGTGA-1",1.18280748259793e-05,"PMN(7)","10X_ntph_M"
"Male_NTPH_TTCTTCCTCAGTGTGT-1",-1.96397811110401e-05,"PMN(0)","10X_ntph_M"
"Male_NTPH_GCAGTTACACGGGCTT-1",1.0986197547968,"PMN(1)","10X_ntph_M"
"Male_NTPH_GTGCTGGAGTCATCGT-1",2.19723509057369,"PMN(5)","10X_ntph_M"
"Male_NTPH_AATCGACGTTGGCCGT-1",2.3025903347049,"PMN(2)","10X_ntph_M"
"Male_NTPH_GACACGCAGGCATTTC-1",3.13548306008635,"PMN(0)","10X_ntph_M"
"Male_NTPH_TATCAGGAGGTCCCTG-1",3.29583638834211,"PMN(2)","10X_ntph_M"
"Male_NTPH_GGTCTGGAGAAGCGAA-1",2.77256955195036,"PMN(5)","10X_ntph_M"
"Male_NTPH_TTTACCACAAGCTGTT-1",3.17804811304557,"PMN(6)","10X_ntph_M"
"Male_NTPH_GCATCGGCAATCAAGA-1",3.13548673396281,"PMN(0)","10X_ntph_M"
"Male_NTPH_CTGTACCCACCGAATT-1",3.45178956409604e-06,"PMN(0)","10X_ntph_M"
"Male_NTPH_TCATTACAGCTAATCC-1",3.33222614968625,"PMN(2)","10X_ntph_M"
"Male_NTPH_CGTTAGAGTTCTATCT-1",3.73767298474679,"PMN(0)","10X_ntph_M"
"Male_NTPH_GCGATCGGTGCGCTCA-1",3.25809235938165,"PMN(2)","10X_ntph_M"
"Male_NTPH_GTCCACTGTGATTCAC-1",3.25810577493169,"PMN(6)","10X_ntph_M"
"Male_NTPH_TTTGATCGTCCGGCAT-1",3.13550188359507,"PMN(0)","10X_ntph_M"
"Male_NTPH_TAACGACCAGAGAGGG-1",3.17805631782942,"PMN(0)","10X_ntph_M"
"Male_NTPH_TGAACGTAGTCATACC-1",3.73766304610302,"PMN(6)","10X_ntph_M"
"Male_NTPH_TCACGGGTCTCGCAGG-1",3.04452826896511,"PMN(5)","10X_ntph_M"
"Male_NTPH_TGTGATGCATCAGTCA-1",6.90682867666824e-06,"PMN(3)","10X_ntph_M"
"Male_NTPH_CACTTCGTCTGCATAG-1",0.693150099206745,"PMN(2)","10X_ntph_M"
"Male_NTPH_CTCTCAGCATACTGAC-1",2.56496858820321,"PMN(1)","10X_ntph_M"
"Male_NTPH_TGCGATATCAACTACG-1",1.60946097373159,"PMN(1)","10X_ntph_M"
"Male_NTPH_CTCCAACTCGACGTCG-1",2.30257520104137,"PMN(5)","10X_ntph_M"
"Male_NTPH_AATAGAGCAATCTCTT-1",1.79176348350214,"PMN(4)","10X_ntph_M"
"Male_NTPH_CATGGTATCTCGTTTA-1",3.66354932224791,"PMN(0)","10X_ntph_M"
"Male_NTPH_ACACTGAGTTCTTAGG-1",2.89036631100273,"PMN(2)","10X_ntph_M"
"Male_NTPH_CATCCCAGTCTGTGGC-1",1.94590580372572,"PMN(3)","10X_ntph_M"
"Male_NTPH_AGGATCTCATCCAATG-1",-1.40845191963231e-06,"PMN(4)","10X_ntph_M"
"Male_NTPH_GAGGCAATCTGATTCT-1",3.43400478589785,"PMN(0)","10X_ntph_M"
"Male_NTPH_ACTCCCACACATAGCT-1",1.79175116781385,"PMN(2)","10X_ntph_M"
"Male_NTPH_CAGTGCGCACGAGGAT-1",1.60944305671166,"PMN(1)","10X_ntph_M"
"Male_NTPH_CTGAGGCGTACCACGC-1",3.85015547302082,"PMN(2)","10X_ntph_M"
"Male_NTPH_GTCATCCTCGAACTCA-1",3.63758857988152,"PMN(0)","10X_ntph_M"
"Male_NTPH_TCTGTCGGTCTGGTTA-1",3.33221010934327,"PMN(3)","10X_ntph_M"
"Male_NTPH_CTGCCTAAGCACTTTG-1",2.39788876861328,"PMN(2)","10X_ntph_M"
"Male_NTPH_TGTGTGATCATTCGTT-1",2.99572768962783,"PMN(2)","10X_ntph_M"
"Male_NTPH_ATAGACCAGTAGCATA-1",1.09860548380489,"PMN(4)","10X_ntph_M"
"Male_NTPH_ACACTGATCGCTAATG-1",3.40117545728888,"PMN(0)","10X_ntph_M"
"Male_NTPH_CTAAGTGTCTTTGGAG-1",1.38630062099084,"PMN(4)","10X_ntph_M"
"Male_NTPH_TGCATCCGTAACGTTC-1",2.07943738706301,"PMN(5)","10X_ntph_M"
"Male_NTPH_AGGACGAGTGTCATTG-1",3.13549245289081,"PMN(0)","10X_ntph_M"
"Male_NTPH_CCTCCAAGTTATCTGG-1",0.693153833151581,"PMN(4)","10X_ntph_M"
"Male_NTPH_CACAGATAGATCACCT-1",3.63758665856155,"PMN(5)","10X_ntph_M"
"Male_NTPH_CGTAATGAGCACCTGC-1",2.39789415829544,"PMN(3)","10X_ntph_M"
"Male_NTPH_AGACCCGGTAGACGTG-1",3.25809124650776,"PMN(0)","10X_ntph_M"
"Male_NTPH_CCCGGAAGTTCCTTGC-1",2.39791143142091,"PMN(1)","10X_ntph_M"
"Male_NTPH_GTTGTGATCAAAGCCT-1",1.09861368377404,"PMN(3)","10X_ntph_M"
"Male_NTPH_GTTGTCCGTTCATCTT-1",3.68888064995091,"PMN(0)","10X_ntph_M"
"Male_NTPH_ATCACAGAGCCATTGT-1",2.39790507145592,"PMN(5)","10X_ntph_M"
"Male_NTPH_CCATAAGGTCTGTGGC-1",0.693150974403425,"PMN(4)","10X_ntph_M"
"Male_NTPH_TGCAGTAAGCGCACAA-1",2.56494055533534,"PMN(3)","10X_ntph_M"
"Male_NTPH_TTGTGTTTCAGACCGC-1",3.17804976581823,"PMN(0)","10X_ntph_M"
"Male_NTPH_CAGTTCCGTCTACAGT-1",2.19721680608462,"PMN(1)","10X_ntph_M"
"Male_NTPH_ATCCATTCACCTATCC-1",3.2580797030012,"PMN(2)","10X_ntph_M"
"Male_NTPH_ACCCTCAAGTCATCGT-1",2.63905565978966,"PMN(6)","10X_ntph_M"
"Male_NTPH_GTGACGCCACGCCACA-1",1.9459160885376,"PMN(1)","10X_ntph_M"
"Male_NTPH_CCATCACTCAAGTCGT-1",2.19721939574481,"PMN(1)","10X_ntph_M"
"Male_NTPH_ATGGGTTAGGCCACTC-1",2.99573668553763,"PMN(0)","10X_ntph_M"
"Male_NTPH_TATTGCTTCTGAGAGG-1",0.693154736568596,"PMN(4)","10X_ntph_M"
"Male_NTPH_TTCACGCTCATGCATG-1",1.79175833961945,"PMN(3)","10X_ntph_M"
"Male_NTPH_GCACATAGTTAGAGTA-1",3.13548946967527,"PMN(0)","10X_ntph_M"
"Male_NTPH_CTCCATGCACATTCTT-1",1.09860526744881,"PMN(1)","10X_ntph_M"
"Male_NTPH_GCATCTCTCGCTGCGA-1",2.07943874796948,"PMN(3)","10X_ntph_M"
"Male_NTPH_TCATTGTGTTGGTACT-1",1.38631000321738,"PMN(4)","10X_ntph_M"
"Male_NTPH_AAAGGATCAGCTTCCT-1",3.25809744895758,"PMN(0)","10X_ntph_M"
"Male_NTPH_GAGCCTGAGTTTCGGT-1",2.39789065091856,"PMN(6)","10X_ntph_M"
"Male_NTPH_CTCATTATCACCGGGT-1",3.0445179333359,"PMN(3)","10X_ntph_M"
"Male_NTPH_TCACTCGCACGCAAAG-1",0.693147911526099,"PMN(0)","10X_ntph_M"
"Male_NTPH_GACCTTCAGGAGATAG-1",1.38629567464998,"PMN(4)","10X_ntph_M"
"Male_NTPH_AGGCTGCTCTCCGCAT-1",2.83322680042021,"PMN(3)","10X_ntph_M"
"Male_NTPH_ATGGGTTGTAGGTCAG-1",3.36729159637175,"PMN(6)","10X_ntph_M"
"Male_NTPH_GATAGAACAATGTTGC-1",2.07945131110267,"PMN(3)","10X_ntph_M"
"Male_NTPH_GTGGAAGAGGAGTCTG-1",1.60943160263005,"PMN(3)","10X_ntph_M"
"Male_NTPH_GGAATCTGTCCAGCCA-1",2.9957344710658,"PMN(0)","10X_ntph_M"
"Male_NTPH_TGTGGCGGTACAAGTA-1",1.60943445570925,"PMN(1)","10X_ntph_M"
"Male_NTPH_CGCAGGTGTAGATTAG-1",3.21888588391864,"PMN(3)","10X_ntph_M"
"Male_NTPH_GTTCTATAGGTCCTGC-1",2.94445295232444,"PMN(0)","10X_ntph_M"
"Male_NTPH_GACGTTATCCCGGTAG-1",2.70806555471302,"PMN(3)","10X_ntph_M"
"Male_NTPH_CCTCCTCAGAGTCTTC-1",3.36730267526895,"PMN(0)","10X_ntph_M"
"Male_NTPH_AATGGAATCGGAGATG-1",3.36729077646081,"PMN(0)","10X_ntph_M"
"Male_NTPH_ATGAGTCAGGCATTTC-1",2.89037051556524,"PMN(2)","10X_ntph_M"
"Male_NTPH_GGAATCTCATCCCGTT-1",1.09861530201556,"PMN(3)","10X_ntph_M"
"Male_NTPH_CTGTGGGAGAGTGGCT-1",2.77256784856831,"PMN(2)","10X_ntph_M"
"Male_NTPH_CATTCCGGTCGATTAC-1",1.38630856509052,"PMN(4)","10X_ntph_M"
"Male_NTPH_TGATGGTAGGATGCGT-1",1.09860159887464,"PMN(4)","10X_ntph_M"
"Male_NTPH_GTTTACTAGCAGCAGT-1",1.09860769514914,"PMN(1)","10X_ntph_M"
"Male_NTPH_GTGCTGGGTTTGGAGG-1",2.4849199664491,"PMN(2)","10X_ntph_M"
"Male_NTPH_TTTGGTTCAGTCGCTG-1",3.13549831369193,"PMN(6)","10X_ntph_M"
"Male_NTPH_CTCCCTCCAGAGGAAA-1",3.29584158936937,"PMN(2)","10X_ntph_M"
"Male_NTPH_GCCAGTGTCATTCTTG-1",2.19721708034993,"PMN(1)","10X_ntph_M"
"Male_NTPH_AGTAGTCCAAGAGGCT-1",2.19720856042058,"PMN(0)","10X_ntph_M"
"Male_NTPH_TTTCATGGTTTAAGGA-1",0.69313926608669,"PMN(4)","10X_ntph_M"
"Male_NTPH_TGTCAGAGTGCCTATA-1",1.09861730877359,"PMN(4)","10X_ntph_M"
"Male_NTPH_GTTGCGGTCTCCAATT-1",3.29584403795703,"PMN(2)","10X_ntph_M"
"Male_NTPH_CGAGGCTAGAAGGTAG-1",4.33551906169097e-07,"PMN(7)","10X_ntph_M"
"Male_NTPH_TGAGGGAAGGTAAGAG-1",2.39789133135491,"PMN(3)","10X_ntph_M"
"Male_NTPH_ACACGCGCATTGTGCA-1",2.48491044983625,"PMN(0)","10X_ntph_M"
"Male_NTPH_TGACGCGTCTGTCGCT-1",0.69314095628042,"PMN(4)","10X_ntph_M"
"Male_NTPH_GGGAGTAAGATTACCC-1",2.48491176366006,"PMN(5)","10X_ntph_M"
"Male_NTPH_CGTGCTTCAGTCTACA-1",1.79174845549749,"PMN(3)","10X_ntph_M"
"Male_NTPH_GAGTCTACATCAGCAT-1",2.07946015583583,"PMN(5)","10X_ntph_M"
"Male_NTPH_TGCACGGCAAAGGCGT-1",2.30255804310282,"PMN(0)","10X_ntph_M"
"Male_NTPH_CTGCGAGAGTCGTCTA-1",2.99574645293215,"PMN(0)","10X_ntph_M"
"Male_NTPH_CTGAGCGCAATGAGCG-1",1.79175291613307,"PMN(3)","10X_ntph_M"
"Male_NTPH_AATAGAGGTGGTCTTA-1",1.25228304742217e-05,"PMN(0)","10X_ntph_M"
"Male_NTPH_AACCAACAGCGGTAGT-1",2.89035715502184,"PMN(3)","10X_ntph_M"
"Male_NTPH_CCTTGTGGTTCTCTAT-1",-3.30734876793339e-06,"PMN(0)","10X_ntph_M"
"Male_NTPH_TGTCCTGTCTTGTTAC-1",3.13549632410705,"PMN(2)","10X_ntph_M"
"Male_NTPH_TAACCAGAGTGTAGTA-1",1.09860219367547,"PMN(1)","10X_ntph_M"
"Male_NTPH_TACGGGCGTAGCGTAG-1",2.07943619391337,"PMN(1)","10X_ntph_M"
"Male_NTPH_GCATTAGCACCCGTAG-1",2.89037670847891,"PMN(2)","10X_ntph_M"
"Male_NTPH_TGATGGTCAATGCTCA-1",0.693152665500443,"PMN(4)","10X_ntph_M"
"Male_NTPH_TCATTCAGTTAGAAAC-1",2.07942926425369,"PMN(1)","10X_ntph_M"
"Male_NTPH_AGCGTATCATACTGTG-1",3.55533799536297,"PMN(2)","10X_ntph_M"
"Male_NTPH_CAGCGTGTCGCAGTGC-1",1.09861436034013,"PMN(4)","10X_ntph_M"
"Male_NTPH_GATTCTTAGGCGTCCT-1",2.56496353147334,"PMN(3)","10X_ntph_M"
"Male_NTPH_CCCGGAAAGAGCTGCA-1",2.39790274369234,"PMN(2)","10X_ntph_M"
"Male_NTPH_GAGTTTGAGCGTCAGA-1",3.21886063053748,"PMN(2)","10X_ntph_M"
"Male_NTPH_AGCCAATCATCAGCAT-1",2.39788807209098,"PMN(1)","10X_ntph_M"
"Male_NTPH_CAGATTGAGCATCAGG-1",2.70803181898187,"PMN(2)","10X_ntph_M"
"Male_NTPH_TCATGGAGTATCCCAA-1",7.84395864352993e-06,"PMN(7)","10X_ntph_M"
"Male_NTPH_TGCGACGTCTCGGCTT-1",1.94590143853382,"PMN(5)","10X_ntph_M"
"Male_NTPH_ACTACGAGTGTAGTGG-1",2.19722446867309,"PMN(3)","10X_ntph_M"
"Male_NTPH_GCGGAAAGTTCGTGCG-1",2.39790136421395,"PMN(1)","10X_ntph_M"
"Male_NTPH_CACATGAGTCCAGCGT-1",3.21887449435172,"PMN(0)","10X_ntph_M"
"Male_NTPH_AGGAATAAGCGACAGT-1",2.07943304636921,"PMN(1)","10X_ntph_M"
"Male_NTPH_ATTCTTGCATGACACT-1",2.94444013055369,"PMN(2)","10X_ntph_M"
"Male_NTPH_TTCTCTCCAGCTTTGA-1",3.33219119680366,"PMN(1)","10X_ntph_M"
"Male_NTPH_GGGACCTGTCAGGTAG-1",2.7726124668225,"PMN(3)","10X_ntph_M"
"Male_NTPH_TCCGGGATCGAGATAA-1",0.693122222195772,"PMN(1)","10X_ntph_M"
"Male_NTPH_TTAATCCCACACCTAA-1",2.07946357844138,"PMN(1)","10X_ntph_M"
"Male_NTPH_CGTTAGACATACTTTC-1",0.693152894529216,"PMN(1)","10X_ntph_M"
"Male_NTPH_ACGCACGGTCGAATTC-1",1.38628852366752,"PMN(4)","10X_ntph_M"
"Male_NTPH_TTCGATTGTCCTTTGC-1",3.13549696453273,"PMN(2)","10X_ntph_M"
"Male_NTPH_ACACTGAAGTTTGGCT-1",1.94590966616335,"PMN(1)","10X_ntph_M"
"Male_NTPH_TCATTTGGTGCGAACA-1",2.7726112469262,"PMN(3)","10X_ntph_M"
"Male_NTPH_GGTAATCGTCGCAGTC-1",1.94593222887754,"PMN(1)","10X_ntph_M"
"Male_NTPH_ATCCATTAGGACGCTA-1",2.83322101250636,"PMN(1)","10X_ntph_M"
"Male_NTPH_AGGACTTCAAGTCATC-1",2.99572943163655,"PMN(0)","10X_ntph_M"
"Male_NTPH_ATGATCGCATCCCACT-1",2.30258660944697,"PMN(3)","10X_ntph_M"
"Male_NTPH_TCTTCCTAGGCTCCCA-1",3.29582905494346,"PMN(3)","10X_ntph_M"
"Male_NTPH_TCCTAATAGGATATAC-1",3.33219493619157,"PMN(6)","10X_ntph_M"
"Male_NTPH_TGTGTGAGTTCTCCAC-1",2.56494631405036,"PMN(0)","10X_ntph_M"
"Male_NTPH_GCCAGGTGTCGCAACC-1",2.19723988612275,"PMN(2)","10X_ntph_M"
"Male_NTPH_GACCTTCAGACGGATC-1",2.94443419610707,"PMN(2)","10X_ntph_M"
"Male_NTPH_GACCTTCAGACGACTG-1",2.7080529607451,"PMN(6)","10X_ntph_M"
"Male_NTPH_ATCGTCCAGTAGAATC-1",1.09862521646667,"PMN(4)","10X_ntph_M"
"Male_NTPH_CAAGCTATCTATCACT-1",2.63906156972232,"PMN(1)","10X_ntph_M"
"Male_NTPH_ATATCCTGTGTGGACA-1",3.43399248213768,"PMN(0)","10X_ntph_M"
"Male_NTPH_AACAAGAAGACATAGT-1",2.89036521959634,"PMN(0)","10X_ntph_M"
"Male_NTPH_GTCTGTCCAGAACTTC-1",1.60943912918963,"PMN(7)","10X_ntph_M"
"Male_NTPH_CTGTAGACATATGCGT-1",3.36728596135593,"PMN(0)","10X_ntph_M"
"Male_NTPH_AGAGCCCCAAAGTATG-1",1.09860473272349,"PMN(4)","10X_ntph_M"
"Male_NTPH_TATCTTGTCCGCTGTT-1",2.94442736926686,"PMN(0)","10X_ntph_M"
"Male_NTPH_CAGAGCCAGAGGGCGA-1",1.79175504121282,"PMN(3)","10X_ntph_M"
"Male_NTPH_CAGCAGCTCTGGAAGG-1",3.04452578720126,"PMN(0)","10X_ntph_M"
"Male_NTPH_AAGCGAGCAACTCATG-1",-1.0065856814523e-06,"PMN(0)","10X_ntph_M"
"Male_NTPH_ACGTAACCAGCATACT-1",2.83320358868779,"PMN(2)","10X_ntph_M"
"Male_NTPH_TTTACGTTCATCAGTG-1",2.94442924700018,"PMN(2)","10X_ntph_M"
"Male_NTPH_TCTTCCTTCGCAATGT-1",2.94442557130118,"PMN(6)","10X_ntph_M"
"Male_NTPH_ACGATGTTCCACTGGG-1",1.60944205345812,"PMN(3)","10X_ntph_M"
"Male_NTPH_TTGCGTCAGCAACTCT-1",3.3322072517995,"PMN(5)","10X_ntph_M"
"Male_NTPH_AGTACCATCAGCGCAC-1",2.94442483953694,"PMN(2)","10X_ntph_M"
"Male_NTPH_TATTGCTTCTCGCCTA-1",0.693130361254213,"PMN(3)","10X_ntph_M"
"Male_NTPH_AGATAGAGTGTTACTG-1",-7.00861139491127e-07,"PMN(0)","10X_ntph_M"
"Male_NTPH_TGTCCACGTTTACACG-1",2.89036715480587,"PMN(2)","10X_ntph_M"
"Male_NTPH_AACACACGTTCACCGG-1",2.39788320134134,"PMN(3)","10X_ntph_M"
"Male_NTPH_GCAGTTAGTAATGTGA-1",2.89038216230835,"PMN(3)","10X_ntph_M"
"Male_NTPH_CTGTACCAGTTGAAAC-1",1.60943725038398,"PMN(1)","10X_ntph_M"
"Male_NTPH_CATCAAGAGCGACCCT-1",3.49650736288869,"PMN(2)","10X_ntph_M"
"Male_NTPH_GTAGAGGGTCCGTTTC-1",2.48491280535023,"PMN(3)","10X_ntph_M"
"Male_NTPH_ACTTATCGTACGGATG-1",3.09104665718802,"PMN(2)","10X_ntph_M"
"Male_NTPH_ACTACGATCTTTACAC-1",2.77258544269101,"PMN(1)","10X_ntph_M"
"Male_NTPH_TCAGTTTTCCATCAGA-1",-1.1344563021002e-05,"PMN(0)","10X_ntph_M"
"Male_NTPH_TAGGTTGGTATCCTTT-1",2.48491847247105,"PMN(0)","10X_ntph_M"
"Male_NTPH_CGAGGAACAGGGATAC-1",2.5649322496035,"PMN(6)","10X_ntph_M"
"Male_NTPH_AACCAACCAAGCTACT-1",0.693160975050389,"PMN(4)","10X_ntph_M"
"Male_NTPH_CATGAGTGTGAACGGT-1",3.55534265143612,"PMN(0)","10X_ntph_M"
"Male_NTPH_CTAAGTGTCCTCTGCA-1",1.94593090372323,"PMN(1)","10X_ntph_M"
"Male_NTPH_CATTGCCCAACCGCCA-1",2.77258667463475,"PMN(5)","10X_ntph_M"
"Male_NTPH_AACCACATCCTGTAAG-1",1.7917539550582,"PMN(1)","10X_ntph_M"
"Male_NTPH_ATACCTTAGTCTAGAA-1",3.58351935042478,"PMN(0)","10X_ntph_M"
"Male_NTPH_AATAGAGTCCATCAGA-1",3.49652073194279,"PMN(5)","10X_ntph_M"
"Male_NTPH_CAAGGGATCCGAAATC-1",2.99571417705196,"PMN(6)","10X_ntph_M"
"Male_NTPH_AACCACAGTACAGTAA-1",1.94590706916737,"PMN(1)","10X_ntph_M"
"Male_NTPH_ATTCTTGTCTAGTTCT-1",3.49651050707843,"PMN(1)","10X_ntph_M"
"Male_NTPH_TTGGATGCACAATGCT-1",2.07944301938801,"PMN(1)","10X_ntph_M"
"Male_NTPH_CAAGAGGAGCTTAGTC-1",3.13549537544447,"PMN(2)","10X_ntph_M"
"Male_NTPH_CTGTGGGTCTATTGTC-1",2.56494612414305,"PMN(5)","10X_ntph_M"
"Male_NTPH_CGTCCATCACCCTAAA-1",1.60942650876686,"PMN(1)","10X_ntph_M"
"Male_NTPH_CTTCCGAGTATGTCAC-1",3.04455105091833,"PMN(0)","10X_ntph_M"
"Male_NTPH_CGGAGAATCCGTTGGG-1",2.70803568723276,"PMN(1)","10X_ntph_M"
"Male_NTPH_ATACTTCCACGTACTA-1",0.693157018000148,"PMN(4)","10X_ntph_M"
"Male_NTPH_GTTGTAGCATCATGAC-1",0.693136102146674,"PMN(4)","10X_ntph_M"
"Male_NTPH_CCGATGGAGTTGAAAC-1",1.09859229974154,"PMN(1)","10X_ntph_M"
"Male_NTPH_CTTTCAACATCCGCGA-1",1.79176097645302,"PMN(1)","10X_ntph_M"
"Male_NTPH_AGGCTGCCAGTATACC-1",3.43400829416607,"PMN(2)","10X_ntph_M"
"Male_NTPH_TACAGGTCAGACCTAT-1",2.48491294169473,"PMN(2)","10X_ntph_M"
"Male_NTPH_ACCAACACAGGCACTC-1",1.38627798466447,"PMN(1)","10X_ntph_M"
"Male_NTPH_GAACACTGTCCAAAGG-1",2.83320675929908,"PMN(0)","10X_ntph_M"
"Male_NTPH_GTGTAACTCCTTATAC-1",3.43397970140249,"PMN(6)","10X_ntph_M"
"Male_NTPH_GGCGTCAAGTGTGTTC-1",1.09860083734915,"PMN(3)","10X_ntph_M"
"Male_NTPH_GTTCTATGTATGTCTG-1",2.39790554893114,"PMN(5)","10X_ntph_M"
"Male_NTPH_TAGATCGGTATCGAGG-1",2.30260987339826,"PMN(4)","10X_ntph_M"
"Male_NTPH_GAGTGAGAGTTTCTTC-1",3.1780392971843,"PMN(1)","10X_ntph_M"
"Male_NTPH_CCTCTAGAGCGCCATC-1",3.52636874726062,"PMN(2)","10X_ntph_M"
"Male_NTPH_CTATAGGGTGCGAGTA-1",4.00732252075253,"PMN(2)","10X_ntph_M"
"Male_NTPH_ATAGAGACAGCAGTAG-1",3.33221545324253,"PMN(0)","10X_ntph_M"
"Male_NTPH_TAGGTTGGTCAAATCC-1",1.38629656708171,"PMN(4)","10X_ntph_M"
"Male_NTPH_GATGTTGCAGCTCGGT-1",2.39789244040247,"PMN(1)","10X_ntph_M"
"Male_NTPH_CCCTCAAAGGTGATCG-1",3.29584396651186,"PMN(3)","10X_ntph_M"
"Male_NTPH_CTTCTAACATGTGCTA-1",3.49652966623515,"PMN(5)","10X_ntph_M"
"Male_NTPH_CTCAGAAAGCGCTGCT-1",0.693161301225702,"PMN(4)","10X_ntph_M"
"Male_NTPH_TGGGAGAAGGCGCTCT-1",2.63905536363446,"PMN(3)","10X_ntph_M"
"Male_NTPH_GAGTGAGGTACTTCCC-1",3.61092546648992,"PMN(6)","10X_ntph_M"
"Male_NTPH_TCACTATCATGAATAG-1",3.36728488897777,"PMN(6)","10X_ntph_M"
"Male_NTPH_ACAGAAAAGATTAGTG-1",1.09861659046835,"PMN(1)","10X_ntph_M"
"Male_NTPH_CCTATCGGTTGCCTAA-1",3.58352854395323,"PMN(2)","10X_ntph_M"
"Male_NTPH_TGTTGAGAGTTGAATG-1",2.07944613227506,"PMN(3)","10X_ntph_M"
"Male_NTPH_TTGGGATTCCGTGGCA-1",2.99572630900005,"PMN(2)","10X_ntph_M"
"Male_NTPH_CACGGGTGTTCCGTTC-1",3.52636007375409,"PMN(2)","10X_ntph_M"
"Male_NTPH_AATGACCGTTTCGGCG-1",1.38628854593394,"PMN(0)","10X_ntph_M"
"Male_NTPH_CGAAGTTGTAGATCCT-1",2.39789970143074,"PMN(1)","10X_ntph_M"
"Male_NTPH_TGACAGTTCCTGTTGC-1",2.56494625515464,"PMN(1)","10X_ntph_M"
"Male_NTPH_TCTTCCTTCGGCTGGT-1",2.94443675086876,"PMN(5)","10X_ntph_M"
"Male_NTPH_TCCTCTTGTGTTCCTC-1",0.693140854692018,"PMN(1)","10X_ntph_M"
"Male_NTPH_AATGACCAGTCAATCC-1",2.77259939414177,"PMN(5)","10X_ntph_M"
"Male_NTPH_CATTGAGGTACCTAGT-1",1.09861566262732,"PMN(0)","10X_ntph_M"
"Male_NTPH_ACCCAAACATTGCCTC-1",3.29582732954769,"PMN(0)","10X_ntph_M"
"Male_NTPH_AGGACTTCAGATCCTA-1",1.38629687285563,"PMN(4)","10X_ntph_M"
"Male_NTPH_GGGCTACAGCGGCTCT-1",2.0794360601928,"PMN(5)","10X_ntph_M"
"Male_NTPH_CCTGCATTCTGTTGGA-1",1.79176050158823,"PMN(5)","10X_ntph_M"
"Male_NTPH_ACAAAGATCAAACCCA-1",2.3026037531591,"PMN(5)","10X_ntph_M"
"Male_NTPH_AACCAACAGGATTACA-1",3.49649715152843,"PMN(6)","10X_ntph_M"
"Male_NTPH_TCCGATCCATGACACT-1",1.09861448850598,"PMN(5)","10X_ntph_M"
"Male_NTPH_CACTAAGCATCGAAGG-1",3.55533382354035,"PMN(2)","10X_ntph_M"
"Male_NTPH_AATGGAATCCTCTTTC-1",3.17805999052205,"PMN(1)","10X_ntph_M"
"Male_NTPH_GGGATCCTCATGACAC-1",2.39788085716657,"PMN(5)","10X_ntph_M"
"Male_NTPH_CTGAGGCAGCTTCTAG-1",2.48488963213977,"PMN(2)","10X_ntph_M"
"Male_NTPH_ACATCCCCAATTTCTC-1",2.30259066512362,"PMN(1)","10X_ntph_M"
"Male_NTPH_TCTATACCACTTGAGT-1",2.70804269599104,"PMN(2)","10X_ntph_M"
"Male_NTPH_AGATCCAGTTATCTGG-1",-1.97093294572214e-05,"PMN(0)","10X_ntph_M"
"Male_NTPH_CTTGATTAGCGGCTCT-1",-1.32446345093933e-05,"PMN(0)","10X_ntph_M"
"Male_NTPH_CGCGTGATCTCGAACA-1",0.69315793588888,"PMN(4)","10X_ntph_M"
"Male_NTPH_GTGGGAACACGATAGG-1",1.791761227579,"PMN(4)","10X_ntph_M"
"Male_NTPH_AACTTCTAGCTTGTGT-1",1.79176154847605,"PMN(5)","10X_ntph_M"
"Male_NTPH_AGCTTCCTCTAGACCA-1",3.43399613651281,"PMN(2)","10X_ntph_M"
"Male_NTPH_GGGACAATCCGTATAG-1",1.38629634721906,"PMN(1)","10X_ntph_M"
"Male_NTPH_TTCTTCCCACAAGTGG-1",3.36726401716083,"PMN(2)","10X_ntph_M"
"Male_NTPH_CAGATTGTCCTACGAA-1",2.63905752644721,"PMN(2)","10X_ntph_M"
"Male_NTPH_CATGGATTCGGCTTCT-1",2.70803625938816,"PMN(0)","10X_ntph_M"
"Male_NTPH_TTACAGGAGCACTCTA-1",1.38628502876104,"PMN(4)","10X_ntph_M"
"Male_NTPH_TTTACTGTCTCAGAAC-1",2.89035546748735,"PMN(3)","10X_ntph_M"
"Male_NTPH_GTTCGCTAGGTACCTT-1",3.04452612869981,"PMN(5)","10X_ntph_M"
"Male_NTPH_AAAGGATAGTATTGCC-1",3.135517072493,"PMN(0)","10X_ntph_M"
"Male_NTPH_CAGCCAGCAAGCCTGC-1",3.2188806903169,"PMN(3)","10X_ntph_M"
"Male_NTPH_CAATACGTCCTGTTGC-1",2.30260441451625,"PMN(3)","10X_ntph_M"
"Male_NTPH_GACTGATGTCCAGGTC-1",2.63905500832503,"PMN(2)","10X_ntph_M"
"Male_NTPH_CAGGCCACAAGAGGCT-1",2.63905195516469,"PMN(3)","10X_ntph_M"
"Male_NTPH_CCAATTTGTTCGTACA-1",2.8903796189152,"PMN(1)","10X_ntph_M"
"Male_NTPH_CTGGTCTAGTTTGGCT-1",3.29582434227523,"PMN(1)","10X_ntph_M"
"Male_NTPH_GAGCTGCCAAGGAGTC-1",2.70803695945266,"PMN(3)","10X_ntph_M"
"Male_NTPH_TTCCACGAGATCCCGC-1",2.70802051877048,"PMN(2)","10X_ntph_M"
"Male_NTPH_GTTGTGAGTTGGTACT-1",1.60941565525233,"PMN(1)","10X_ntph_M"
"Male_NTPH_ACACTGACAGCTACTA-1",1.09860787212639,"PMN(4)","10X_ntph_M"
"Male_NTPH_AATGGAATCCCATGGG-1",2.30258633943533,"PMN(1)","10X_ntph_M"
"Male_NTPH_GACTCTCAGTCATCGT-1",2.89036825792384,"PMN(6)","10X_ntph_M"
"Male_NTPH_GATTCTTCAAGGCAAC-1",1.60941887744108,"PMN(1)","10X_ntph_M"
"Male_NTPH_GAGAAATCACCTGTCT-1",2.70803866065879,"PMN(6)","10X_ntph_M"
"Male_NTPH_GCTGCAGGTACACGTT-1",3.49649966963174,"PMN(2)","10X_ntph_M"
"Male_NTPH_TAGCACACAGCTGTCG-1",3.40120637568494,"PMN(5)","10X_ntph_M"
"Male_NTPH_AAACCCATCTGACCCT-1",3.16039999076679e-06,"PMN(0)","10X_ntph_M"
"Male_NTPH_ACTTCGCAGGTTCCGC-1",1.94590187918256,"PMN(4)","10X_ntph_M"
"Male_NTPH_GCATCTCAGCGCCTTG-1",2.5649332117561,"PMN(1)","10X_ntph_M"
"Male_NTPH_CATGCTCAGCATAGGC-1",2.63905566529406,"PMN(0)","10X_ntph_M"
"Male_NTPH_TTCCGGTGTCGACTTA-1",2.833195580137,"PMN(3)","10X_ntph_M"
"Male_NTPH_TTACCATCACTTGACA-1",1.94590348021516,"PMN(1)","10X_ntph_M"
"Male_NTPH_TAGGGTTGTCCCTGAG-1",1.38629128146919,"PMN(4)","10X_ntph_M"
"Male_NTPH_GTCTACCCACATCATG-1",2.83322556931037,"PMN(3)","10X_ntph_M"
"Male_NTPH_TCCCAGTTCTATACTC-1",1.94591910767794,"PMN(1)","10X_ntph_M"
"Male_NTPH_ATAGGCTTCGGTCGGT-1",3.21887786391883,"PMN(3)","10X_ntph_M"
"Male_NTPH_AATTCCTAGGGATCTG-1",2.30258293300992,"PMN(0)","10X_ntph_M"
"Male_NTPH_GTCGAATGTCTACACA-1",2.197219697273,"PMN(1)","10X_ntph_M"
"Male_NTPH_AGGTCATCAGGTCTCG-1",2.19723059785936,"PMN(3)","10X_ntph_M"
"Male_NTPH_ACTATTCTCACTGAAC-1",3.71355812570217,"PMN(2)","10X_ntph_M"
"Male_NTPH_AACCCAAGTTAGAAAC-1",2.7080466594655,"PMN(3)","10X_ntph_M"
"Male_NTPH_CATCAAGGTAATGCTC-1",3.46574821329551,"PMN(0)","10X_ntph_M"
"Male_NTPH_GATTGGTCATAGATGA-1",2.07943340762156,"PMN(1)","10X_ntph_M"
"Male_NTPH_TAGGAGGGTCGTTCAA-1",2.1972093106144,"PMN(1)","10X_ntph_M"
"Male_NTPH_ATCTCTATCATGAAAG-1",3.4011973907937,"PMN(2)","10X_ntph_M"
"Male_NTPH_CCACGTTAGTTGTCGT-1",0.69315013213899,"PMN(0)","10X_ntph_M"
"Male_NTPH_CTTGATTAGGGCAACT-1",2.39791233817403,"PMN(1)","10X_ntph_M"
"Male_NTPH_TGTCAGAAGGTCTACT-1",2.99572319859359,"PMN(0)","10X_ntph_M"
"Male_NTPH_CACCAAATCAGAATAG-1",1.94590488291721,"PMN(1)","10X_ntph_M"
"Male_NTPH_TGCGATAGTATACAGA-1",3.52637292470172,"PMN(0)","10X_ntph_M"
"Male_NTPH_TGAGCGCGTTCTCCTG-1",3.21887314585001,"PMN(2)","10X_ntph_M"
"Male_NTPH_CTGTACCGTTGAATCC-1",1.94591319141881,"PMN(1)","10X_ntph_M"
"Male_NTPH_ACCACAAAGGCTCTCG-1",2.07944624471439,"PMN(1)","10X_ntph_M"
"Male_NTPH_CAGTGCGTCCCGAGGT-1",0.693160042481689,"PMN(4)","10X_ntph_M"
"Male_NTPH_CCTGCATGTACGACAG-1",2.07945071145244,"PMN(1)","10X_ntph_M"
"Male_NTPH_CTCCTTTGTTTCCAAG-1",2.56494894773489,"PMN(6)","10X_ntph_M"
"Male_NTPH_GTCCCATAGCAACTTC-1",1.79174657759999,"PMN(0)","10X_ntph_M"
"Male_NTPH_CTTCTAACATAACAGA-1",2.4849058568143,"PMN(3)","10X_ntph_M"
"Male_NTPH_AGGGCTCCATAACAGA-1",1.38630176006791,"PMN(3)","10X_ntph_M"
"Male_NTPH_GGAATCTTCAATGCAC-1",0.693159948162248,"PMN(1)","10X_ntph_M"
"Male_NTPH_CAGGCCAGTTTACTGG-1",6.65132817105951e-06,"PMN(0)","10X_ntph_M"
"Male_NTPH_TCGCTTGGTAATGCGG-1",1.09859706176456,"PMN(4)","10X_ntph_M"
"Male_NTPH_GTGTTAGCACAACATC-1",1.38629562335101,"PMN(4)","10X_ntph_M"
"Male_NTPH_AATGGCTAGGCACAAC-1",1.79174815540688,"PMN(3)","10X_ntph_M"
"Male_NTPH_CCAATGACAGCGTGAA-1",2.39789049854602,"PMN(5)","10X_ntph_M"
"Male_NTPH_CCTCTCCCATTCTTCA-1",3.68886846938599,"PMN(0)","10X_ntph_M"
"Male_NTPH_TCATCATAGTTAGTGA-1",1.60945498685776,"PMN(3)","10X_ntph_M"
"Male_NTPH_TCCCAGTGTGTGAGCA-1",1.09861044763851,"PMN(1)","10X_ntph_M"
"Male_NTPH_CCCTTAGGTTTACACG-1",2.07946015594204,"PMN(3)","10X_ntph_M"
"Male_NTPH_GGCTTGGAGCTATCTG-1",1.09859486819745,"PMN(1)","10X_ntph_M"
"Male_NTPH_TCGCACTCAATGCTCA-1",2.56494152288732,"PMN(1)","10X_ntph_M"
"Male_NTPH_CCGATGGGTCTGTGGC-1",3.52636847732158,"PMN(2)","10X_ntph_M"
"Male_NTPH_ACTTCGCGTGAGTAAT-1",2.70804487840211,"PMN(3)","10X_ntph_M"
"Male_NTPH_ACACCAAAGACTCGAG-1",2.48492650783143,"PMN(2)","10X_ntph_M"
"Male_NTPH_TTTCACACAGGTTCAT-1",3.78418311591411,"PMN(0)","10X_ntph_M"
"Male_NTPH_GAGACCCTCCTGGGTG-1",2.30256352337336,"PMN(6)","10X_ntph_M"
"Male_NTPH_GTGGAAGTCTGCCCTA-1",2.19722365706125,"PMN(0)","10X_ntph_M"
"Male_NTPH_CGATGGCAGGTGCTAG-1",2.07943756767867,"PMN(5)","10X_ntph_M"
"Male_NTPH_GCCAGGTAGGACGCTA-1",3.43398582121212,"PMN(1)","10X_ntph_M"
"Male_NTPH_CCCTAACAGCGTGTTT-1",2.48489839213801,"PMN(5)","10X_ntph_M"
"Male_NTPH_AACAACCTCCGTATAG-1",1.79175261261141,"PMN(2)","10X_ntph_M"
"Male_NTPH_GTTCGCTTCTGTGTGA-1",-7.9271446858291e-06,"PMN(0)","10X_ntph_M"
"Male_NTPH_CAAGACTTCTGACAGT-1",2.63905325957374,"PMN(0)","10X_ntph_M"
"Male_NTPH_TGCGACGCATTGACAC-1",2.39788378609226,"PMN(5)","10X_ntph_M"
"Male_NTPH_AAGTACCCACCGTCGA-1",3.55535921909407,"PMN(3)","10X_ntph_M"
"Male_NTPH_TTGACCCTCTGGAAGG-1",1.09860349410033,"PMN(4)","10X_ntph_M"
"Male_NTPH_AGTTCCCTCTTGGCTC-1",1.09862508189749,"PMN(4)","10X_ntph_M"
"Male_NTPH_ACCGTTCTCGGTTCAA-1",-1.45427725484716e-05,"PMN(0)","10X_ntph_M"
"Male_NTPH_TTGGGATGTGAGTAGC-1",1.0986207109558,"PMN(5)","10X_ntph_M"
"Male_NTPH_TGTGATGGTTGTAAAG-1",3.2580905058714,"PMN(3)","10X_ntph_M"
"Male_NTPH_TAGACTGGTCCAGCCA-1",0.693148496110219,"PMN(4)","10X_ntph_M"
"Male_NTPH_AATTTCCTCCGCGGAT-1",3.04453008216899,"PMN(0)","10X_ntph_M"
"Male_NTPH_GACTCAATCCCTGTTG-1",3.43397803313348,"PMN(0)","10X_ntph_M"
"Male_NTPH_GGACGTCGTTGACTGT-1",2.19722695128137,"PMN(2)","10X_ntph_M"
"Male_NTPH_CTTGATTTCTCAATCT-1",2.94443853227577,"PMN(1)","10X_ntph_M"
"Male_NTPH_GATGGAGTCTGCTTTA-1",2.83320215855318,"PMN(0)","10X_ntph_M"
"Male_NTPH_CGACAGCAGACGGTTG-1",1.60944367948433,"PMN(1)","10X_ntph_M"
"Male_NTPH_AGGACTTGTGACTCTA-1",0.693124163137845,"PMN(4)","10X_ntph_M"
"Male_NTPH_GACCTTCGTCTAGATC-1",0.693162620673787,"PMN(4)","10X_ntph_M"
"Male_NTPH_GGAACCCAGTCAATCC-1",2.77260068545217,"PMN(0)","10X_ntph_M"
"Male_NTPH_CAGCACGGTGACACAG-1",2.63905531284646,"PMN(0)","10X_ntph_M"
"Male_NTPH_ACGCACGAGGCAGGGA-1",-4.32271579852631e-06,"PMN(0)","10X_ntph_M"
"Male_NTPH_TAGGTACTCTTGGATG-1",1.94591361854175,"PMN(5)","10X_ntph_M"
"Male_NTPH_GAATCACCATGCCGCA-1",2.9444341253871,"PMN(2)","10X_ntph_M"
"Male_NTPH_GTCCTCAAGTAATCCC-1",1.6094359593733,"PMN(0)","10X_ntph_M"
"Male_NTPH_CTTTCGGCATCGAACT-1",1.38629665909401,"PMN(2)","10X_ntph_M"
"Male_NTPH_ATCGGCGAGGGAGGAC-1",3.4965066149289,"PMN(0)","10X_ntph_M"
"Male_NTPH_GTGCGTGAGTATTCCG-1",2.94445608116184,"PMN(1)","10X_ntph_M"
"Male_NTPH_CATCAAGCAATTGTGC-1",2.07943818418983,"PMN(1)","10X_ntph_M"
"Male_NTPH_AGCTTCCGTTGTATGC-1",1.38628560787165,"PMN(1)","10X_ntph_M"
"Male_NTPH_CCGTGAGGTCTAACTG-1",1.60942658688918,"PMN(4)","10X_ntph_M"
"Male_NTPH_TCACTCGCACGATTCA-1",0.693141520353618,"PMN(4)","10X_ntph_M"
"Male_NTPH_CTCAGAAAGTGAGCCA-1",3.09103270951428,"PMN(2)","10X_ntph_M"
"Male_NTPH_ACATCCCCACTCAAGT-1",2.83322279487962,"PMN(1)","10X_ntph_M"
"Male_NTPH_GGGCTCATCTTAGCCC-1",3.29583934341538,"PMN(6)","10X_ntph_M"
"Male_NTPH_AATGAAGAGAAATTCG-1",3.09104140661211,"PMN(5)","10X_ntph_M"
"Male_NTPH_AAGCATCCAAATGCTC-1",2.4849069274048,"PMN(6)","10X_ntph_M"
"Male_NTPH_ACATTTCGTAGCGATG-1",2.89036268513134,"PMN(2)","10X_ntph_M"
"Male_NTPH_TTAATCCCAAGCACCC-1",3.258120047359,"PMN(0)","10X_ntph_M"
"Male_NTPH_CCCAACTCAGAGGAAA-1",2.70805828879945,"PMN(0)","10X_ntph_M"
"Male_NTPH_TCGTGGGTCTCGTCAC-1",1.38630220252408,"PMN(1)","10X_ntph_M"
"Male_NTPH_GATGATCGTTAGGGTG-1",2.39789697516328,"PMN(0)","10X_ntph_M"
"Male_NTPH_ATTCCTATCTAGTGTG-1",2.48490824176452,"PMN(2)","10X_ntph_M"
"Male_NTPH_CTCAGGGAGAGGCTGT-1",2.484913429969,"PMN(5)","10X_ntph_M"
"Male_NTPH_TTCAGGATCCACGAAT-1",3.04452678144342,"PMN(3)","10X_ntph_M"
"Male_NTPH_ACGATGTTCCAAATGC-1",3.43399501002945,"PMN(5)","10X_ntph_M"
"Male_NTPH_GCCGATGCATACAGGG-1",2.63905288393767,"PMN(2)","10X_ntph_M"
"Male_NTPH_GAACGTTGTATCCCAA-1",1.09862500383223,"PMN(5)","10X_ntph_M"
"Male_NTPH_AGAACCTAGGTGCATG-1",3.09102771943604,"PMN(3)","10X_ntph_M"
"Male_NTPH_TACGTCCCAAGCGAGT-1",2.99575053365872,"PMN(1)","10X_ntph_M"
"Male_NTPH_ACGGGTCTCTACCACC-1",1.94590932744987,"PMN(1)","10X_ntph_M"
"Male_NTPH_CCTCCTCCAGGACTTT-1",1.38629643178146,"PMN(3)","10X_ntph_M"
"Male_NTPH_TGCGGCACATCGAGCC-1",2.99573169196403,"PMN(3)","10X_ntph_M"
"Male_NTPH_GTTCCGTCAAATGATG-1",3.25808810750139,"PMN(2)","10X_ntph_M"
"Male_NTPH_TGGTAGTGTTTAGAGA-1",3.25809187314869,"PMN(0)","10X_ntph_M"
"Male_NTPH_CAGCGTGAGAATCGCG-1",2.77260388673007,"PMN(2)","10X_ntph_M"
"Male_NTPH_CATGCGGGTACGATCT-1",3.09106319297226,"PMN(2)","10X_ntph_M"
"Male_NTPH_CCCTAACTCTGTCCCA-1",-1.05674676492714e-05,"PMN(1)","10X_ntph_M"
"Male_NTPH_CGCGTGACATCCGTTC-1",2.99573582604194,"PMN(1)","10X_ntph_M"
"Male_NTPH_TGTGCGGCAGAAGTTA-1",1.60943253616734,"PMN(1)","10X_ntph_M"
"Male_NTPH_TCACATTTCCTCGATC-1",3.13549511909281,"PMN(0)","10X_ntph_M"
"Male_NTPH_CGCAGGTGTCCGTACG-1",1.60944139781695,"PMN(3)","10X_ntph_M"
"Male_NTPH_CAGATCAGTCATGACT-1",1.38628918592994,"PMN(1)","10X_ntph_M"
"Male_NTPH_CGTGAATGTTGCTGAT-1",3.09104532637134,"PMN(5)","10X_ntph_M"
"Male_NTPH_GGGCCATTCTGTGCAA-1",0.693163861309914,"PMN(1)","10X_ntph_M"
"Male_NTPH_GTGATGTAGCCGATTT-1",3.04451162835618,"PMN(1)","10X_ntph_M"
"Male_NTPH_CGATGGCTCTCATTTG-1",-3.97851104622374e-06,"PMN(4)","10X_ntph_M"
"Male_NTPH_CCTGTTGAGTTAGTGA-1",1.79176244131622,"PMN(2)","10X_ntph_M"
"Male_NTPH_TGTAACGCAGTTACCA-1",3.25810027231207,"PMN(0)","10X_ntph_M"
"Male_NTPH_CACCAAATCCATGATG-1",1.38629503696471,"PMN(1)","10X_ntph_M"
"Male_NTPH_CTGTAGAAGCACACAG-1",3.13549768226945,"PMN(5)","10X_ntph_M"
"Male_NTPH_ATTTACCTCAAAGGTA-1",1.60943626672037,"PMN(4)","10X_ntph_M"
"Male_NTPH_ATTTACCAGTGGCCTC-1",3.36729772981454,"PMN(2)","10X_ntph_M"
"Male_NTPH_CCTTCAGCAATGCAAA-1",-6.86986351389328e-07,"PMN(0)","10X_ntph_M"
"Male_NTPH_CGGGTGTAGAAGGCTC-1",2.77259788674186,"PMN(3)","10X_ntph_M"
"Male_NTPH_GTCTAGATCTGAACGT-1",3.25810364351763,"PMN(0)","10X_ntph_M"
"Male_NTPH_ATCGCCTGTCTTCCGT-1",2.19722438643936,"PMN(0)","10X_ntph_M"
"Male_NTPH_ACCATTTTCAAATAGG-1",2.30259822426278,"PMN(1)","10X_ntph_M"
"Male_NTPH_GCACATAGTCGCCTAG-1",2.99573397741555,"PMN(0)","10X_ntph_M"
"Male_NTPH_TGTTTGTAGCCGATCC-1",2.19723036550227,"PMN(5)","10X_ntph_M"
"Male_NTPH_ATTCAGGTCGCAGATT-1",3.29583914505308,"PMN(2)","10X_ntph_M"
"Male_NTPH_GTAAGTCCAGCGACAA-1",2.77258259764113,"PMN(0)","10X_ntph_M"
"Male_NTPH_TGGGAAGCAATATCCG-1",1.09861962896944,"PMN(0)","10X_ntph_M"
"Male_NTPH_AGTCAACGTATCGTTG-1",1.79174096420943,"PMN(4)","10X_ntph_M"
"Male_NTPH_GTCAGCGGTCTACAAC-1",0.693137495111548,"PMN(4)","10X_ntph_M"
"Male_NTPH_TCCTAATCATTGACAC-1",3.73767589454806,"PMN(3)","10X_ntph_M"
"Male_NTPH_TCCATCGAGCTCGTGC-1",3.09105485613461,"PMN(1)","10X_ntph_M"
"Male_NTPH_CTATCTATCCACGTCT-1",3.25808146899091,"PMN(0)","10X_ntph_M"
"Male_NTPH_CGCGTGACACTTTAGG-1",3.40120920763109,"PMN(0)","10X_ntph_M"
"Male_NTPH_CACTGGGTCGTTCTAT-1",1.3862810192343,"PMN(4)","10X_ntph_M"
"Male_NTPH_GGGAGTAGTACTTGTG-1",3.49650159826354,"PMN(0)","10X_ntph_M"
"Male_NTPH_AATAGAGGTCAGATTC-1",3.52634722969451,"PMN(0)","10X_ntph_M"
"Male_NTPH_AGACCCGAGTTGGAGC-1",3.66355982499546,"PMN(2)","10X_ntph_M"
"Male_NTPH_CTATCTACAGATAAAC-1",1.94591064044076,"PMN(1)","10X_ntph_M"
"Male_NTPH_AATAGAGGTCAGCTTA-1",2.07944566244415,"PMN(5)","10X_ntph_M"
"Male_NTPH_CCTCCAAAGTAGCATA-1",3.13548999239369,"PMN(2)","10X_ntph_M"
"Male_NTPH_TGTAACGGTATCGTTG-1",3.04452224118683,"PMN(2)","10X_ntph_M"
"Male_NTPH_TACTTGTTCTTCGTGC-1",2.56495238762579,"PMN(2)","10X_ntph_M"
"Male_NTPH_CCACGAGCACCAGACC-1",-9.72422343455087e-06,"PMN(0)","10X_ntph_M"
"Male_NTPH_ACCGTTCTCGCCGTGA-1",1.94590313750478,"PMN(3)","10X_ntph_M"
"Male_NTPH_TGCAGATCAGGTTTAC-1",1.79177325354706,"PMN(1)","10X_ntph_M"
"Male_NTPH_CATCAAGAGCTAGAAT-1",3.36726629861334,"PMN(1)","10X_ntph_M"
"Male_NTPH_GACTCTCAGCTGAGTG-1",2.30259465135968,"PMN(3)","10X_ntph_M"
"Male_NTPH_CAGGTATAGACCTGGA-1",2.77259932258213,"PMN(3)","10X_ntph_M"
"Male_NTPH_AACACACCATGATAGA-1",2.0794550512855,"PMN(1)","10X_ntph_M"
"Male_NTPH_AAAGAACAGCTCGAAG-1",3.7135680511469,"PMN(0)","10X_ntph_M"
"Male_NTPH_GTTGAACGTTCTGAGT-1",1.79176786909786,"PMN(1)","10X_ntph_M"
"Male_NTPH_GTCACTCTCACCGGGT-1",2.07944369607241,"PMN(1)","10X_ntph_M"
"Male_NTPH_TGTTCATCATGTGTCA-1",2.07943516190782,"PMN(0)","10X_ntph_M"
"Male_NTPH_CCGATCTGTGGCTACC-1",5.52847982050689e-06,"PMN(0)","10X_ntph_M"
"Male_NTPH_AATCGTGAGAGGTGCT-1",0.693150884068195,"PMN(1)","10X_ntph_M"
"Male_NTPH_GGTAATCAGGAACGTC-1",1.09860839843043,"PMN(0)","10X_ntph_M"
"Male_NTPH_CTGCGAGCACTTACAG-1",0.693142579631459,"PMN(3)","10X_ntph_M"
"Male_NTPH_ACCAACACAACCACGC-1",3.25809387915955,"PMN(2)","10X_ntph_M"
"Male_NTPH_TACAACGGTTCGGTTA-1",2.77259373665341,"PMN(3)","10X_ntph_M"
"Male_NTPH_TTTGTTGGTTTCGTGA-1",3.25809601449321,"PMN(0)","10X_ntph_M"
"Male_NTPH_TGACTCCCACCTCGTT-1",0.693133658846511,"PMN(4)","10X_ntph_M"
"Male_NTPH_CTTCCGATCCATACAG-1",3.29583995178963,"PMN(0)","10X_ntph_M"
"Male_NTPH_TGTGGCGCACTCAAGT-1",1.94590647909128,"PMN(0)","10X_ntph_M"
"Male_NTPH_GTAATGCGTGAGTGAC-1",3.46574351095229,"PMN(2)","10X_ntph_M"
"Male_NTPH_GGGATCCAGTCTCTGA-1",1.38628227333698,"PMN(3)","10X_ntph_M"
"Male_NTPH_CCACGTTTCTAGGAAA-1",3.29581778043701,"PMN(6)","10X_ntph_M"
"Male_NTPH_ACCTGTCTCATTGCGA-1",1.94590517156145,"PMN(2)","10X_ntph_M"
"Male_NTPH_CGAATTGAGTCGAAGC-1",3.46572953235462,"PMN(4)","10X_ntph_M"
"Male_NTPH_TTTCATGAGATGCTAA-1",3.68888621643326,"PMN(0)","10X_ntph_M"
"Male_NTPH_AAGATAGCAGTTGTTG-1",3.36727713587617,"PMN(3)","10X_ntph_M"
"Male_NTPH_GTCACGGAGCCGTTGC-1",1.79174878370319,"PMN(4)","10X_ntph_M"
"Male_NTPH_GACTTCCTCCGGGACT-1",2.48490538973384,"PMN(5)","10X_ntph_M"
"Male_NTPH_GAGTTTGCAGTAGATA-1",3.04451507487924,"PMN(2)","10X_ntph_M"
"Male_NTPH_GGGACTCAGAACAAGG-1",2.30258318057595,"PMN(2)","10X_ntph_M"
"Male_NTPH_CCTAAGACAGCGTTTA-1",2.48489466678537,"PMN(1)","10X_ntph_M"
"Male_NTPH_CGAATTGGTTTGTTCT-1",3.13548597338296,"PMN(2)","10X_ntph_M"
"Male_NTPH_AGAGAGCCAAGTCCAT-1",3.21886662954149,"PMN(0)","10X_ntph_M"
"Male_NTPH_AGCTCAATCCTTGAAG-1",0.693129741876508,"PMN(0)","10X_ntph_M"
"Male_NTPH_GACCCAGGTAATTAGG-1",0.693151010934188,"PMN(4)","10X_ntph_M"
"Male_NTPH_CTCTGGTCAGCGAGTA-1",1.09860687797388,"PMN(1)","10X_ntph_M"
"Male_NTPH_GCTGCAGAGATTGATG-1",0.693141621148967,"PMN(4)","10X_ntph_M"
"Male_NTPH_TTGGATGGTTACCGTA-1",3.17806491993326,"PMN(6)","10X_ntph_M"
"Male_NTPH_AAGATAGTCACCTACC-1",2.83322002149216,"PMN(5)","10X_ntph_M"
"Male_NTPH_CCTCACATCCTGGTCT-1",2.07943460488947,"PMN(1)","10X_ntph_M"
"Male_NTPH_TGAATGCGTCTAACTG-1",3.04453123765147,"PMN(3)","10X_ntph_M"
"Male_NTPH_CCCAACTTCTACAGGT-1",3.49650377173291,"PMN(0)","10X_ntph_M"
"Male_NTPH_TCGTAGAAGCCTTGAT-1",2.83320903156989,"PMN(3)","10X_ntph_M"
"Male_NTPH_TATCGCCGTGAGCGAT-1",1.79176113367505,"PMN(3)","10X_ntph_M"
"Male_NTPH_AGGCATTTCTCGTTTA-1",3.25809794321753,"PMN(2)","10X_ntph_M"
"Male_NTPH_CACGTTCAGAAGCTGC-1",0.693146105097219,"PMN(4)","10X_ntph_M"
"Male_NTPH_GAGCTGCTCATTACGG-1",3.43398468460905,"PMN(0)","10X_ntph_M"
"Male_NTPH_GACCTTCCAATTCTTC-1",4.0002038444736e-06,"PMN(4)","10X_ntph_M"
"Male_NTPH_CTGGCAGAGGTACAAT-1",1.38630430282219,"PMN(1)","10X_ntph_M"
"Male_NTPH_TTTCATGGTTTGACAC-1",1.6094339736982,"PMN(4)","10X_ntph_M"
"Male_NTPH_AAACCCAAGGATTCAA-1",1.45176227538026e-05,"PMN(7)","10X_ntph_M"
"Male_NTPH_AGCCACGGTTACGTAC-1",2.83320499408492,"PMN(5)","10X_ntph_M"
"Male_NTPH_CAGCAGCTCAGTGATC-1",2.30260510756558,"PMN(1)","10X_ntph_M"
"Male_NTPH_TTGGGCGAGTTGTAGA-1",2.30259329592429,"PMN(3)","10X_ntph_M"
"Male_NTPH_TTGCCTGAGATAGGGA-1",3.13549060067557,"PMN(0)","10X_ntph_M"
"Male_NTPH_CACAGGCCAATCGAAA-1",1.09859103214991,"PMN(1)","10X_ntph_M"
"Male_NTPH_TAGGTTGTCCGAGGCT-1",2.19722059684175,"PMN(3)","10X_ntph_M"
"Male_NTPH_TAATCTCTCTGCAGCG-1",0.693143704580713,"PMN(4)","10X_ntph_M"
"Male_NTPH_AATGGCTCAACTGCTA-1",1.44495230883333e-05,"PMN(1)","10X_ntph_M"
"Male_NTPH_CAACCTCCATGTCAGT-1",0.693150942920684,"PMN(1)","10X_ntph_M"
"Male_NTPH_TTGTTCAGTCTTCAAG-1",2.39787706164305,"PMN(5)","10X_ntph_M"
"Male_NTPH_TCATGCCGTGTCCACG-1",2.56495208433425,"PMN(2)","10X_ntph_M"
"Male_NTPH_GGAGGATTCTTTGCAT-1",3.25808710994414,"PMN(0)","10X_ntph_M"
"Male_NTPH_AGCCAATGTATCCTCC-1",1.60942090350308,"PMN(5)","10X_ntph_M"
"Male_NTPH_ACTTTGTGTTGACTGT-1",2.56495854782917,"PMN(2)","10X_ntph_M"
"Male_NTPH_GGGTTATGTGTGAATA-1",2.99573829061115,"PMN(2)","10X_ntph_M"
"Male_NTPH_ATGAGTCCAATTCACG-1",3.63758215949914,"PMN(0)","10X_ntph_M"
"Male_NTPH_TCGCTTGGTGCCGGTT-1",1.3863087358367,"PMN(4)","10X_ntph_M"
"Male_NTPH_CTATCTATCCTGTACC-1",-3.12205370263461e-06,"PMN(7)","10X_ntph_M"
"Male_NTPH_CACAGATAGCAGCCTC-1",1.60942105859015,"PMN(5)","10X_ntph_M"
"Male_NTPH_GAGACCCAGATGCTGG-1",2.56495846698245,"PMN(5)","10X_ntph_M"
"Male_NTPH_GACTATGAGCCTTCTC-1",-6.75000828576545e-06,"PMN(7)","10X_ntph_M"
"Male_NTPH_TACGGTATCCTGTACC-1",2.48490802290367,"PMN(1)","10X_ntph_M"
"Male_NTPH_AGAAATGCAACTACGT-1",1.60942868001613,"PMN(1)","10X_ntph_M"
"Male_NTPH_CTCCGATAGGCCGCTT-1",2.9957192289565,"PMN(3)","10X_ntph_M"
"Male_NTPH_CAACAACCATCAACCA-1",2.3025895073203,"PMN(1)","10X_ntph_M"
"Male_NTPH_TGTGATGTCGTCCTCA-1",3.04451345085312,"PMN(0)","10X_ntph_M"
"Male_NTPH_CCTAAGACAAGAGCTG-1",3.17804841462695,"PMN(2)","10X_ntph_M"
"Male_NTPH_CCCATTGGTTCTCGTC-1",2.99573951437302,"PMN(1)","10X_ntph_M"
"Male_NTPH_GACATCAGTGCTGCAC-1",2.56492373367327,"PMN(2)","10X_ntph_M"
"Male_NTPH_GCCATGGCACGCTGCA-1",3.04451306554668,"PMN(0)","10X_ntph_M"
"Male_NTPH_TGAGTCAAGAGATTCA-1",0.693162476166428,"PMN(4)","10X_ntph_M"
"Male_NTPH_AGCGCTGAGCCGGATA-1",2.19722452347484,"PMN(1)","10X_ntph_M"
"Male_NTPH_CTAGACATCAAGTAAG-1",2.19720774549932,"PMN(1)","10X_ntph_M"
"Male_NTPH_ACTTCCGAGCGCACAA-1",1.38629386693209,"PMN(3)","10X_ntph_M"
"Male_NTPH_ATGAGGGAGGTTCTAC-1",0.693147635491035,"PMN(4)","10X_ntph_M"
"Male_NTPH_CAACGATGTGACTGTT-1",2.39788751409554,"PMN(2)","10X_ntph_M"
"Male_NTPH_GAAGCCCAGTAAGGGA-1",3.09103559997725,"PMN(0)","10X_ntph_M"
"Male_NTPH_TGTTGGAGTGAACGGT-1",2.70804981085387,"PMN(1)","10X_ntph_M"
"Male_NTPH_AAAGGATAGCAGCACA-1",1.09862068609681,"PMN(4)","10X_ntph_M"
"Male_NTPH_CATGGATGTCGCATGC-1",1.94590173497514,"PMN(1)","10X_ntph_M"
"Male_NTPH_CGGGACTAGTGGCAGT-1",2.70805736338497,"PMN(2)","10X_ntph_M"
"Male_NTPH_GCAACCGTCTCGCGTT-1",3.52634184995963,"PMN(2)","10X_ntph_M"
"Male_NTPH_TTCTGTAGTGAGACCA-1",2.19724448590342,"PMN(2)","10X_ntph_M"
"Male_NTPH_GGAGGATAGAGCCTGA-1",0.693154891424904,"PMN(1)","10X_ntph_M"
"Male_NTPH_CTGGCAGCAGAGTGTG-1",3.43398097850407,"PMN(2)","10X_ntph_M"
"Male_NTPH_TACAGGTCAGTCCCGA-1",1.38629332517439,"PMN(0)","10X_ntph_M"
"Male_NTPH_CGGAACCTCTGGCCTT-1",2.63904500423205,"PMN(3)","10X_ntph_M"
"Male_NTPH_CAATGACGTGTAGGAC-1",-9.32907862773239e-06,"PMN(7)","10X_ntph_M"
"Male_NTPH_TGTTCTAGTCCCGGTA-1",2.77259169742493,"PMN(4)","10X_ntph_M"
"Male_NTPH_CTCCTTTGTTGTGTTG-1",1.94588950379571,"PMN(1)","10X_ntph_M"
"Male_NTPH_TCTAACTTCAGCGCGT-1",3.33221128266743,"PMN(2)","10X_ntph_M"
"Male_NTPH_AAACGAAGTGAGCGAT-1",2.1972329411668,"PMN(3)","10X_ntph_M"
"Male_NTPH_TGGATGTGTGGAACAC-1",3.36729705242524,"PMN(1)","10X_ntph_M"
"Male_NTPH_AACAAAGGTCTTACAG-1",1.38628647862352,"PMN(1)","10X_ntph_M"
"Male_NTPH_CCTCTCCTCAGCAATC-1",3.29584320237449,"PMN(1)","10X_ntph_M"
"Male_NTPH_CCTCAACAGGCCTGCT-1",3.13549218299417,"PMN(2)","10X_ntph_M"
"Male_NTPH_TCTATCATCGACACCG-1",3.49652531921661,"PMN(0)","10X_ntph_M"
"Male_NTPH_TCAGCCTAGACTCAAA-1",2.70805523464371,"PMN(2)","10X_ntph_M"
"Male_NTPH_TTTCATGTCCCATAGA-1",2.07946014113677,"PMN(3)","10X_ntph_M"
"Male_NTPH_TCTGCCATCTGTCGTC-1",3.17804773541749,"PMN(3)","10X_ntph_M"
"Male_NTPH_TTCACCGTCGCAGAGA-1",2.89038328844939,"PMN(0)","10X_ntph_M"
"Male_NTPH_GAGTCTATCGTTCCTG-1",1.09862198215968,"PMN(6)","10X_ntph_M"
"Male_NTPH_GTAACCAGTATCACCA-1",0.693153553591516,"PMN(4)","10X_ntph_M"
"Male_NTPH_TCATGTTCATAAGCGG-1",2.30260281467097,"PMN(2)","10X_ntph_M"
"Male_NTPH_GCTTCACGTTCAAGTC-1",0.693158963665591,"PMN(4)","10X_ntph_M"
"Male_NTPH_CGCATGGTCTCGAGTA-1",0.693158187586307,"PMN(4)","10X_ntph_M"
"Male_NTPH_GGGAAGTAGATGACCG-1",0.693160950040704,"PMN(4)","10X_ntph_M"
"Male_NTPH_CTGCCATTCCATTGGA-1",2.48489947713427,"PMN(3)","10X_ntph_M"
"Male_NTPH_CCACAAAGTGGAGAAA-1",1.79176635435543,"PMN(1)","10X_ntph_M"
"Male_NTPH_CGAGGCTGTCCAATCA-1",2.99574495456856,"PMN(2)","10X_ntph_M"
"Male_NTPH_ACCAACAGTCTTCATT-1",3.2580778171337,"PMN(6)","10X_ntph_M"
"Male_NTPH_GAGCTGCGTGGTACAG-1",2.07945402250932,"PMN(1)","10X_ntph_M"
"Male_NTPH_AAGATAGGTGTCATGT-1",2.30257431998995,"PMN(3)","10X_ntph_M"
"Male_NTPH_GTAATGCTCTGCAGCG-1",0.693132438864279,"PMN(0)","10X_ntph_M"
"Male_NTPH_CGTTGGGTCAGACCCG-1",1.60943688482157,"PMN(3)","10X_ntph_M"
"Male_NTPH_CGGGTGTTCGTAGGAG-1",3.43397005582367,"PMN(2)","10X_ntph_M"
"Male_NTPH_TGGTTAGGTTAACCTG-1",3.33219676615883,"PMN(2)","10X_ntph_M"
"Male_NTPH_TAACACGCAGGGTTGA-1",2.30259356853372,"PMN(1)","10X_ntph_M"
"Male_NTPH_AAGAACAGTTCCGCAG-1",8.32352366570336e-07,"PMN(6)","10X_ntph_M"
"Male_NTPH_CTATCCGGTCGTTATG-1",1.38630721196958,"PMN(1)","10X_ntph_M"
"Male_NTPH_GACTATGCAACATCGT-1",2.30258785344323,"PMN(0)","10X_ntph_M"
"Male_NTPH_CCTCATGTCTTGGGCG-1",1.38627724969244,"PMN(4)","10X_ntph_M"
"Male_NTPH_CATGCGGTCACCGCTT-1",1.09860079316789,"PMN(1)","10X_ntph_M"
"Male_NTPH_GGTAGAGAGCGAGGAG-1",1.38629595898309,"PMN(1)","10X_ntph_M"
"Male_NTPH_TTCGGTCCATTGCTGA-1",3.55534378936254,"PMN(2)","10X_ntph_M"
"Male_NTPH_TGTTCTACAGAGTTGG-1",3.58352800847815,"PMN(0)","10X_ntph_M"
"Male_NTPH_GTGAGTTGTAACTGCT-1",3.09104396234794,"PMN(2)","10X_ntph_M"
"Male_NTPH_TGTGAGTAGTATGACA-1",3.21886472959557,"PMN(3)","10X_ntph_M"
"Male_NTPH_CAGCACGCAGGACAGT-1",1.38628887303258,"PMN(1)","10X_ntph_M"
"Male_NTPH_CCCTCAAGTTTCGTGA-1",2.77259891012433,"PMN(2)","10X_ntph_M"
"Male_NTPH_AAGATAGAGATCGACG-1",3.2188663707474,"PMN(2)","10X_ntph_M"
"Male_NTPH_CATAAGCGTTAAGGGC-1",-1.50031585307676e-05,"PMN(0)","10X_ntph_M"
"Male_NTPH_GAGACTTAGTTAACAG-1",1.09861794030874,"PMN(3)","10X_ntph_M"
"Male_NTPH_CCTCTCCGTTTGCCGG-1",0.693149007947625,"PMN(4)","10X_ntph_M"
"Male_NTPH_AGGGTTTAGGTTGTTC-1",2.77258075495896,"PMN(2)","10X_ntph_M"
"Male_NTPH_CCCTCAATCGTTCTAT-1",0.693146718695095,"PMN(4)","10X_ntph_M"
"Male_NTPH_ACCTGTCAGCTGCCTG-1",2.56495089372899,"PMN(1)","10X_ntph_M"
"Male_NTPH_CAGATCACAGATACCT-1",3.36728816374233,"PMN(2)","10X_ntph_M"
"Male_NTPH_ATCACTTGTTTAGACC-1",3.64753332338701e-06,"PMN(0)","10X_ntph_M"
"Male_NTPH_GCTGGGTAGTTCCATG-1",3.46572896761003,"PMN(2)","10X_ntph_M"
"Male_NTPH_GACCGTGGTTTAGAGA-1",0.693143748998425,"PMN(4)","10X_ntph_M"
"Male_NTPH_TCTCACGAGTCTGTAC-1",3.46574333129311,"PMN(2)","10X_ntph_M"
"Male_NTPH_ATGAGGGGTACAGAAT-1",1.38629150574281,"PMN(7)","10X_ntph_M"
"Male_NTPH_ACATTTCTCCTTATCA-1",0.693130481723188,"PMN(4)","10X_ntph_M"
"Male_NTPH_TCGTAGACAGAGAAAG-1",1.60943526853369,"PMN(1)","10X_ntph_M"
"Male_NTPH_GAATCACAGCGAGAAA-1",3.49649056192252,"PMN(2)","10X_ntph_M"
"Male_NTPH_CCAATGAGTTCAGGTT-1",1.38628909279175,"PMN(1)","10X_ntph_M"
"Male_NTPH_GACCCTTTCGCTCTAC-1",2.8903653877382,"PMN(3)","10X_ntph_M"
"Male_NTPH_CATACAGGTAGCTTAC-1",3.29586861120217,"PMN(5)","10X_ntph_M"
"Male_NTPH_CATCGTCCAAACACGG-1",1.94591506111121,"PMN(1)","10X_ntph_M"
"Male_NTPH_CGAAGTTGTGGCTACC-1",2.89037617805775,"PMN(2)","10X_ntph_M"
"Male_NTPH_TCTGCCACAAGCACAG-1",0.693149182541778,"PMN(4)","10X_ntph_M"
"Male_NTPH_TCCTCGACATCGATAC-1",0.693141888607826,"PMN(1)","10X_ntph_M"
"Male_NTPH_TCCGGGAAGGTGCCAA-1",3.1780270586594,"PMN(2)","10X_ntph_M"
"Male_NTPH_AGGAATACAGCGATTT-1",3.36731395710579,"PMN(0)","10X_ntph_M"
"Male_NTPH_TCCTCTTCAACGCATT-1",1.94590498655145,"PMN(2)","10X_ntph_M"
"Male_NTPH_CTCGAGGAGGATCATA-1",2.9444303587483,"PMN(0)","10X_ntph_M"
"Male_NTPH_AAACCCAGTAGTCACT-1",2.83320704436652,"PMN(2)","10X_ntph_M"
"Male_NTPH_AGAAGCGGTTATTCTC-1",2.19723532696084,"PMN(2)","10X_ntph_M"
"Male_NTPH_TCAAGCACAGGGTCTC-1",2.19723203423476,"PMN(3)","10X_ntph_M"
"Male_NTPH_TCTCAGCTCGTTAGTG-1",1.38630757697793,"PMN(4)","10X_ntph_M"
"Male_NTPH_ATTCATCAGATCCCGC-1",1.09861508335952,"PMN(1)","10X_ntph_M"
"Male_NTPH_AGTTCCCAGAGCATTA-1",2.19722342727376,"PMN(2)","10X_ntph_M"
"Male_NTPH_TTGACCCCACAATGCT-1",3.4965050591206,"PMN(6)","10X_ntph_M"
"Male_NTPH_TCGACCTTCCGCAGTG-1",2.99571670181099,"PMN(5)","10X_ntph_M"
"Male_NTPH_TCCAGAACACCTCTAC-1",2.94444157512109,"PMN(1)","10X_ntph_M"
"Male_NTPH_CCTCCAATCGTCAAAC-1",1.94590677531154,"PMN(2)","10X_ntph_M"
"Male_NTPH_TGGAGGACAGCTGTGC-1",1.6094340827824,"PMN(1)","10X_ntph_M"
"Male_NTPH_TGTTGAGAGGTCCAGA-1",1.79176999615066,"PMN(4)","10X_ntph_M"
"Male_NTPH_AGACCCGCAGGCAATG-1",0.693159292694681,"PMN(4)","10X_ntph_M"
"Male_NTPH_GTTACGACAATCAAGA-1",2.45369487222183e-05,"PMN(3)","10X_ntph_M"
"Male_NTPH_TAGATCGAGCGATGGT-1",1.09861693794148,"PMN(1)","10X_ntph_M"
"Male_NTPH_AGGAATAGTCCGGTGT-1",1.94590920055723,"PMN(1)","10X_ntph_M"
"Male_NTPH_TTCCACGCATCCTATT-1",0.693138097245204,"PMN(4)","10X_ntph_M"
"Male_NTPH_TAGGTACGTCTACACA-1",-3.33366032934899e-07,"PMN(7)","10X_ntph_M"
"Male_NTPH_TACAGGTCAGGCATTT-1",1.72059724640604e-05,"PMN(0)","10X_ntph_M"
"Male_NTPH_AGAGAATAGATGCAGC-1",-2.36251623660883e-06,"PMN(4)","10X_ntph_M"
"Male_NTPH_GGTGTTAGTTAGAGTA-1",2.9957493605404,"PMN(6)","10X_ntph_M"
"Male_NTPH_TGGTAGTCAAATTGCC-1",1.3862921335519,"PMN(1)","10X_ntph_M"
"Male_NTPH_CCGTAGGGTATGTGTC-1",1.94591225235714,"PMN(1)","10X_ntph_M"
"Male_NTPH_GACCCTTCATCTAGAC-1",2.07946635088367,"PMN(1)","10X_ntph_M"
"Male_NTPH_GGGTTATTCACGGTCG-1",2.07944181332826,"PMN(0)","10X_ntph_M"
"Male_NTPH_TCCGTGTCATCTAACG-1",3.40118285461042,"PMN(0)","10X_ntph_M"
"Male_NTPH_ACTTCGCCAGGGATAC-1",3.46572916637165,"PMN(0)","10X_ntph_M"
"Male_NTPH_TGGATCACAGACCTAT-1",2.19721400817287,"PMN(5)","10X_ntph_M"
"Male_NTPH_CCCGAAGTCTGCATAG-1",2.48490754815649,"PMN(5)","10X_ntph_M"
"Male_NTPH_ATGAGGGTCGGCTATA-1",3.04451671482839,"PMN(2)","10X_ntph_M"
"Male_NTPH_CCGCAAGAGATACCAA-1",1.0986160690625,"PMN(4)","10X_ntph_M"
"Male_NTPH_CAGGGCTAGTCCTACA-1",1.60945415064923,"PMN(4)","10X_ntph_M"
"Male_NTPH_CCCATTGCAAGTCCCG-1",1.38628459818427,"PMN(1)","10X_ntph_M"
"Male_NTPH_ATGCGATTCACAAGGG-1",3.04451235397845,"PMN(2)","10X_ntph_M"
"Male_NTPH_CCTCCAATCCGGACGT-1",0.693144616564822,"PMN(1)","10X_ntph_M"
"Male_NTPH_ACTGATGGTATGGTAA-1",3.09105128152572,"PMN(2)","10X_ntph_M"
"Male_NTPH_CTAAGTGGTTAGAAAC-1",2.39789903306961,"PMN(1)","10X_ntph_M"
"Male_NTPH_TTCGGTCCAGCTTTGA-1",3.04452348223231,"PMN(6)","10X_ntph_M"
"Male_NTPH_TCGCTTGTCAATCCAG-1",2.07945725917411,"PMN(1)","10X_ntph_M"
"Male_NTPH_TGATCAGCATTGAAGA-1",0.693144494149963,"PMN(5)","10X_ntph_M"
"Male_NTPH_AAGGAATTCGTTGTAG-1",0.693165665778806,"PMN(0)","10X_ntph_M"
"Male_NTPH_TTTCAGTCACAAGGTG-1",3.66354654016494,"PMN(5)","10X_ntph_M"
"Male_NTPH_CGGTCAGAGACTACCT-1",1.79176227984034,"PMN(1)","10X_ntph_M"
"Male_NTPH_TCATTGTCACTTTATC-1",1.94591919198997,"PMN(3)","10X_ntph_M"
"Male_NTPH_GCAGGCTGTGAGAACC-1",3.33221589674948,"PMN(0)","10X_ntph_M"
"Male_NTPH_TTAGGCAGTCTTAGTG-1",2.19721005395478,"PMN(2)","10X_ntph_M"
"Male_NTPH_TGTGGCGGTCGGTACC-1",2.77258245870657,"PMN(2)","10X_ntph_M"
"Male_NTPH_CTGTATTAGACCAAGC-1",2.56493003670578,"PMN(3)","10X_ntph_M"
"Male_NTPH_TGTGAGTCACTGCATA-1",3.29583447538843,"PMN(5)","10X_ntph_M"
"Male_NTPH_TATCCTAGTGAATGAT-1",3.36729082727147,"PMN(5)","10X_ntph_M"
"Male_NTPH_TTCGATTAGCCTATCA-1",1.38630423583719,"PMN(5)","10X_ntph_M"
"Male_NTPH_GATCGTAGTCTTGGTA-1",1.38629851533216,"PMN(1)","10X_ntph_M"
"Male_NTPH_AATGACCCACAGTACT-1",2.89036879673297,"PMN(2)","10X_ntph_M"
"Male_NTPH_AGGTAGGGTTGCATCA-1",3.17806745256534,"PMN(2)","10X_ntph_M"
"Male_NTPH_GGTAGAGCAGGCATTT-1",1.9459087060907,"PMN(1)","10X_ntph_M"
"Male_NTPH_GGGACAAGTCTTACAG-1",3.29585002328308,"PMN(2)","10X_ntph_M"
"Male_NTPH_GAATCGTTCAGTGTCA-1",6.66610766445117e-06,"PMN(0)","10X_ntph_M"
"Male_NTPH_CAGCGTGAGTACTGTC-1",3.29584347964209,"PMN(0)","10X_ntph_M"
"Male_NTPH_GTCAGCGCACCCTTAC-1",3.68888852131766,"PMN(0)","10X_ntph_M"
"Male_NTPH_CCTCTCCCAGACTGCC-1",2.94443277317185,"PMN(2)","10X_ntph_M"
"Male_NTPH_GATAGCTGTTGCATGT-1",3.46572178703686,"PMN(3)","10X_ntph_M"
"Male_NTPH_GTGTGGCAGATAGCTA-1",0.693155283002814,"PMN(4)","10X_ntph_M"
"Male_NTPH_GGCTTTCAGGACTGGT-1",2.63904431963523,"PMN(1)","10X_ntph_M"
"Male_NTPH_GTGGCGTAGACTTCCA-1",1.9459011129373,"PMN(1)","10X_ntph_M"
"Male_NTPH_CAAGGGATCTCAACGA-1",3.33220232274056,"PMN(0)","10X_ntph_M"
"Male_NTPH_TCTTAGTAGTAGGCCA-1",3.49651320734645,"PMN(5)","10X_ntph_M"
"Male_NTPH_GAAGGACTCCCATTTA-1",3.17805992291186,"PMN(3)","10X_ntph_M"
"Male_NTPH_CGAGTTAGTTCCAAAC-1",2.30256673278536,"PMN(3)","10X_ntph_M"
"Male_NTPH_TCGTGGGTCGACGTCG-1",2.99573471502009,"PMN(3)","10X_ntph_M"
"Male_NTPH_CATGCAACATGGAAGC-1",3.43396949086681,"PMN(5)","10X_ntph_M"
"Male_NTPH_TTAGGGTGTGCGAGTA-1",1.94593265515801,"PMN(2)","10X_ntph_M"
"Male_NTPH_CAAGGGAAGTGCTAGG-1",3.71356263661577,"PMN(2)","10X_ntph_M"
"Male_NTPH_ACTATCTGTCTGTCCT-1",2.99574914244855,"PMN(0)","10X_ntph_M"
"Male_NTPH_TATCGCCAGTCGTTAC-1",2.94443559104718,"PMN(2)","10X_ntph_M"
"Male_NTPH_TGTGGCGGTCATCCCT-1",3.17806003748386,"PMN(6)","10X_ntph_M"
"Male_NTPH_ATTGGGTGTTCTATCT-1",1.38628633390902,"PMN(1)","10X_ntph_M"
"Male_NTPH_GAGACCCTCAAGAATG-1",1.09861345460694,"PMN(4)","10X_ntph_M"
"Male_NTPH_CCTTTGGAGCACCGTC-1",2.39790135347229,"PMN(1)","10X_ntph_M"
"Male_NTPH_GTGATGTAGACAGCTG-1",3.29585214542268,"PMN(0)","10X_ntph_M"
"Male_NTPH_TTTGTTGTCCCTCTCC-1",2.89036548713623,"PMN(2)","10X_ntph_M"
"Male_NTPH_GTAGGTTGTGCAACGA-1",3.04450679505596,"PMN(2)","10X_ntph_M"
"Male_NTPH_CGAGTTAGTCGGTAAG-1",2.995720017734,"PMN(3)","10X_ntph_M"
"Male_NTPH_ATGCCTCTCCAATCTT-1",3.40119864133381,"PMN(0)","10X_ntph_M"
"Male_NTPH_ATGACCAAGGTCACCC-1",1.79176206253627,"PMN(1)","10X_ntph_M"
"Male_NTPH_CCTCCTCAGTCCGCGT-1",-2.75286508832528e-06,"PMN(7)","10X_ntph_M"
"Male_NTPH_AGCGATTCAATGACCT-1",1.38629485879205,"PMN(5)","10X_ntph_M"
"Male_NTPH_TGGGTTATCGGCACTG-1",1.09860918169086,"PMN(1)","10X_ntph_M"
"Male_NTPH_AGACAAATCGGTTAGT-1",3.367291615632,"PMN(5)","10X_ntph_M"
"Male_NTPH_TCCCATGAGGTAACTA-1",3.49653002354443,"PMN(2)","10X_ntph_M"
"Male_NTPH_GACTCAAAGCCTATCA-1",3.04452330429715,"PMN(6)","10X_ntph_M"
"Male_NTPH_CGAAGTTAGATACAGT-1",2.48491888492675,"PMN(3)","10X_ntph_M"
"Male_NTPH_CGAAGTTTCTCAGGCG-1",1.6094640947623,"PMN(1)","10X_ntph_M"
"Male_NTPH_TTCCTCTTCTTGAACG-1",1.60942465862433,"PMN(5)","10X_ntph_M"
"Male_NTPH_GTGGAAGGTCTGTCCT-1",1.94590877146709,"PMN(4)","10X_ntph_M"
"Male_NTPH_GGCAGTCTCTGTCCGT-1",-2.66898450538929e-08,"PMN(7)","10X_ntph_M"
"Male_NTPH_GTTAGACAGAACGTGC-1",1.94592220814982,"PMN(4)","10X_ntph_M"
"Male_NTPH_ATGGGAGTCGCTCTAC-1",1.09860900417735,"PMN(1)","10X_ntph_M"
"Male_NTPH_CATTCTAAGATCCCAT-1",2.89037490075184,"PMN(3)","10X_ntph_M"
"Male_NTPH_TCATATCGTAGCCCTG-1",1.60943972708664,"PMN(1)","10X_ntph_M"
"Male_NTPH_ATACTTCTCCTGGGAC-1",2.89037550573708,"PMN(0)","10X_ntph_M"
"Male_NTPH_TGGTAGTAGGTCCCGT-1",-6.42525197682587e-06,"PMN(7)","10X_ntph_M"
"Male_NTPH_GACACGCGTGTCATGT-1",0.693172935093132,"PMN(4)","10X_ntph_M"
"Male_NTPH_TCCGATCGTCTTGCTC-1",2.30257368608892,"PMN(1)","10X_ntph_M"
"Male_NTPH_GGGACTCTCTCCCAAC-1",3.09103935588709,"PMN(5)","10X_ntph_M"
"Male_NTPH_AGCCAATGTTGGTACT-1",3.40120154409263,"PMN(1)","10X_ntph_M"
"Male_NTPH_CATAAGCCACCAGTAT-1",2.83321765936192,"PMN(2)","10X_ntph_M"
"Male_NTPH_CCCGAAGCAGTCGAGA-1",1.60942622106504,"PMN(1)","10X_ntph_M"
"Male_NTPH_TTTCATGGTGGCCCAT-1",2.48490514806409,"PMN(1)","10X_ntph_M"
"Male_NTPH_GACTCAAGTCTTGCTC-1",2.7725747310186,"PMN(1)","10X_ntph_M"
"Male_NTPH_TCGCACTTCTACCTTA-1",1.79176864262019,"PMN(3)","10X_ntph_M"
"Male_NTPH_TCGGATACATTCTGTT-1",0.693137984304489,"PMN(4)","10X_ntph_M"
"Male_NTPH_GCCGATGCAAATAAGC-1",1.09860102673249,"PMN(5)","10X_ntph_M"
"Male_NTPH_TCTACCGTCCCTGTTG-1",-5.83503886139956e-08,"PMN(0)","10X_ntph_M"
"Male_NTPH_TATTGGGAGGGCAGAG-1",1.09859972733829,"PMN(4)","10X_ntph_M"
"Male_NTPH_TGGGCTGCACATATGC-1",2.83321547197096,"PMN(5)","10X_ntph_M"
"Male_NTPH_TGAGTCAGTTGTATGC-1",3.66355608993335,"PMN(2)","10X_ntph_M"
"Male_NTPH_CAGTTCCGTCGGTGAA-1",1.386288078019,"PMN(2)","10X_ntph_M"
"Male_NTPH_TCCTCTTCAATTGCGT-1",2.94442302915191,"PMN(2)","10X_ntph_M"
"Male_NTPH_GACTATGGTGGAGGTT-1",3.49648279696153,"PMN(2)","10X_ntph_M"
"Male_NTPH_TCGATTTAGGTAGTAT-1",3.09105355631243,"PMN(2)","10X_ntph_M"
"Male_NTPH_GGTCTGGCATATGAAG-1",3.43400480966109,"PMN(5)","10X_ntph_M"
"Male_NTPH_GTGCGTGAGCGTATGG-1",1.25649974649894e-05,"PMN(0)","10X_ntph_M"
"Male_NTPH_AGAAGTACAGTCGGTC-1",2.56494854212256,"PMN(0)","10X_ntph_M"
"Male_NTPH_TTACCATCAGGCAATG-1",1.47271584663551e-06,"PMN(0)","10X_ntph_M"
"Male_NTPH_ACGTTCCTCTTACCGC-1",2.94444252514204,"PMN(1)","10X_ntph_M"
"Male_NTPH_GGGACAAAGCGGGTTA-1",2.48490327837697,"PMN(0)","10X_ntph_M"
"Male_NTPH_CATCAAGGTCGCACAC-1",1.60944283897362,"PMN(5)","10X_ntph_M"
"Male_NTPH_CAGCGTGCAACGTAAA-1",2.56495765612947,"PMN(1)","10X_ntph_M"
"Male_NTPH_TGGATGTAGATCCTAC-1",3.43399668060054,"PMN(0)","10X_ntph_M"
"Male_NTPH_CACATGAAGGATACAT-1",2.6390689839036,"PMN(2)","10X_ntph_M"
"Male_NTPH_CGTAAGTCATCGAACT-1",3.21887161320454,"PMN(3)","10X_ntph_M"
"Male_NTPH_ATACCTTTCCATACAG-1",3.34602756436989e-06,"PMN(1)","10X_ntph_M"
"Male_NTPH_GCAGCCAAGAGCATCG-1",2.3025840307675,"PMN(2)","10X_ntph_M"
"Male_NTPH_TACTTGTAGGATACCG-1",3.25808366715662,"PMN(2)","10X_ntph_M"
"Male_NTPH_TGCCGAGTCTCATTTG-1",3.25808745742288,"PMN(2)","10X_ntph_M"
"Male_NTPH_GAATAGACAGACCAGA-1",2.30258225363656,"PMN(1)","10X_ntph_M"
"Male_NTPH_TTACCGCCATGAGTAA-1",1.09861495459269,"PMN(1)","10X_ntph_M"
"Male_NTPH_CTCCGATGTTAGCGGA-1",3.36730807317956,"PMN(2)","10X_ntph_M"
"Male_NTPH_TCGACCTTCGAGAACG-1",0.693155395815214,"PMN(1)","10X_ntph_M"
"Male_NTPH_TCCGATCAGCGTATGG-1",2.83320086638829,"PMN(1)","10X_ntph_M"
"Male_NTPH_GAATCACGTGCCTATA-1",3.43399321723528,"PMN(0)","10X_ntph_M"
"Male_NTPH_AGTGCCGCACTGTCCT-1",3.09103336583615,"PMN(2)","10X_ntph_M"
"Male_NTPH_GCACGGTGTACCACGC-1",2.48491565323688,"PMN(1)","10X_ntph_M"
"Male_NTPH_GCTGAATAGCGAACTG-1",1.38628482240475,"PMN(4)","10X_ntph_M"
"Male_NTPH_AGTTAGCTCCACAGCG-1",0.693134771642801,"PMN(4)","10X_ntph_M"
"Male_NTPH_ACCCTTGGTAGAGACC-1",3.13549503143011,"PMN(2)","10X_ntph_M"
"Male_NTPH_ACGTTCCAGGATTTCC-1",2.94443084839733,"PMN(2)","10X_ntph_M"
"Male_NTPH_CCGATCTAGATAACGT-1",3.21888647271479,"PMN(2)","10X_ntph_M"
"Male_NTPH_TCGAACAGTACTGCCG-1",3.29582637581214,"PMN(2)","10X_ntph_M"
"Male_NTPH_TGCGACGTCTAAACGC-1",3.4339923645784,"PMN(4)","10X_ntph_M"
"Male_NTPH_TTGAACGCATGCCGGT-1",2.83322320152606,"PMN(2)","10X_ntph_M"
"Male_NTPH_ATCGGCGAGGGACAGG-1",1.94590663248553,"PMN(5)","10X_ntph_M"
"Male_NTPH_TCACATTGTATGCTTG-1",2.48491116728029,"PMN(0)","10X_ntph_M"
"Male_NTPH_ATGATCGAGGAGCAAA-1",3.13548828020736,"PMN(0)","10X_ntph_M"
"Male_NTPH_TTCTTGAGTTCAAGGG-1",2.89036039294348,"PMN(0)","10X_ntph_M"
"Male_NTPH_CTCGAGGCACTCACTC-1",2.30256174327623,"PMN(1)","10X_ntph_M"
"Male_NTPH_TTGATGGAGGCTAACG-1",1.79175020325546,"PMN(4)","10X_ntph_M"
"Male_NTPH_GGACGTCCACGCCACA-1",2.70805415281822,"PMN(3)","10X_ntph_M"
"Male_NTPH_GATGGAGTCGGAAACG-1",3.78419037563227,"PMN(0)","10X_ntph_M"
"Male_NTPH_GGGCCATAGTCTTGGT-1",-1.05649333360304e-05,"PMN(0)","10X_ntph_M"
"Male_NTPH_GTGGAAGAGATCCCGC-1",1.79175869368302,"PMN(1)","10X_ntph_M"
"Male_NTPH_ACATGCACAGTAGGAC-1",3.40117322135973,"PMN(3)","10X_ntph_M"
"Male_NTPH_TGGATCAAGCGACTGA-1",2.63906542481404,"PMN(0)","10X_ntph_M"
"Male_NTPH_GGGCTCAGTCGAACAG-1",1.38628566362136,"PMN(4)","10X_ntph_M"
"Male_NTPH_CACGAATGTAGTGATA-1",2.56494810668712,"PMN(1)","10X_ntph_M"
"Male_NTPH_GGAGATGGTCGGTGTC-1",3.13549832744534,"PMN(0)","10X_ntph_M"
"Male_NTPH_CACTGAAAGAGTGAAG-1",3.21886732051515,"PMN(0)","10X_ntph_M"
"Male_NTPH_AGTCATGTCATTGCGA-1",3.04453710323414,"PMN(2)","10X_ntph_M"
"Male_NTPH_TGTAGACTCTCGCAGG-1",1.09861535745354,"PMN(4)","10X_ntph_M"
"Male_NTPH_ACTCTCGTCCTCGCAT-1",3.13549851273748,"PMN(0)","10X_ntph_M"
"Male_NTPH_GGTCTGGTCTTCGTAT-1",1.7917675729987,"PMN(1)","10X_ntph_M"
"Male_NTPH_CCAAGCGAGACCAAGC-1",3.36730504171559,"PMN(2)","10X_ntph_M"
"Male_NTPH_ACAAAGAGTTGCTCCT-1",3.25810198610031,"PMN(2)","10X_ntph_M"
"Male_NTPH_TCGATTTAGAATGTTG-1",3.09106614930855,"PMN(2)","10X_ntph_M"
"Male_NTPH_CGCCATTGTTCCATTT-1",2.19721854639361,"PMN(1)","10X_ntph_M"
"Male_NTPH_CTGCGAGTCACGGAGA-1",3.52637613301243,"PMN(1)","10X_ntph_M"
"Male_NTPH_CGTCCATTCTTCGTGC-1",2.99571873519251,"PMN(0)","10X_ntph_M"
"Male_NTPH_CAACAACCAATGGGTG-1",2.89036667785015,"PMN(0)","10X_ntph_M"
"Male_NTPH_TTACCATAGTGCCGAA-1",3.295832082893,"PMN(1)","10X_ntph_M"
"Male_NTPH_GTCTCACAGCAGGTCA-1",2.83320436235339,"PMN(6)","10X_ntph_M"
"Male_NTPH_CTTCCGAGTTTACGTG-1",3.09104353610355,"PMN(5)","10X_ntph_M"
"Male_NTPH_GACATCAAGATCGCTT-1",2.48491314858363,"PMN(6)","10X_ntph_M"
"Male_NTPH_TTCGATTCAGTCGCAC-1",1.09860408393418,"PMN(4)","10X_ntph_M"
"Male_NTPH_TGTTGAGCAACCGTAT-1",2.30258869060933,"PMN(1)","10X_ntph_M"
"Male_NTPH_ATTTCACCATGAGAAT-1",2.63906366286454,"PMN(3)","10X_ntph_M"
"Male_NTPH_CCCTCTCCAGATCACT-1",3.04452341588261,"PMN(0)","10X_ntph_M"
"Male_NTPH_TGGGAGATCATGACAC-1",3.36728781814891,"PMN(0)","10X_ntph_M"
"Male_NTPH_GTGTTAGCATGAAAGT-1",1.94589912612378,"PMN(1)","10X_ntph_M"
"Male_NTPH_CCGATGGCAGAGTGAC-1",1.79175095265793,"PMN(1)","10X_ntph_M"
"Male_NTPH_ATTGGGTTCACATTGG-1",1.94591534323704,"PMN(4)","10X_ntph_M"
"Male_NTPH_GGTGATTGTCGCGTCA-1",0.693165003716078,"PMN(3)","10X_ntph_M"
"Male_NTPH_CGCATAAGTTACCTGA-1",3.36728982971637,"PMN(0)","10X_ntph_M"
"Male_NTPH_TGTCCACCATGTGCTA-1",0.693161900848133,"PMN(4)","10X_ntph_M"
"Male_NTPH_ACGATGTGTAGAGATT-1",1.38628398564877,"PMN(4)","10X_ntph_M"
"Male_NTPH_GCATTAGCATTGTCGA-1",0.693141466066507,"PMN(4)","10X_ntph_M"
"Male_NTPH_ACCATTTCATAGTCAC-1",3.3322037422841,"PMN(0)","10X_ntph_M"
"Male_NTPH_TTCCGTGAGGTCGAGT-1",0.693142880836141,"PMN(4)","10X_ntph_M"
"Male_NTPH_TGAATCGGTTAATCGC-1",1.09861407211963,"PMN(4)","10X_ntph_M"
"Male_NTPH_GGTGATTAGGAAGAAC-1",3.49651591067989,"PMN(0)","10X_ntph_M"
"Male_NTPH_ATTCCCGAGGTCCTGC-1",1.60944837894167,"PMN(1)","10X_ntph_M"
"Male_NTPH_AGCGTATGTATCAAGA-1",7.62496037757118e-06,"PMN(0)","10X_ntph_M"
"Male_NTPH_TTGGGCGCAGAACGCA-1",2.94442392397969,"PMN(2)","10X_ntph_M"
"Male_NTPH_ATACCGAAGTCGAATA-1",3.52635461752205,"PMN(6)","10X_ntph_M"
"Male_NTPH_AATTCCTGTAAGCTCT-1",1.79175593538387,"PMN(1)","10X_ntph_M"
"Male_NTPH_TACATTCCACCTCTAC-1",2.94444591194556,"PMN(1)","10X_ntph_M"
"Male_NTPH_ATGCCTCGTCTTTCAT-1",-1.56587278497252e-05,"PMN(0)","10X_ntph_M"
"Male_NTPH_GTTAGACGTTTGACAC-1",3.43398042551188,"PMN(2)","10X_ntph_M"
"Male_NTPH_ATTCATCGTCTCGACG-1",2.07944819383982,"PMN(1)","10X_ntph_M"
"Male_NTPH_AGTAGCTAGCCATTCA-1",2.19723412978664,"PMN(5)","10X_ntph_M"
"Male_NTPH_ACATGCATCTTACCAT-1",0.693150090604652,"PMN(4)","10X_ntph_M"
"Male_NTPH_TAGATCGAGGTGAGAA-1",1.09862913390796,"PMN(4)","10X_ntph_M"
"Male_NTPH_ATGGATCCAAGTTCGT-1",-2.41416486207894e-05,"PMN(0)","10X_ntph_M"
"Male_NTPH_GTGGAGATCTTGGAAC-1",2.30258739197038,"PMN(6)","10X_ntph_M"
"Male_NTPH_TGACCCTAGTGTACCT-1",2.48490596934221,"PMN(3)","10X_ntph_M"
"Male_NTPH_GGCGTCAGTCAGTTTG-1",3.09103243600778,"PMN(3)","10X_ntph_M"
"Male_NTPH_GACGTTAAGAGCATTA-1",1.09860668851348,"PMN(4)","10X_ntph_M"
"Male_NTPH_GAGAGGTTCCATTGTT-1",3.68888185979421,"PMN(3)","10X_ntph_M"
"Male_NTPH_AACCACAGTCCTGTCT-1",3.4012095210773,"PMN(0)","10X_ntph_M"
"Male_NTPH_TTCTTCCGTAGACACG-1",2.70805272468706,"PMN(5)","10X_ntph_M"
"Male_NTPH_GGTGATTTCAAGAGTA-1",6.52414104692385e-06,"PMN(0)","10X_ntph_M"
"Male_NTPH_GCACGTGGTGAACTAA-1",2.89036246896971,"PMN(3)","10X_ntph_M"
"Male_NTPH_AACCCAATCATCACAG-1",2.30258064605454,"PMN(3)","10X_ntph_M"
"Male_NTPH_TAAGTCGAGGCTCACC-1",1.60943751901225,"PMN(4)","10X_ntph_M"
"Male_NTPH_TATTTCGCAACAAAGT-1",2.77259015304035,"PMN(3)","10X_ntph_M"
"Male_NTPH_CTAACTTAGGTGCTGA-1",5.29199978876831e-06,"PMN(0)","10X_ntph_M"
"Male_NTPH_AACCCAACATGTTTGG-1",2.7725868666549,"PMN(3)","10X_ntph_M"
"Male_NTPH_CTACAGAAGGGTAGCT-1",1.0986199554187,"PMN(4)","10X_ntph_M"
"Male_NTPH_TTGTGGAAGTTAGTGA-1",2.89037440112632,"PMN(3)","10X_ntph_M"
"Male_NTPH_CTGCGAGCAACGGCTC-1",2.19721101911346,"PMN(0)","10X_ntph_M"
"Male_NTPH_GTGAGCCCACAGTGAG-1",2.39789886351385,"PMN(0)","10X_ntph_M"
"Male_NTPH_AAGACTCCACAAATCC-1",-1.70825283944633e-05,"PMN(4)","10X_ntph_M"
"Male_NTPH_GTGTTCCTCGAAGTGG-1",2.99572591427122,"PMN(3)","10X_ntph_M"
"Male_NTPH_GGGATGAGTTCTCCAC-1",3.43399010881863,"PMN(1)","10X_ntph_M"
"Male_NTPH_TCGCTTGCACGCGCAT-1",1.60942487449177,"PMN(0)","10X_ntph_M"
"Male_NTPH_TAACGACGTGTGTGTT-1",1.60943677142811,"PMN(1)","10X_ntph_M"
"Male_NTPH_GGCACGTAGTTGGGAC-1",2.70804927148136,"PMN(0)","10X_ntph_M"
"Male_NTPH_CCGAACGCAATCGAAA-1",2.56494813185527,"PMN(3)","10X_ntph_M"
"Male_NTPH_TGGGAGAGTCGAACGA-1",1.0986034555604,"PMN(2)","10X_ntph_M"
"Male_NTPH_TCAAGACGTAGTCGGA-1",2.48491265148269,"PMN(1)","10X_ntph_M"
"Male_NTPH_CTTCTCTCAGCAGAAC-1",2.83322051539987,"PMN(2)","10X_ntph_M"
"Male_NTPH_TCTAACTGTCTTGAAC-1",1.60943400368628,"PMN(3)","10X_ntph_M"
"Male_NTPH_ATTATCCCATAGTCAC-1",0.693151459485116,"PMN(1)","10X_ntph_M"
"Male_NTPH_TCAGGGCGTAGCTTTG-1",1.38628599006755,"PMN(4)","10X_ntph_M"
"Male_NTPH_AGAGCCCAGTGGTTGG-1",2.25598675334932e-07,"PMN(7)","10X_ntph_M"
"Male_NTPH_AGTACTGTCCACAGGC-1",2.99573987416247,"PMN(0)","10X_ntph_M"
"Male_NTPH_AGTCACAAGCCGCTTG-1",2.48490910692132,"PMN(2)","10X_ntph_M"
"Male_NTPH_TGTGCGGAGCCTCTCT-1",1.4139134685168e-06,"PMN(0)","10X_ntph_M"
"Male_NTPH_TTAGGCATCACCCTTG-1",1.38630776689315,"PMN(3)","10X_ntph_M"
"Male_NTPH_CGGACACGTTGGCCGT-1",2.63904983855888,"PMN(1)","10X_ntph_M"
"Male_NTPH_CGACAGCGTAGGCTCC-1",0.693154946405321,"PMN(1)","10X_ntph_M"
"Male_NTPH_TTTACTGAGAGTCCGA-1",2.30258737481011,"PMN(0)","10X_ntph_M"
"Male_NTPH_ATTCATCGTTGATGTC-1",3.04451507371853,"PMN(3)","10X_ntph_M"
"Male_NTPH_TTGTGTTGTAAGCAAT-1",3.29583616172952,"PMN(3)","10X_ntph_M"
"Male_NTPH_AATCGACAGTCGCCAC-1",3.49650380020058,"PMN(0)","10X_ntph_M"
"Male_NTPH_TACCGGGAGAGAGCGG-1",1.79176610145874,"PMN(4)","10X_ntph_M"
"Male_NTPH_ACGCACGAGTGGTTAA-1",2.56495346442038,"PMN(0)","10X_ntph_M"
"Male_NTPH_CAGCAGCGTGCATGAG-1",2.0794232231897,"PMN(4)","10X_ntph_M"
"Male_NTPH_GAACACTAGGACTTCT-1",3.04453892196164,"PMN(3)","10X_ntph_M"
"Male_NTPH_TGTTCATCAGTAGTGG-1",2.89035042871682,"PMN(2)","10X_ntph_M"
"Male_NTPH_CATTGAGAGCCACCGT-1",2.99573914361566,"PMN(1)","10X_ntph_M"
"Male_NTPH_CTGTAGAGTGCTCGTG-1",2.63904984199879,"PMN(2)","10X_ntph_M"
"Male_NTPH_CATTTCACACCAACAT-1",3.68889014524153,"PMN(2)","10X_ntph_M"
"Male_NTPH_CGATCGGTCAAGGTGG-1",2.99573624184729,"PMN(0)","10X_ntph_M"
"Male_NTPH_CTTGATTGTCGGCACT-1",1.79177332276065,"PMN(3)","10X_ntph_M"
"Male_NTPH_TTAGGGTTCGAGAATA-1",3.2580947572203,"PMN(2)","10X_ntph_M"
"Male_NTPH_CCCTAACGTGTTAACC-1",1.60941361362738,"PMN(1)","10X_ntph_M"
"Male_NTPH_AACGGGAGTCTGCCTT-1",1.94590782893574,"PMN(1)","10X_ntph_M"
"Male_NTPH_CGTCAAACATGAGTAA-1",2.30258615236567,"PMN(0)","10X_ntph_M"
"Male_NTPH_AATGCCACAACGCCCA-1",3.13550639162699,"PMN(5)","10X_ntph_M"
"Male_NTPH_TCACAAGGTGAGGCAT-1",0.693135462923951,"PMN(5)","10X_ntph_M"
"Male_NTPH_CGGGTCACACCTGCAG-1",1.09860962390987,"PMN(1)","10X_ntph_M"
"Male_NTPH_CCATAAGCACACCAGC-1",3.82863684963354,"PMN(5)","10X_ntph_M"
"Male_NTPH_TCGTGCTGTCGATGCC-1",2.94445402848812,"PMN(0)","10X_ntph_M"
"Male_NTPH_GTCACTCCAGCTTTCC-1",1.38627813573649,"PMN(1)","10X_ntph_M"
"Male_NTPH_CTACGGGCAGTCGTTA-1",1.94592073960509,"PMN(4)","10X_ntph_M"
"Male_NTPH_CATTCTATCTCGTGAA-1",2.89038332769652,"PMN(0)","10X_ntph_M"
"Male_NTPH_CTACCTGCAACTGAAA-1",2.9957311339654,"PMN(1)","10X_ntph_M"
"Male_NTPH_TCCTGCAGTGCGTTTA-1",2.4849152016977,"PMN(5)","10X_ntph_M"
"Male_NTPH_CGGGTCAAGTTGTCGT-1",2.07944665307076,"PMN(3)","10X_ntph_M"
"Male_NTPH_CGTGATACAATAACCC-1",2.07943439748998,"PMN(3)","10X_ntph_M"
"Male_NTPH_CCACCATAGCTTTGTG-1",2.3025781432781,"PMN(1)","10X_ntph_M"
"Male_NTPH_TACCGGGTCTCTGGTC-1",2.39787504760065,"PMN(1)","10X_ntph_M"
"Male_NTPH_TGTGGCGCAGCTATAC-1",1.38631017572311,"PMN(5)","10X_ntph_M"
"Male_NTPH_TGTAACGTCATTTACC-1",0.693160148891903,"PMN(4)","10X_ntph_M"
"Male_NTPH_CATCCACTCACGTCCT-1",3.33221721372058,"PMN(2)","10X_ntph_M"
"Male_NTPH_GTATTTCGTTTGTTGG-1",1.09861212788943,"PMN(3)","10X_ntph_M"
"Male_NTPH_GGGATCCAGGTGAGCT-1",2.564943539832,"PMN(5)","10X_ntph_M"
"Male_NTPH_CGGAATTTCATAAGGA-1",1.60942137667944,"PMN(0)","10X_ntph_M"
"Male_NTPH_TTGCTGCCACTGTGAT-1",1.09860654458039,"PMN(4)","10X_ntph_M"
"Male_NTPH_CTGTGAAGTCGTGGAA-1",2.48489757356712,"PMN(3)","10X_ntph_M"
"Male_NTPH_GTTACGAAGACGACGT-1",3.13548056053349,"PMN(0)","10X_ntph_M"
"Male_NTPH_TCCGTGTCATACAGCT-1",0.693150263559214,"PMN(4)","10X_ntph_M"
"Male_NTPH_CTCTCGATCTAACGGT-1",0.693142454284921,"PMN(4)","10X_ntph_M"
"Male_NTPH_TAGACCAGTTTGTTCT-1",3.4339916667075,"PMN(5)","10X_ntph_M"
"Male_NTPH_TGCATCCAGCGTGCCT-1",2.07943379010213,"PMN(0)","10X_ntph_M"
"Male_NTPH_TGGTACAGTCTTGAAC-1",0.693167787436121,"PMN(4)","10X_ntph_M"
"Male_NTPH_CCCTCTCGTATCCTTT-1",1.60946376639784,"PMN(4)","10X_ntph_M"
"Male_NTPH_GTTGTGACAGGCACAA-1",3.46575090086376,"PMN(0)","10X_ntph_M"
"Male_NTPH_CATTGTTAGTCACTAC-1",2.63905632768918,"PMN(1)","10X_ntph_M"
"Male_NTPH_ATTCCCGTCGCTAGCG-1",2.94444545102459,"PMN(2)","10X_ntph_M"
"Male_NTPH_GGGTTATTCTCCTACG-1",1.79174542333041,"PMN(0)","10X_ntph_M"
"Male_NTPH_TGGAGAGCATAGACTC-1",3.49649422029,"PMN(1)","10X_ntph_M"
"Male_NTPH_CCTGTTGTCCGGACGT-1",0.693142713266495,"PMN(4)","10X_ntph_M"
"Male_NTPH_AGCGCCAGTGTGCCTG-1",1.3863112673185,"PMN(4)","10X_ntph_M"
"Male_NTPH_TGCGGCAGTCACTAGT-1",1.09861005501665,"PMN(1)","10X_ntph_M"
"Male_NTPH_TCTACATGTCCTGGGT-1",2.9957415079391,"PMN(1)","10X_ntph_M"
"Male_NTPH_TGATTCTGTTCCGCTT-1",3.21887532961126,"PMN(0)","10X_ntph_M"
"Male_NTPH_CGAAGTTGTTCCGCTT-1",2.99572880464515,"PMN(5)","10X_ntph_M"
"Male_NTPH_TCAGTTTGTAGCTGTT-1",2.19722656985542,"PMN(1)","10X_ntph_M"
"Male_NTPH_GGGACTCAGACACACG-1",1.38629303784204,"PMN(1)","10X_ntph_M"
"Male_NTPH_AGGGTTTAGAATCGTA-1",1.94592469137254,"PMN(0)","10X_ntph_M"
"Male_NTPH_TCACACCCACCTGCTT-1",2.83320013766448,"PMN(5)","10X_ntph_M"
"Male_NTPH_AAATGGAAGAGCCCAA-1",2.94444007123808,"PMN(2)","10X_ntph_M"
"Male_NTPH_TCATTGTCACCAGCGT-1",3.17805357562577,"PMN(2)","10X_ntph_M"
"Male_NTPH_TCGTAGATCCTCTAGC-1",-1.35157590930348e-06,"PMN(0)","10X_ntph_M"
"Male_NTPH_AATGCCAGTAGTTCCA-1",2.19721817208308,"PMN(5)","10X_ntph_M"
"Male_NTPH_CTACCTGAGACTCATC-1",1.38630153594545,"PMN(1)","10X_ntph_M"
"Male_NTPH_TCCACGTAGTAGCCAG-1",2.63904256051713,"PMN(3)","10X_ntph_M"
"Male_NTPH_GAAGAATTCTGTGCGG-1",3.0445299787714,"PMN(0)","10X_ntph_M"
"Male_NTPH_CTACCCATCTCCTGAC-1",3.46571400470798,"PMN(2)","10X_ntph_M"
"Male_NTPH_GACGTTAAGGACGCTA-1",0.693162711558422,"PMN(0)","10X_ntph_M"
"Male_NTPH_GTGGAAGGTTCGTTCC-1",3.04452945834341,"PMN(0)","10X_ntph_M"
"Male_NTPH_TACTTACGTTGCATCA-1",5.15238125352396e-07,"PMN(7)","10X_ntph_M"
"Male_NTPH_CGAATTGCAGCTGTTA-1",2.4848823700509,"PMN(1)","10X_ntph_M"
"Male_NTPH_GTCGTAAAGTGCGCTC-1",2.39789441209105,"PMN(6)","10X_ntph_M"
"Male_NTPH_CTCCTTTCAAGCAATA-1",2.07943415810538,"PMN(5)","10X_ntph_M"
"Male_NTPH_TCAGGTAGTGTACGCC-1",3.17806550758821,"PMN(2)","10X_ntph_M"
"Male_NTPH_TGACGCGAGGCCCAAA-1",1.94589382255915,"PMN(1)","10X_ntph_M"
"Male_NTPH_TGTTGGACATGGCGCT-1",-1.61312915574097e-05,"PMN(7)","10X_ntph_M"
"Male_NTPH_AGGTTACCAATTTCGG-1",2.94443673257292,"PMN(3)","10X_ntph_M"
"Male_NTPH_TTAGGCACATAAGATG-1",1.79175891754655,"PMN(4)","10X_ntph_M"
"Male_NTPH_GTAACACGTACACGCC-1",2.3978889991388,"PMN(3)","10X_ntph_M"
"Male_NTPH_CTGCATCGTTCCACGG-1",2.30258324950024,"PMN(3)","10X_ntph_M"
"Male_NTPH_TTACCGCAGCGCGTTC-1",0.693144550113336,"PMN(4)","10X_ntph_M"
"Male_NTPH_ACTGATGAGTGAGTTA-1",3.0910371968959,"PMN(2)","10X_ntph_M"
"Male_NTPH_AGGGCCTGTCCTGTTC-1",0.693140428284968,"PMN(4)","10X_ntph_M"
"Male_NTPH_CAATACGCATTCGATG-1",3.4339856365991,"PMN(0)","10X_ntph_M"
"Male_NTPH_AGACTCACATGCGTGC-1",0.693156872987362,"PMN(4)","10X_ntph_M"
"Male_NTPH_CAACAACAGTATGACA-1",3.09106108601963,"PMN(1)","10X_ntph_M"
"Male_NTPH_TGACTCCCATACCAGT-1",3.29584705457922,"PMN(0)","10X_ntph_M"
"Male_NTPH_TGCTCCAGTTTGCAGT-1",2.56494981437975,"PMN(2)","10X_ntph_M"
"Male_NTPH_CTCCCAAGTACCAATC-1",2.19721255941949,"PMN(3)","10X_ntph_M"
"Male_NTPH_TATTGCTTCCAGGACC-1",9.09354155230945e-06,"PMN(7)","10X_ntph_M"
"Male_NTPH_CTCCACACATCGGAGA-1",2.56496397704374,"PMN(1)","10X_ntph_M"
"Male_NTPH_CGGAACCAGAACCCGA-1",3.17805198408041,"PMN(1)","10X_ntph_M"
"Male_NTPH_TACTTACCACTCATAG-1",3.13549231424647,"PMN(6)","10X_ntph_M"
"Male_NTPH_GAAACCTCAAGACGGT-1",1.09862472161614,"PMN(6)","10X_ntph_M"
"Male_NTPH_TGACGCGAGTTAGTAG-1",1.8558749818315e-06,"PMN(0)","10X_ntph_M"
"Male_NTPH_GGAACCCGTTTACGTG-1",2.07946425190263,"PMN(2)","10X_ntph_M"
"Male_NTPH_GTTAGACAGGTTGGAC-1",1.38629384557069,"PMN(5)","10X_ntph_M"
"Male_NTPH_ATCACAGTCGACCTAA-1",1.3862782056316,"PMN(4)","10X_ntph_M"
"Male_NTPH_AGCATCAGTGTCTCCT-1",0.693157760118345,"PMN(4)","10X_ntph_M"
"Male_NTPH_CTGCGAGCAAAGACTA-1",2.30258871194161,"PMN(2)","10X_ntph_M"
"Male_NTPH_ACTTCCGTCTTTCCGG-1",1.60943525366704,"PMN(1)","10X_ntph_M"
"Male_NTPH_GACCAATGTCCTTGTC-1",2.94442642135242,"PMN(5)","10X_ntph_M"
"Male_NTPH_ACCCTTGGTTTCCCAC-1",2.63906609445693,"PMN(1)","10X_ntph_M"
"Male_NTPH_ATGCCTCAGCACTCCG-1",2.94444490551311,"PMN(2)","10X_ntph_M"
"Male_NTPH_CTACAGAGTTCTCTAT-1",1.60944062769091,"PMN(1)","10X_ntph_M"
"Male_NTPH_TTAGTCTTCCCGGTAG-1",2.56496489019625,"PMN(5)","10X_ntph_M"
"Male_NTPH_ATTCCCGAGGATGGCT-1",3.36728519191771,"PMN(5)","10X_ntph_M"
"Male_NTPH_AGTCAACAGACGTCGA-1",3.68888152233891,"PMN(0)","10X_ntph_M"
"Male_NTPH_ATGCCTCAGGCTAACG-1",2.70804771176965,"PMN(0)","10X_ntph_M"
"Male_NTPH_ATGCATGTCCTTACCG-1",3.7612052695803,"PMN(0)","10X_ntph_M"
"Male_NTPH_TAGACTGTCCTTCTGG-1",1.6094423402923,"PMN(1)","10X_ntph_M"
"Male_NTPH_TTTGATCGTACGATTC-1",3.17805265918176,"PMN(5)","10X_ntph_M"
"Male_NTPH_AAACCCATCGTGGGTC-1",3.63757118131166,"PMN(0)","10X_ntph_M"
"Male_NTPH_GAGGGATAGTTCAACC-1",3.29583733801039,"PMN(0)","10X_ntph_M"
"Male_NTPH_TGCTCCATCAAGCTGT-1",3.25811134060016,"PMN(2)","10X_ntph_M"
"Male_NTPH_TACGGTACAAAGGCAC-1",1.79173982367843,"PMN(3)","10X_ntph_M"
"Male_NTPH_AGGGCTCGTGAGTCAG-1",1.38628897556362,"PMN(4)","10X_ntph_M"
"Male_NTPH_GAGTCTAAGGCCGCTT-1",3.63759118759231,"PMN(0)","10X_ntph_M"
"Male_NTPH_TTCGCTGCAGCAAGAC-1",2.48489571666026,"PMN(5)","10X_ntph_M"
"Male_NTPH_TCGTAGAAGGCGAACT-1",2.4848963895269,"PMN(3)","10X_ntph_M"
"Male_NTPH_TCTGTCGTCATAAGGA-1",1.79174934886662,"PMN(0)","10X_ntph_M"
"Male_NTPH_GGCTGTGCACGAGAAC-1",3.63757833338462,"PMN(5)","10X_ntph_M"
"Male_NTPH_ACCCAAACACGACAAG-1",1.38629795674801,"PMN(3)","10X_ntph_M"
"Male_NTPH_CTGCTCATCACCTGGG-1",1.79177945543024,"PMN(5)","10X_ntph_M"
"Male_NTPH_TGATCTTAGATACCAA-1",2.07944708102784,"PMN(0)","10X_ntph_M"
"Male_NTPH_TTCTTGATCTCGAGTA-1",3.33219642714171,"PMN(5)","10X_ntph_M"
"Male_NTPH_GTGAGCCGTGTTGACT-1",2.70804463091743,"PMN(2)","10X_ntph_M"
"Male_NTPH_CCCGAAGGTTTCGCTC-1",2.99572141751868,"PMN(0)","10X_ntph_M"
"Male_NTPH_TCATCCGCAGCGGTTC-1",1.60943071449392,"PMN(3)","10X_ntph_M"
"Male_NTPH_TTGTTGTTCGCAATGT-1",2.39788834712994,"PMN(0)","10X_ntph_M"
"Male_NTPH_GTTGTAGAGAGGTATT-1",2.99574640860104,"PMN(0)","10X_ntph_M"
"Male_NTPH_GTCATGAAGCCTGAGA-1",2.19723098695811,"PMN(2)","10X_ntph_M"
"Male_NTPH_TTATTGCTCGTCCTCA-1",0.693130005352882,"PMN(1)","10X_ntph_M"
"Male_NTPH_ACCCTTGAGCCTATCA-1",3.46574416468567,"PMN(2)","10X_ntph_M"
"Male_NTPH_ACAGAAACACGTAACT-1",2.1972373850893,"PMN(1)","10X_ntph_M"
"Male_NTPH_CTACGGGGTACGGCAA-1",2.70804788766016,"PMN(2)","10X_ntph_M"
"Male_NTPH_AGCGCTGGTCGCATTA-1",3.43400079275996,"PMN(0)","10X_ntph_M"
"Male_NTPH_AGAAGTACATAATCGC-1",1.7917628816186,"PMN(3)","10X_ntph_M"
"Male_NTPH_GGGCCATCATTACTCT-1",0.693153602921758,"PMN(7)","10X_ntph_M"
"Male_NTPH_TGCCGAGGTTACGCCG-1",1.09860907656093,"PMN(4)","10X_ntph_M"
"Male_NTPH_TCTCACGGTCTTGCTC-1",3.61093231460084,"PMN(2)","10X_ntph_M"
"Male_NTPH_GGAGCAAAGCCAGACA-1",3.17805436768916,"PMN(2)","10X_ntph_M"
"Male_NTPH_AGTTCGAAGTACTGTC-1",2.89036906076053,"PMN(3)","10X_ntph_M"
"Male_NTPH_CCTCAGTGTGTTGCCG-1",4.66756268777527e-06,"PMN(0)","10X_ntph_M"
"Male_NTPH_GTGCTGGGTCGATTCA-1",3.0445213306097,"PMN(0)","10X_ntph_M"
"Male_NTPH_AACAACCAGAAGTCTA-1",3.36729326933226,"PMN(3)","10X_ntph_M"
"Male_NTPH_TCGAAGTGTAGCACGA-1",3.09104971428022,"PMN(0)","10X_ntph_M"
"Male_NTPH_AAGTTCGTCCACTGGG-1",4.0775354340855,"PMN(0)","10X_ntph_M"
"Male_NTPH_TTAGTCTAGGTACAGC-1",2.77258449552017,"PMN(2)","10X_ntph_M"
"Male_NTPH_AGGTCTATCTAGATCG-1",2.83320792235866,"PMN(3)","10X_ntph_M"
"Male_NTPH_TCGACGGGTAGAGATT-1",2.70803629932316,"PMN(2)","10X_ntph_M"
"Male_NTPH_AACGTCAGTTATGGTC-1",2.9957483449081,"PMN(3)","10X_ntph_M"
"Male_NTPH_AACCTGAAGGGAACAA-1",2.48490012140609,"PMN(3)","10X_ntph_M"
"Male_NTPH_CATACCCTCAACCTCC-1",1.79175566554296,"PMN(1)","10X_ntph_M"
"Male_NTPH_CCACAAACAGGTATGG-1",3.09104332078868,"PMN(3)","10X_ntph_M"
"Male_NTPH_TCAGCAAAGCTGTTAC-1",2.9444324885868,"PMN(0)","10X_ntph_M"
"Male_NTPH_AACCAACAGACGCCCT-1",2.63903716470818,"PMN(2)","10X_ntph_M"
"Male_NTPH_ATCGCCTTCCATTGTT-1",3.58352342423,"PMN(0)","10X_ntph_M"
"Male_NTPH_GCACATATCGAGCCAC-1",1.38629959500148,"PMN(3)","10X_ntph_M"
"Male_NTPH_AATGACCGTGCTGTCG-1",0.693144719337549,"PMN(0)","10X_ntph_M"
"Male_NTPH_TACGGGCGTCCCTAAA-1",2.07943609622276,"PMN(1)","10X_ntph_M"
"Male_NTPH_AGCGCTGAGCTACTAC-1",-8.03683014742773e-06,"PMN(7)","10X_ntph_M"
"Male_NTPH_ATACCGATCGTTAGTG-1",2.83323288876672,"PMN(3)","10X_ntph_M"
"Male_NTPH_AGTTCCCCACGCTATA-1",2.77258575336535,"PMN(1)","10X_ntph_M"
"Male_NTPH_TCTCTGGGTTCCAAAC-1",2.3978949187515,"PMN(5)","10X_ntph_M"
"Male_NTPH_GTAGGTTCATCTAACG-1",2.07944261357698,"PMN(0)","10X_ntph_M"
"Male_NTPH_ATGGGAGTCGGCTGAC-1",1.79175716302274,"PMN(3)","10X_ntph_M"
"Male_NTPH_GCACGGTTCTCACCCA-1",2.77261262294019,"PMN(1)","10X_ntph_M"
"Male_NTPH_AAGGTAATCTCCTGAC-1",0.693147064236508,"PMN(4)","10X_ntph_M"
"Male_NTPH_GCGATCGGTACTAGCT-1",3.13548332533508,"PMN(2)","10X_ntph_M"
"Male_NTPH_GATGATCTCTATCACT-1",1.60944105012593,"PMN(1)","10X_ntph_M"
"Male_NTPH_CAATTTCGTCTTAGTG-1",1.09862324588214,"PMN(0)","10X_ntph_M"
"Male_NTPH_TCTCAGCCAGAGCTAG-1",2.63904714066924,"PMN(3)","10X_ntph_M"
"Male_NTPH_TTGTTCAGTCTAACGT-1",2.89038846664757,"PMN(1)","10X_ntph_M"
"Male_NTPH_CTATCTAGTATTTCGG-1",1.60944066426881,"PMN(0)","10X_ntph_M"
"Male_NTPH_TGTAAGCGTAATGTGA-1",3.13549239726515,"PMN(2)","10X_ntph_M"
"Male_NTPH_ATCCTATCACTTGGGC-1",2.70805887465652,"PMN(1)","10X_ntph_M"
"Male_NTPH_GACTTCCGTGGCGTAA-1",1.94589612108625,"PMN(1)","10X_ntph_M"
"Male_NTPH_TAGGAGGCACAGTACT-1",1.48230141230567e-05,"PMN(0)","10X_ntph_M"
"Male_NTPH_GTTCATTCACTAACCA-1",2.70804428314152,"PMN(1)","10X_ntph_M"
"Male_NTPH_GGTGGCTCAGTATTCG-1",2.89036290787863,"PMN(1)","10X_ntph_M"
"Male_NTPH_ACTTCGCAGTGTTGTC-1",1.60943263806851,"PMN(1)","10X_ntph_M"
"Male_NTPH_GGAGGTATCGAGAAGC-1",2.77258903261383,"PMN(2)","10X_ntph_M"
"Male_NTPH_CTATCTAAGCCTTTGA-1",1.38628489596506,"PMN(4)","10X_ntph_M"
"Male_NTPH_ACCAAACTCCGCTAGG-1",1.09858729896516,"PMN(0)","10X_ntph_M"
"Male_NTPH_CGAAGGAAGGAAGTGA-1",2.48490810690331,"PMN(2)","10X_ntph_M"
"Male_NTPH_TGACCCTAGGAACTAT-1",1.60944649946803,"PMN(1)","10X_ntph_M"
"Male_NTPH_GTACAACGTTCTCAGA-1",2.89036965851334,"PMN(2)","10X_ntph_M"
"Male_NTPH_TGCAGGCAGTAATCCC-1",3.66356563436986,"PMN(0)","10X_ntph_M"
"Male_NTPH_CTGTGGGCACTACGGC-1",2.9444465904438,"PMN(2)","10X_ntph_M"
"Male_NTPH_AGGAAATAGGTTCATC-1",2.39788561873205,"PMN(2)","10X_ntph_M"
"Male_NTPH_TTTACTGTCTCGTTTA-1",1.94592719159051,"PMN(1)","10X_ntph_M"
"Male_NTPH_CTCATGCAGTTGCCTA-1",1.60942975431568,"PMN(1)","10X_ntph_M"
"Male_NTPH_CATCGGGAGAAGGGAT-1",3.33220501520705,"PMN(5)","10X_ntph_M"
"Male_NTPH_CCTCACAGTCGAGCTC-1",3.76121829904068,"PMN(0)","10X_ntph_M"
"Male_NTPH_TTAGTCTGTGTCCAAT-1",3.46573824018079,"PMN(0)","10X_ntph_M"
"Male_NTPH_GGCTTGGCACGCACCA-1",0.693146892662254,"PMN(0)","10X_ntph_M"
"Male_NTPH_TGAGCGCGTTATGACC-1",2.89036040431622,"PMN(3)","10X_ntph_M"
"Male_NTPH_TGCTGAATCTTCTGGC-1",2.94442740538833,"PMN(2)","10X_ntph_M"
"Male_NTPH_GTAGTACGTGAGTGAC-1",2.30257961958498,"PMN(1)","10X_ntph_M"
"Male_NTPH_TTGTGTTTCATTTGTC-1",-4.33572715922771e-06,"PMN(7)","10X_ntph_M"
"Male_NTPH_GGGTAGAAGTAGTGCG-1",3.13551084078849,"PMN(2)","10X_ntph_M"
"Male_NTPH_CTTACCGGTCACTTAG-1",1.60943228112559,"PMN(1)","10X_ntph_M"
"Male_NTPH_CGATGCGTCCTTCTTC-1",1.60942645691165,"PMN(1)","10X_ntph_M"
"Male_NTPH_ACCCTCAAGGATGAGA-1",3.78419672683151,"PMN(0)","10X_ntph_M"
"Male_NTPH_TTTGTTGTCGCTGATA-1",3.13549581827608,"PMN(5)","10X_ntph_M"
"Male_NTPH_AAAGGATGTTGGTAGG-1",2.6390584631412,"PMN(2)","10X_ntph_M"
"Male_NTPH_ATCACTTTCGATGGAG-1",2.30260004512911,"PMN(2)","10X_ntph_M"
"Male_NTPH_GTGGTTACACTGGAAG-1",2.70806043346847,"PMN(5)","10X_ntph_M"
"Male_NTPH_TTGGATGAGTGGCAGT-1",3.36730757460268,"PMN(1)","10X_ntph_M"
"Male_NTPH_ACTTATCAGGAGGGTG-1",3.61091546760666,"PMN(0)","10X_ntph_M"
"Male_NTPH_CATTCTAGTTCAATCG-1",2.30258342367274,"PMN(3)","10X_ntph_M"
"Male_NTPH_TTCTTGAAGTCACTGT-1",3.36729498883143,"PMN(2)","10X_ntph_M"
"Male_NTPH_CAAAGAAGTATGTCAC-1",2.56494109247875,"PMN(3)","10X_ntph_M"
"Male_NTPH_GTCATTTTCGTTTACT-1",1.09860039369966,"PMN(4)","10X_ntph_M"
"Male_NTPH_GAAGAATAGACTTCAC-1",3.09104638687693,"PMN(0)","10X_ntph_M"
"Male_NTPH_CTTCGGTTCGGCTTCT-1",3.36729402215004,"PMN(2)","10X_ntph_M"
"Male_NTPH_TCAGGTAAGAGGATGA-1",1.3862943830039,"PMN(3)","10X_ntph_M"
"Male_NTPH_GTAATGCAGGACAACC-1",2.83322517172909,"PMN(1)","10X_ntph_M"
"Male_NTPH_CAGATACCATTGCCTC-1",2.77258183398939,"PMN(0)","10X_ntph_M"
"Male_NTPH_TCCTCGATCCTTTGAT-1",1.38631399720667,"PMN(4)","10X_ntph_M"
"Male_NTPH_TCCGAAACATGCACTA-1",2.77258430313555,"PMN(1)","10X_ntph_M"
"Male_NTPH_CCGTGAGGTACAGAGC-1",1.79176727930756,"PMN(5)","10X_ntph_M"
"Male_NTPH_GACATCATCGATAACC-1",3.52634918094134,"PMN(0)","10X_ntph_M"
"Male_NTPH_CATGAGTGTCAGGCAA-1",1.79176219964195,"PMN(3)","10X_ntph_M"
"Male_NTPH_GATCATGAGTAGTCTC-1",2.56494172039595,"PMN(2)","10X_ntph_M"
"Male_NTPH_TAACACGTCCTTCACG-1",3.04451506164358,"PMN(2)","10X_ntph_M"
"Male_NTPH_TCGCTCATCAAGAAAC-1",2.83320077829481,"PMN(1)","10X_ntph_M"
"Male_NTPH_CTGATCCCAGATCCAT-1",3.21887565416924,"PMN(1)","10X_ntph_M"
"Male_NTPH_GTCATTTCAGTCTACA-1",2.83322094966172,"PMN(2)","10X_ntph_M"
"Male_NTPH_AATGGAATCCATACTT-1",1.60943619417495,"PMN(5)","10X_ntph_M"
"Male_NTPH_GAGAGGTAGCCTTGAT-1",2.99572962092005,"PMN(2)","10X_ntph_M"
"Male_NTPH_GGTGTTATCATTCTTG-1",2.70804596114224,"PMN(5)","10X_ntph_M"
"Male_NTPH_CGCATAAAGCTCTATG-1",3.29584375872551,"PMN(2)","10X_ntph_M"
"Male_NTPH_GTGGTTAGTTTCGGCG-1",3.49651806597077,"PMN(0)","10X_ntph_M"
"Male_NTPH_TGAGACTAGTCGTTAC-1",1.38627242086993,"PMN(4)","10X_ntph_M"
"Male_NTPH_CCTCATGGTCTCTCAC-1",3.66355661647401,"PMN(0)","10X_ntph_M"
"Male_NTPH_CTGAGCGAGCTACTGT-1",2.89038056108734,"PMN(2)","10X_ntph_M"
"Male_NTPH_ATGGGAGGTTGTGGAG-1",3.46575138632802,"PMN(0)","10X_ntph_M"
"Male_NTPH_CAAGGGACACGCGCAT-1",2.99573805361583,"PMN(0)","10X_ntph_M"
"Male_NTPH_CACATGACATCTAGAC-1",2.30258378465569,"PMN(2)","10X_ntph_M"
"Male_NTPH_CTACGGGCATTGGCAT-1",3.25810261659175,"PMN(1)","10X_ntph_M"
"Male_NTPH_GTTAGTGGTAGTCCTA-1",1.94591232425919,"PMN(2)","10X_ntph_M"
"Male_NTPH_GCTCAAAGTCGGATTT-1",0.693152442472177,"PMN(3)","10X_ntph_M"
"Male_NTPH_TGTTGGATCGTTGTTT-1",2.48491126958338,"PMN(3)","10X_ntph_M"
"Male_NTPH_TCTGGCTGTCTTACAG-1",0.69316222047201,"PMN(1)","10X_ntph_M"
"Male_NTPH_GAGTTTGGTACCAGAG-1",1.38629789121592,"PMN(4)","10X_ntph_M"
"Male_NTPH_CATCGGGAGCCACTCG-1",2.63905334059121,"PMN(2)","10X_ntph_M"
"Male_NTPH_TCTACCGCACACCAGC-1",3.66357188172564,"PMN(0)","10X_ntph_M"
"Male_NTPH_CAAGCTACAAGATCCT-1",3.29582885729522,"PMN(1)","10X_ntph_M"
"Male_NTPH_AACCTGAAGCTGCGAA-1",2.0794385638783,"PMN(1)","10X_ntph_M"
"Male_NTPH_AGAAGCGGTTGAGTCT-1",1.79173545828123,"PMN(1)","10X_ntph_M"
"Male_NTPH_TCCCATGAGAACAGGA-1",2.89037369787845,"PMN(5)","10X_ntph_M"
"Male_NTPH_TCTCCGATCCTGGGAC-1",2.39790157828583,"PMN(1)","10X_ntph_M"
"Male_NTPH_GATGCTAAGTTCCTGA-1",2.99571505007657,"PMN(0)","10X_ntph_M"
"Male_NTPH_TTACCATGTCAGTCCG-1",2.99575766401811,"PMN(3)","10X_ntph_M"
"Male_NTPH_GAAACCTGTGTTAACC-1",2.30257577271752,"PMN(1)","10X_ntph_M"
"Male_NTPH_TAGGTTGTCTAAGGAA-1",2.48489372950992,"PMN(3)","10X_ntph_M"
"Male_NTPH_CCACTTGAGGTAGTAT-1",1.60943462117941,"PMN(5)","10X_ntph_M"
"Male_NTPH_TCCGGGATCTAGTGTG-1",1.94591314207726,"PMN(1)","10X_ntph_M"
"Male_NTPH_TGGGAAGCATAGAGGC-1",1.38628995924402,"PMN(1)","10X_ntph_M"
"Male_NTPH_CTGCAGGCAAGGCCTC-1",0.69315214990157,"PMN(1)","10X_ntph_M"
"Male_NTPH_AGAACAATCGAGAAAT-1",0.693138274851399,"PMN(4)","10X_ntph_M"
"Male_NTPH_ATTCAGGGTGATACTC-1",2.30259240939237,"PMN(0)","10X_ntph_M"
"Male_NTPH_CCTCTAGAGGCTCTCG-1",2.30258636295867,"PMN(2)","10X_ntph_M"
"Male_NTPH_TCCTCGATCGGTCAGC-1",0.693166070983306,"PMN(3)","10X_ntph_M"
"Male_NTPH_CAAGACTGTCACAGAG-1",2.6390611272922,"PMN(5)","10X_ntph_M"
"Male_NTPH_CCCTCTCTCATGGCCG-1",2.70804975294107,"PMN(0)","10X_ntph_M"
"Male_NTPH_GCTGCAGCATACGCAT-1",1.94591150949508,"PMN(3)","10X_ntph_M"
"Male_NTPH_GTAGGTTGTTGTTGCA-1",2.56495486022689,"PMN(1)","10X_ntph_M"
"Male_NTPH_TACCCGTCATGCCGGT-1",-8.08080397534084e-06,"PMN(6)","10X_ntph_M"
"Male_NTPH_CTTAGGAGTGGGACAT-1",-1.00699603251889e-05,"PMN(1)","10X_ntph_M"
"Male_NTPH_CTCAACCTCCTACCAC-1",3.295845448027,"PMN(2)","10X_ntph_M"
"Male_NTPH_GTAATGCAGCTCGACC-1",1.94591099321875,"PMN(3)","10X_ntph_M"
"Male_NTPH_AACGAAATCTTGGTCC-1",1.0985974707505,"PMN(1)","10X_ntph_M"
"Male_NTPH_GCAGTTAGTGAATAAC-1",1.60942826116794,"PMN(3)","10X_ntph_M"
"Male_NTPH_TGGGAAGAGACTTCGT-1",3.1780548663494,"PMN(2)","10X_ntph_M"
"Male_NTPH_TAGGTACCAAATGAAC-1",1.79177124246471,"PMN(5)","10X_ntph_M"
"Male_NTPH_CGTGAATAGCATCTTG-1",1.60943983809865,"PMN(2)","10X_ntph_M"
"Male_NTPH_GCCAACGTCTATCCAT-1",2.30258502060316,"PMN(1)","10X_ntph_M"
"Male_NTPH_TGTGCGGCATGAAAGT-1",0.693142557454813,"PMN(4)","10X_ntph_M"
"Male_NTPH_GACTATGGTCAGTTTG-1",1.60943066855874,"PMN(3)","10X_ntph_M"
"Male_NTPH_CGAGGAAAGCTCCACG-1",0.693140790390746,"PMN(1)","10X_ntph_M"
"Male_NTPH_GCAACCGTCATTCATC-1",3.68888389553918,"PMN(3)","10X_ntph_M"
"Male_NTPH_ATGAAAGGTACAAACA-1",3.78418379337588,"PMN(0)","10X_ntph_M"
"Male_NTPH_CGGAACCAGAAATGGG-1",2.07944340433331,"PMN(2)","10X_ntph_M"
"Male_NTPH_TTTGATCTCTGGGCCA-1",3.36729282655934,"PMN(2)","10X_ntph_M"
"Male_NTPH_CGCATAACACCATAAC-1",2.99573387055813,"PMN(0)","10X_ntph_M"
"Male_NTPH_ATGGATCTCGCTACAA-1",2.07945174163069,"PMN(1)","10X_ntph_M"
"Male_NTPH_TTGGGATCACTGAGTT-1",2.833221327575,"PMN(0)","10X_ntph_M"
"Male_NTPH_TCAGGTAGTGACAGGT-1",3.0910420124556,"PMN(5)","10X_ntph_M"
"Male_NTPH_TTTACGTTCTCTCAAT-1",2.99572235161967,"PMN(0)","10X_ntph_M"
"Male_NTPH_AGACTCAGTCCTCCTA-1",2.99573803207922,"PMN(3)","10X_ntph_M"
"Male_NTPH_GACCCTTGTAAGCAAT-1",3.82864275430147,"PMN(0)","10X_ntph_M"
"Male_NTPH_CACTAAGAGAGATGCC-1",1.94590002823571,"PMN(1)","10X_ntph_M"
"Male_NTPH_AAACGCTCAGAACATA-1",0.693157220791584,"PMN(4)","10X_ntph_M"
"Male_NTPH_TCATTACAGTTCATGC-1",3.2958456269632,"PMN(0)","10X_ntph_M"
"Male_NTPH_TCGCTTGCAATCCTAG-1",1.7917525395469,"PMN(1)","10X_ntph_M"
"Male_NTPH_CCTTGTGGTCCAAAGG-1",2.68180948338679e-05,"PMN(7)","10X_ntph_M"
"Male_NTPH_AAGTTCGAGGAACGAA-1",3.73763822835208,"PMN(0)","10X_ntph_M"
"Male_NTPH_AGACTCATCTCACCCA-1",6.45956605503056e-06,"PMN(0)","10X_ntph_M"
"Male_NTPH_GTTGTGACACCAAATC-1",1.79175466312672,"PMN(2)","10X_ntph_M"
"Male_NTPH_TCATCATTCGATGGAG-1",1.94591207712925,"PMN(1)","10X_ntph_M"
"Male_NTPH_GATCGTACACTTCAAG-1",1.0986017961065,"PMN(4)","10X_ntph_M"
"Male_NTPH_TCCATGCCAGTATGAA-1",1.79175701070936,"PMN(3)","10X_ntph_M"
"Male_NTPH_GGGATCCTCCGGCAGT-1",3.04451630043051,"PMN(6)","10X_ntph_M"
"Male_NTPH_GTCCACTGTGCTGCAC-1",4.97692038896738e-06,"PMN(0)","10X_ntph_M"
"Male_NTPH_GCGGATCTCCGAGTGC-1",0.693151748977523,"PMN(4)","10X_ntph_M"
"Male_NTPH_TCAGTCCAGAGAACCC-1",2.4849139535284,"PMN(1)","10X_ntph_M"
"Male_NTPH_TGGCGTGTCGGTATGT-1",1.09861628385624,"PMN(1)","10X_ntph_M"
"Male_NTPH_ATTACCTTCTGCGATA-1",1.94590928767744,"PMN(1)","10X_ntph_M"
"Male_NTPH_GCCAGTGTCTGTGCGG-1",1.94590918524482,"PMN(1)","10X_ntph_M"
"Male_NTPH_GTTGTGAAGCTGAAAT-1",2.99575091089221,"PMN(2)","10X_ntph_M"
"Male_NTPH_ACTCCCACATCTGTTT-1",1.79176798206297,"PMN(1)","10X_ntph_M"
"Male_NTPH_CCCAACTCATGGGTTT-1",1.38629376826527,"PMN(1)","10X_ntph_M"
"Male_NTPH_TGAGTCAGTGTTACTG-1",3.09105746005362,"PMN(2)","10X_ntph_M"
"Male_NTPH_TTGAACGGTGGAATGC-1",3.04452694795284,"PMN(1)","10X_ntph_M"
"Male_NTPH_ATCATTCCAAATAAGC-1",-9.95630325040558e-07,"PMN(0)","10X_ntph_M"
"Male_NTPH_GGTAATCTCCTTGAAG-1",3.04451222744828,"PMN(0)","10X_ntph_M"
"Male_NTPH_TCATGCCGTTCTTCAT-1",0.693150646629998,"PMN(4)","10X_ntph_M"
"Male_NTPH_CCACGTTGTCTATGAC-1",3.58352411145537,"PMN(0)","10X_ntph_M"
"Male_NTPH_GAGACTTAGCATCGAG-1",0.693140780750844,"PMN(5)","10X_ntph_M"
"Male_NTPH_ATCTCTATCTCACCCA-1",2.07943155964273,"PMN(0)","10X_ntph_M"
"Male_NTPH_CGAGGAAGTGGACCAA-1",2.99571898039349,"PMN(3)","10X_ntph_M"
"Male_NTPH_TCCATCGAGATGCTGG-1",2.77257998641685,"PMN(3)","10X_ntph_M"
"Male_NTPH_ACCATTTGTTGGGCCT-1",2.56496006793028,"PMN(2)","10X_ntph_M"
"Male_NTPH_CTACGGGGTACAGGTG-1",3.33220919147003,"PMN(0)","10X_ntph_M"
"Male_NTPH_CCAATTTTCTGCCCTA-1",2.94442970594851,"PMN(3)","10X_ntph_M"
"Male_NTPH_GTCACTCGTATTGAGA-1",3.04450661956671,"PMN(5)","10X_ntph_M"
"Male_NTPH_GAGACTTCAAGTATAG-1",1.09858444874702,"PMN(3)","10X_ntph_M"
"Male_NTPH_AGGTAGGGTACAGCGA-1",3.0910330874061,"PMN(1)","10X_ntph_M"
"Male_NTPH_TCGCAGGCAAAGAACT-1",3.33220928892552,"PMN(0)","10X_ntph_M"
"Male_NTPH_TATTGCTCATGATAGA-1",3.13548226301471,"PMN(1)","10X_ntph_M"
"Male_NTPH_CCGTTCACATCAGCAT-1",2.83321639707283,"PMN(1)","10X_ntph_M"
"Male_NTPH_GTGGAAGTCTAGAACC-1",3.25811386463779,"PMN(2)","10X_ntph_M"
"Male_NTPH_ATTACCTCACAGTCGC-1",3.29581523437364,"PMN(1)","10X_ntph_M"
"Male_NTPH_ATCCATTTCGCATGAT-1",3.13549301773415,"PMN(2)","10X_ntph_M"
"Male_NTPH_GCATGATTCTCAATCT-1",2.99572251827979,"PMN(6)","10X_ntph_M"
"Male_NTPH_TCTATCAAGCCGATCC-1",2.397904850643,"PMN(2)","10X_ntph_M"
"Male_NTPH_AACCATGAGCGGACAT-1",3.33220455965055,"PMN(0)","10X_ntph_M"
"Male_NTPH_AAACCCACACAAGGTG-1",3.54204596046414e-06,"PMN(4)","10X_ntph_M"
"Male_NTPH_GAGACTTTCGCTTAAG-1",2.39789703485841,"PMN(2)","10X_ntph_M"
"Male_NTPH_TGCATGAAGGGAGAAT-1",0.693149487380451,"PMN(4)","10X_ntph_M"
"Male_NTPH_TTTCCTCGTAGAATGT-1",2.70805349507527,"PMN(5)","10X_ntph_M"
"Male_NTPH_GCCAACGTCGCAGATT-1",-9.7239308578563e-06,"PMN(0)","10X_ntph_M"
"Male_NTPH_CTCAACCGTCGAAGCA-1",3.4965203784028,"PMN(0)","10X_ntph_M"
"Male_NTPH_TAAGTCGAGGTCACTT-1",3.29585215743519,"PMN(2)","10X_ntph_M"
"Male_NTPH_GTCACGGTCCATTCGC-1",0.693145671764642,"PMN(4)","10X_ntph_M"
"Male_NTPH_CACACAAAGCGCCTAC-1",1.6094360967474,"PMN(0)","10X_ntph_M"
"Male_NTPH_AATGAAGAGAATTGTG-1",1.38627595172794,"PMN(6)","10X_ntph_M"
"Male_NTPH_CGTGAATTCTGTCCGT-1",3.61091956457037,"PMN(0)","10X_ntph_M"
"Male_NTPH_ATACCTTCAAGGTCTT-1",3.17803129613122,"PMN(1)","10X_ntph_M"
"Male_NTPH_AGGAGGTCATGATGCT-1",-2.03377537798555e-06,"PMN(2)","10X_ntph_M"
"Male_NTPH_GCACATAAGGTAAGTT-1",2.89035686776937,"PMN(1)","10X_ntph_M"
"Male_NTPH_GGGATGATCACTTGGA-1",1.09860422943679,"PMN(4)","10X_ntph_M"
"Male_NTPH_CATGGATAGGCTCCCA-1",3.33220287777458,"PMN(0)","10X_ntph_M"
"Male_NTPH_TCAGGTAGTGTATTGC-1",3.55535331984726,"PMN(0)","10X_ntph_M"
"Male_NTPH_CTGGCAGTCGCTGTTC-1",0.693161204630279,"PMN(4)","10X_ntph_M"
"Male_NTPH_TTAGGCAAGCCTGACC-1",-4.26245303013057e-06,"PMN(0)","10X_ntph_M"
"Male_NTPH_TCAAGTGAGACCATAA-1",1.7917573432601,"PMN(5)","10X_ntph_M"
"Male_NTPH_GGCTTGGCACACACGC-1",2.9957299653838,"PMN(0)","10X_ntph_M"
"Male_NTPH_TGGTACAAGAGAGCGG-1",2.39789035125629,"PMN(0)","10X_ntph_M"
"Male_NTPH_GCATCTCAGGGTGAAA-1",2.83321027006202,"PMN(2)","10X_ntph_M"
"Male_NTPH_GACGTTAGTGTGAATA-1",3.29584399997438,"PMN(0)","10X_ntph_M"
"Male_NTPH_TACATTCAGCGTGCCT-1",2.77260628819802,"PMN(0)","10X_ntph_M"
"Male_NTPH_TGTTACTAGCACGATG-1",3.29585255336727,"PMN(6)","10X_ntph_M"
"Male_NTPH_AACAACCAGTCACTAC-1",3.29583572224372,"PMN(2)","10X_ntph_M"
"Male_NTPH_CACGAATGTCAGTCTA-1",3.25810239414394,"PMN(0)","10X_ntph_M"
"Male_NTPH_AGTTAGCCAATTGCCA-1",2.63905149090786,"PMN(0)","10X_ntph_M"
"Male_NTPH_CGTAATGCAACGGGTA-1",0.693132102731032,"PMN(6)","10X_ntph_M"
"Male_NTPH_CTAACTTCACGTAGAG-1",3.21888101118541,"PMN(6)","10X_ntph_M"
"Male_NTPH_AGTCAACGTTCGTGCG-1",2.19722825377691,"PMN(4)","10X_ntph_M"
"Male_NTPH_ATCACGAAGTGGAAAG-1",2.83322931845668,"PMN(0)","10X_ntph_M"
"Male_NTPH_AACGTCATCTGCGGAC-1",3.33220277511741,"PMN(0)","10X_ntph_M"
"Male_NTPH_TGGAGAGGTCCTTGTC-1",3.25807939834183,"PMN(1)","10X_ntph_M"
"Male_NTPH_GATCATGAGCAATTAG-1",2.77259157080496,"PMN(0)","10X_ntph_M"
"Male_NTPH_TGTCAGAGTCCTCAGG-1",3.04450728312681,"PMN(2)","10X_ntph_M"
"Male_NTPH_TGTGTGACATCGTGGC-1",2.39788410051412,"PMN(5)","10X_ntph_M"
"Male_NTPH_GTCTACCGTAAGCGGT-1",3.17804920798541,"PMN(6)","10X_ntph_M"
"Male_NTPH_TCAGTCCTCACGGTCG-1",3.25809203403404,"PMN(0)","10X_ntph_M"
"Male_NTPH_GTCTGTCCAAGGCAAC-1",3.80664871749197,"PMN(2)","10X_ntph_M"
"Male_NTPH_GTCTCACTCAGAGCGA-1",1.94592063497045,"PMN(3)","10X_ntph_M"
"Male_NTPH_GTAGATCTCCTTCACG-1",3.0555621676614e-06,"PMN(0)","10X_ntph_M"
"Male_NTPH_CCTCAGTTCTGCTAGA-1",2.39788608531221,"PMN(1)","10X_ntph_M"
"Male_NTPH_ATACCTTGTGCCTGAC-1",0.693138728334075,"PMN(4)","10X_ntph_M"
"Male_NTPH_CGAGTGCAGCAATAAC-1",2.77257644898303,"PMN(0)","10X_ntph_M"
"Male_NTPH_AAAGTGAAGAGCAAGA-1",2.07944505697292,"PMN(3)","10X_ntph_M"
"Male_NTPH_CGAGTGCTCATGCCAA-1",3.13550302419497,"PMN(0)","10X_ntph_M"
"Male_NTPH_AGGTGTTTCTCTATAC-1",1.38628982145109,"PMN(5)","10X_ntph_M"
"Male_NTPH_CATCGTCTCGTAGGGA-1",1.79176964969014,"PMN(2)","10X_ntph_M"
"Male_NTPH_AGTAGTCAGTCCGCGT-1",1.38629116900109,"PMN(3)","10X_ntph_M"
"Male_NTPH_CACTTCGGTACGATTC-1",1.60944049378921,"PMN(4)","10X_ntph_M"
"Male_NTPH_CAACCTCTCGTAGGAG-1",0.693158344202609,"PMN(1)","10X_ntph_M"
"Male_NTPH_ATCGCCTAGCTCAGAG-1",1.6094301913511,"PMN(2)","10X_ntph_M"
"Male_NTPH_ATGGGAGCAGTCGCTG-1",1.38629548706295,"PMN(4)","10X_ntph_M"
"Male_NTPH_AGATGCTAGAAGTATC-1",2.39790058842076,"PMN(3)","10X_ntph_M"
"Male_NTPH_AGTCACAGTACGTACT-1",2.19722034830971,"PMN(1)","10X_ntph_M"
"Male_NTPH_GTAAGTCAGTTTCGGT-1",3.09104393959824,"PMN(0)","10X_ntph_M"
"Male_NTPH_GTCACTCCAACTTGCA-1",3.21887981773129,"PMN(3)","10X_ntph_M"
"Male_NTPH_TTCATGTGTATCGTGT-1",0.693159035080498,"PMN(4)","10X_ntph_M"
"Male_NTPH_CGATGCGCATGACTCA-1",3.21888501582152,"PMN(3)","10X_ntph_M"
"Male_NTPH_ATTGGGTGTATCCCAA-1",2.39789132510136,"PMN(2)","10X_ntph_M"
"Male_NTPH_ATTCCATAGTCACGCC-1",2.94444507157553,"PMN(3)","10X_ntph_M"
"Male_NTPH_CGTGCTTTCCTACAAG-1",1.94592567659855,"PMN(3)","10X_ntph_M"
"Male_NTPH_GTCCCATAGTGGATAT-1",2.30257880304541,"PMN(3)","10X_ntph_M"
"Male_NTPH_TGTCAGACACGACCTG-1",2.7080643935976,"PMN(0)","10X_ntph_M"
"Male_NTPH_CCGGACAGTATGGTAA-1",-1.37066534309718e-05,"PMN(0)","10X_ntph_M"
"Male_NTPH_TTTGTTGGTGCTGATT-1",1.6094289421239,"PMN(1)","10X_ntph_M"
"Male_NTPH_GCATCGGGTCGCTGCA-1",1.79176084035629,"PMN(2)","10X_ntph_M"
"Male_NTPH_TTACTGTCATGCCGAC-1",2.77257167848218,"PMN(1)","10X_ntph_M"
"Male_NTPH_AGACAAAAGGTACAGC-1",1.9459133521359,"PMN(1)","10X_ntph_M"
"Male_NTPH_TCATCATAGCTTCATG-1",1.38627305068371,"PMN(1)","10X_ntph_M"
"Male_NTPH_ATCACGAAGACAGCGT-1",1.79175204471372,"PMN(1)","10X_ntph_M"
"Male_NTPH_CAATCGAGTTCCGGTG-1",2.19721505791856,"PMN(3)","10X_ntph_M"
"Male_NTPH_CTCTGGTTCTCGACCT-1",1.38630370099909,"PMN(4)","10X_ntph_M"
"Male_NTPH_TGTGTGAGTACATACC-1",2.07943054685101,"PMN(3)","10X_ntph_M"
"Male_NTPH_CCATCACTCGTAGCTA-1",3.33221748127622,"PMN(6)","10X_ntph_M"
"Male_NTPH_GTTCTATGTACCGGCT-1",3.78418151522815,"PMN(0)","10X_ntph_M"
"Male_NTPH_CACGTTCCACACGCCA-1",3.78418625199612,"PMN(2)","10X_ntph_M"
"Male_NTPH_TCCTTCTGTCTCGGGT-1",3.555339770688,"PMN(2)","10X_ntph_M"
"Male_NTPH_ACCTACCAGTCCTACA-1",3.33221527669702,"PMN(1)","10X_ntph_M"
"Male_NTPH_CGAGTGCGTTGGGCCT-1",3.04450915877537,"PMN(6)","10X_ntph_M"
"Male_NTPH_TTCGGTCCAAATCCCA-1",2.77259612131477,"PMN(2)","10X_ntph_M"
"Male_NTPH_TCAATCTAGAAACTCA-1",3.21888559159971,"PMN(1)","10X_ntph_M"
"Male_NTPH_ACAAAGAAGAGCCCAA-1",3.258092769869,"PMN(2)","10X_ntph_M"
"Male_NTPH_CGATGCGAGACCATTC-1",-1.30089125498605e-05,"PMN(4)","10X_ntph_M"
"Male_NTPH_ATTTCTGTCGTACCTC-1",2.48491390183145,"PMN(5)","10X_ntph_M"
"Male_NTPH_TTAGGGTCACCTCTGT-1",2.3978855695966,"PMN(1)","10X_ntph_M"
"Male_NTPH_GTCATGACAACGAGGT-1",3.21886695074461,"PMN(2)","10X_ntph_M"
"Male_NTPH_GGTAGAGTCGTAACAC-1",1.60943105026633,"PMN(1)","10X_ntph_M"
"Male_NTPH_TCTCAGCGTGTTACTG-1",3.7376602767146,"PMN(2)","10X_ntph_M"
"Male_NTPH_CAACAGTTCACTGTTT-1",1.65832732814445e-05,"PMN(7)","10X_ntph_M"
"Male_NTPH_GTGCTGGGTATCACCA-1",1.38630050243643,"PMN(3)","10X_ntph_M"
"Male_NTPH_TGCGGGTCAGCGACCT-1",3.09104583977119,"PMN(2)","10X_ntph_M"
"Male_NTPH_GCAACATAGGGCTTCC-1",2.63905156952565,"PMN(5)","10X_ntph_M"
"Male_NTPH_GTGGCGTGTTGCTCCT-1",2.77259922899563,"PMN(0)","10X_ntph_M"
"Male_NTPH_CTAGGTAAGTTGCCTA-1",3.21886566039589,"PMN(0)","10X_ntph_M"
"Male_NTPH_GAAGCCCTCTACCTTA-1",2.30258299129202,"PMN(5)","10X_ntph_M"
"Male_NTPH_ACACGCGCAAGAGGTC-1",2.3979063026544,"PMN(5)","10X_ntph_M"
"Male_NTPH_AGCCAGCTCCATCACC-1",1.38628502355424,"PMN(5)","10X_ntph_M"
"Male_NTPH_TATCAGGCACGGCGTT-1",1.09861266206473,"PMN(4)","10X_ntph_M"
"Male_NTPH_GATAGAAGTATTTCGG-1",3.36728813922502,"PMN(2)","10X_ntph_M"
"Male_NTPH_CACTGTCGTAGAATGT-1",2.83320946839392,"PMN(1)","10X_ntph_M"
"Male_NTPH_TGTCCACAGACGAAGA-1",3.43398666608772,"PMN(2)","10X_ntph_M"
"Male_NTPH_CCTAACCTCTGATGGT-1",2.70804831567745,"PMN(0)","10X_ntph_M"
"Male_NTPH_GCATTAGGTATGCGTT-1",2.56495901444567,"PMN(2)","10X_ntph_M"
"Male_NTPH_TTGACCCGTTCTAACG-1",6.25906596890689e-06,"PMN(0)","10X_ntph_M"
"Male_NTPH_GTCCCATTCCCGATCT-1",1.09862046759634,"PMN(1)","10X_ntph_M"
"Male_NTPH_GAGCTGCTCATTGGTG-1",2.48491511416926,"PMN(1)","10X_ntph_M"
"Male_NTPH_TGAATGCAGAACGCGT-1",2.63907064658849,"PMN(0)","10X_ntph_M"
"Male_NTPH_CCCTCTCTCCCGAATA-1",2.26968255002825e-06,"PMN(4)","10X_ntph_M"
"Male_NTPH_CGTTCTGCACTACCCT-1",6.5350981979275e-06,"PMN(4)","10X_ntph_M"
"Male_NTPH_CATCGTCTCTTGCAAG-1",1.79175606278461,"PMN(3)","10X_ntph_M"
"Male_NTPH_CGGAACCTCGCCTCTA-1",3.36729467019585,"PMN(6)","10X_ntph_M"
"Male_NTPH_ATCCGTCAGTAGTCAA-1",1.0986176471729,"PMN(0)","10X_ntph_M"
"Male_NTPH_TACATTCCAGAGATTA-1",3.49650418459885,"PMN(0)","10X_ntph_M"
"Male_NTPH_GTCTAGATCAAACGTC-1",2.30258134880623,"PMN(3)","10X_ntph_M"
"Male_NTPH_CTGCTCAAGCACTTTG-1",3.29583959383988,"PMN(2)","10X_ntph_M"
"Male_NTPH_ACTATCTCATCATTGG-1",2.70806556028023,"PMN(1)","10X_ntph_M"
"Male_NTPH_ACCAACACAATAGTAG-1",1.09859836977125,"PMN(1)","10X_ntph_M"
"Male_NTPH_TCAAGCACACACGCCA-1",2.30258037664396,"PMN(1)","10X_ntph_M"
"Male_NTPH_TATCCTAGTTGCCGCA-1",1.38629817697007,"PMN(1)","10X_ntph_M"
"Male_NTPH_TCGGTCTGTCTTTATC-1",3.21887901827906,"PMN(2)","10X_ntph_M"
"Male_NTPH_TCACGCTAGACATCCT-1",2.39788112513655,"PMN(1)","10X_ntph_M"
"Male_NTPH_GTCAGCGAGTATGGAT-1",3.52635312747365,"PMN(0)","10X_ntph_M"
"Male_NTPH_TACTTACGTCTCCTGT-1",2.94442776185491,"PMN(5)","10X_ntph_M"
"Male_NTPH_AGTGACTTCCCGAGAC-1",1.09861183302214,"PMN(5)","10X_ntph_M"
"Male_NTPH_AACTTCTAGATGGCGT-1",2.56496249309294,"PMN(1)","10X_ntph_M"
"Male_NTPH_CCACGAGGTCAACGCC-1",1.09861227284769,"PMN(4)","10X_ntph_M"
"Male_NTPH_AAGACAAGTATCGCTA-1",-2.12091233815896e-06,"PMN(4)","10X_ntph_M"
"Male_NTPH_GCAGTTAGTCTTCCGT-1",2.63907986436535,"PMN(1)","10X_ntph_M"
"Male_NTPH_GAGTTTGAGACTCGAG-1",1.09860622619679,"PMN(1)","10X_ntph_M"
"Male_NTPH_TCAGTTTGTAATGATG-1",3.09104359158587,"PMN(2)","10X_ntph_M"
"Male_NTPH_CCCTCTCGTTAAGACA-1",-3.34740454208365e-06,"PMN(4)","10X_ntph_M"
"Male_NTPH_TTGCTGCTCGCCGAGT-1",0.693138107742971,"PMN(4)","10X_ntph_M"
"Male_NTPH_CTCTCGAGTGGTGATG-1",2.30259115157123,"PMN(1)","10X_ntph_M"
"Male_NTPH_ATTCCCGAGCGTACAG-1",3.33219928201676,"PMN(2)","10X_ntph_M"
"Male_NTPH_CAGCAGCGTAACACCT-1",3.33221301456913,"PMN(3)","10X_ntph_M"
"Male_NTPH_GTCTGTCCACCACTGG-1",3.43398312412443,"PMN(0)","10X_ntph_M"
"Male_NTPH_AGGCTGCAGCCATTGT-1",2.48490523170143,"PMN(3)","10X_ntph_M"
"Male_NTPH_TGCAGGCGTAAGGAGA-1",2.0794334026991,"PMN(3)","10X_ntph_M"
"Male_NTPH_TTGCCTGAGGAAGTAG-1",1.79175621382216,"PMN(3)","10X_ntph_M"
"Male_NTPH_ATATCCTCAACAACAA-1",3.21887960644217,"PMN(2)","10X_ntph_M"
"Male_NTPH_AACCCAAGTCGGATTT-1",3.25807659316786,"PMN(5)","10X_ntph_M"
"Male_NTPH_CATTTCAGTAACACCT-1",-9.99356693242897e-06,"PMN(1)","10X_ntph_M"
"Male_NTPH_AACCCAAAGTCATCGT-1",1.94591298727954,"PMN(3)","10X_ntph_M"
"Male_NTPH_CTTCCGAAGACATAGT-1",1.38628334918012,"PMN(0)","10X_ntph_M"
"Male_NTPH_GTTATGGCAAATACGA-1",2.39790510626819,"PMN(1)","10X_ntph_M"
"Male_NTPH_CACTGGGTCGACGCTG-1",2.94442881291238,"PMN(2)","10X_ntph_M"
"Male_NTPH_GGAATGGAGATCGCCC-1",3.61090927356927,"PMN(0)","10X_ntph_M"
"Male_NTPH_TCAGTCCAGGCATCGA-1",-2.26986669320353e-06,"PMN(3)","10X_ntph_M"
"Male_NTPH_TATTTCGAGCCTTTGA-1",2.56494663358094,"PMN(2)","10X_ntph_M"
"Male_NTPH_TATTTCGTCAGGGTAG-1",1.94590761115093,"PMN(1)","10X_ntph_M"
"Male_NTPH_CGTGCTTAGTTCGGTT-1",2.48491080755173,"PMN(1)","10X_ntph_M"
"Male_NTPH_CTCAATTAGTCTGTAC-1",2.19723030175492,"PMN(4)","10X_ntph_M"
"Male_NTPH_CAATTTCCAATGTCTG-1",1.0985941063057,"PMN(4)","10X_ntph_M"
"Male_NTPH_AGGTCTAAGCAACTTC-1",2.7080597344707,"PMN(2)","10X_ntph_M"
"Male_NTPH_TTCAATCGTCACTCGG-1",3.46574934527845,"PMN(0)","10X_ntph_M"
"Male_NTPH_CTACCCATCTGGCCAG-1",2.83320579935406,"PMN(1)","10X_ntph_M"
"Male_NTPH_TCTATACAGAATCGCG-1",3.17803496132558,"PMN(6)","10X_ntph_M"
"Male_NTPH_TTTACGTTCATCTATC-1",2.99571588195403,"PMN(0)","10X_ntph_M"
"Male_NTPH_ATTCAGGCAGCGTGCT-1",2.94441985096751,"PMN(2)","10X_ntph_M"
"Male_NTPH_CCCATTGCATTCACCC-1",3.87120409811851,"PMN(1)","10X_ntph_M"
"Male_NTPH_CATGCCTCACGGGCTT-1",0.693153522135866,"PMN(4)","10X_ntph_M"
"Male_NTPH_CGTGAATGTGACTCGC-1",1.09862702834534,"PMN(1)","10X_ntph_M"
"Male_NTPH_GAGTGTTCAGCCGTTG-1",2.19722781305718,"PMN(2)","10X_ntph_M"
"Male_NTPH_TACGGGCAGCGGATCA-1",2.48491588488925,"PMN(2)","10X_ntph_M"
"Male_NTPH_CATCGGGCAACCGCCA-1",3.09103688453392,"PMN(1)","10X_ntph_M"
"Male_NTPH_ACAGCCGTCCCATAAG-1",3.73765968897483,"PMN(2)","10X_ntph_M"
"Male_NTPH_GCATTAGGTTTGCCGG-1",2.89037443152298,"PMN(3)","10X_ntph_M"
"Male_NTPH_GATCGTATCGCTGTCT-1",3.36729920201588,"PMN(3)","10X_ntph_M"
"Male_NTPH_TTAGTCTGTCTAGTGT-1",2.3978745397224,"PMN(1)","10X_ntph_M"
"Male_NTPH_CAACCAAGTCGTGCCA-1",2.94444835853576,"PMN(0)","10X_ntph_M"
"Male_NTPH_CCTCCAACAGCTGTTA-1",2.07943541103384,"PMN(0)","10X_ntph_M"
"Male_NTPH_TTCACGCAGCTGGAGT-1",2.5649482365325,"PMN(0)","10X_ntph_M"
"Male_NTPH_CCTAAGACATCGTCCT-1",2.19721443808198,"PMN(2)","10X_ntph_M"
"Male_NTPH_GTGGCGTGTACAGTTC-1",2.39790163672584,"PMN(5)","10X_ntph_M"
"Male_NTPH_TCACTATTCCTATGGA-1",2.19722087010814,"PMN(1)","10X_ntph_M"
"Male_NTPH_TCCATGCTCCCATTCG-1",2.77257450890965,"PMN(0)","10X_ntph_M"
"Male_NTPH_TAGCACAAGGATGGCT-1",2.70805309200451,"PMN(1)","10X_ntph_M"
"Male_NTPH_GAGTTACAGTTGCGAG-1",1.38627788241313,"PMN(4)","10X_ntph_M"
"Male_NTPH_CTCCTTTAGAGCATAT-1",3.36729392753425,"PMN(3)","10X_ntph_M"
"Male_NTPH_TGATTCTAGAAACTGT-1",1.94591034309562,"PMN(4)","10X_ntph_M"
"Male_NTPH_TCTTAGTAGAATGTTG-1",1.6094649307447,"PMN(0)","10X_ntph_M"
"Male_NTPH_CCTTGTGAGGATATAC-1",2.83321845377177,"PMN(5)","10X_ntph_M"
"Male_NTPH_ACCAAACAGACCATGG-1",3.33219177673577,"PMN(3)","10X_ntph_M"
"Male_NTPH_TAGTGCATCTCCGCAT-1",3.76437913312468e-06,"PMN(7)","10X_ntph_M"
"Male_NTPH_CTGCCATTCATGCATG-1",-9.87659900483044e-07,"PMN(4)","10X_ntph_M"
"Male_NTPH_TACCCACTCGCTGATA-1",2.63905953506021,"PMN(5)","10X_ntph_M"
"Male_NTPH_TCATTACTCGACACCG-1",2.63904117034656,"PMN(2)","10X_ntph_M"
"Male_NTPH_TACAACGTCTACTGCC-1",3.40121419069233,"PMN(2)","10X_ntph_M"
"Male_NTPH_CCCTCTCCACAGCCTG-1",2.89037734025385,"PMN(2)","10X_ntph_M"
"Male_NTPH_ATGAGGGAGAGCGACT-1",3.71356830279592,"PMN(2)","10X_ntph_M"
"Male_NTPH_CCTCCTCCAAGCTCTA-1",-2.02756608489503e-05,"PMN(0)","10X_ntph_M"
"Male_NTPH_CTTCCGAGTTACCCTC-1",2.94444295821954,"PMN(2)","10X_ntph_M"
"Male_NTPH_CAATTTCCAGCAGGAT-1",2.89035778892351,"PMN(6)","10X_ntph_M"
"Male_NTPH_TTCACGCTCAACTGAC-1",0.693135357854726,"PMN(4)","10X_ntph_M"
"Male_NTPH_CAGGCCAGTGAGACGT-1",2.94444440241578,"PMN(2)","10X_ntph_M"
"Male_NTPH_TTACTGTTCGGCACTG-1",2.70805754831371,"PMN(0)","10X_ntph_M"
"Male_NTPH_ACGTCCTGTGGACCAA-1",1.60943412739214,"PMN(4)","10X_ntph_M"
"Male_NTPH_GTTGTCCGTCTGTGGC-1",2.89035532984045,"PMN(0)","10X_ntph_M"
"Male_NTPH_ACATCGAAGGGATGTC-1",3.40117384531914,"PMN(2)","10X_ntph_M"
"Male_NTPH_GATCAGTGTAGATCGG-1",1.38628035927479,"PMN(4)","10X_ntph_M"
"Male_NTPH_GAGGCCTGTGACAGGT-1",2.3025781250623,"PMN(2)","10X_ntph_M"
"Male_NTPH_TACATTCCATTGCTTT-1",2.3978855360636,"PMN(3)","10X_ntph_M"
"Male_NTPH_TACCCACTCATTATCC-1",2.94444219293068,"PMN(2)","10X_ntph_M"
"Male_NTPH_GATGACTTCATAGCAC-1",1.38628617101615,"PMN(3)","10X_ntph_M"
"Male_NTPH_TACACCCTCCTACTGC-1",2.07944626872573,"PMN(3)","10X_ntph_M"
"Male_NTPH_AAAGTCCGTTGAAGTA-1",2.48491860395924,"PMN(2)","10X_ntph_M"
"Male_NTPH_TCCACCAAGCGCCGTT-1",2.19722012075277,"PMN(1)","10X_ntph_M"
"Male_NTPH_TGACAGTGTTCATCGA-1",3.17804029904808,"PMN(0)","10X_ntph_M"
"Male_NTPH_GGAGCAAGTCTGCGCA-1",1.38628251081315,"PMN(2)","10X_ntph_M"
"Male_NTPH_TTCACGCAGCTTCGTA-1",2.77259632830942,"PMN(0)","10X_ntph_M"
"Male_NTPH_AGCATCACACGACCTG-1",1.79174389574713,"PMN(1)","10X_ntph_M"
"Male_NTPH_TTAGTCTAGGTTACAA-1",2.30260111506444,"PMN(6)","10X_ntph_M"
"Male_NTPH_GAATAGATCCAAGAGG-1",3.1780566225082,"PMN(0)","10X_ntph_M"
"Male_NTPH_ACTATCTAGCGTCTGC-1",3.43399678605229,"PMN(0)","10X_ntph_M"
"Male_NTPH_TAGACCACAGATAAAC-1",2.3025777140444,"PMN(2)","10X_ntph_M"
"Male_NTPH_CACAGATGTGATTGGG-1",1.79175305870909,"PMN(5)","10X_ntph_M"
"Male_NTPH_GAAGAATAGGTTCCGC-1",3.09104691797679,"PMN(0)","10X_ntph_M"
"Male_NTPH_ACCCTCAGTTAGGAGC-1",2.48490475766549,"PMN(0)","10X_ntph_M"
"Male_NTPH_TCAATTCGTGTTATCG-1",1.38630024202745,"PMN(5)","10X_ntph_M"
"Male_NTPH_GAGTCATGTACGACTT-1",2.48490476932541,"PMN(2)","10X_ntph_M"
"Male_NTPH_TTACCATTCATGTCAG-1",1.09861045819366,"PMN(4)","10X_ntph_M"
"Male_NTPH_TACTGCCTCTGAATGC-1",3.58353654216697,"PMN(0)","10X_ntph_M"
"Male_NTPH_CGGGCATAGCCGGAAT-1",1.79176438741825,"PMN(2)","10X_ntph_M"
"Male_NTPH_GCTTTCGGTACCCACG-1",2.39787200378466,"PMN(1)","10X_ntph_M"
"Male_NTPH_ATGTCTTCAAAGTGTA-1",1.94591732139585,"PMN(1)","10X_ntph_M"
"Male_NTPH_CTATCCGTCAACTACG-1",1.38628753773214,"PMN(1)","10X_ntph_M"
"Male_NTPH_TCTCTGGCACCCAACG-1",1.09861267481234,"PMN(1)","10X_ntph_M"
"Male_NTPH_TACTTACAGGAGGCAG-1",2.83322687848894,"PMN(1)","10X_ntph_M"
"Male_NTPH_GGGCCATCAAAGGCAC-1",3.66357856002778,"PMN(0)","10X_ntph_M"
"Male_NTPH_GTCCACTAGACTGAGC-1",2.5649295849693,"PMN(0)","10X_ntph_M"
"Male_NTPH_GGGAGATAGTAGCTCT-1",1.0985970346932,"PMN(4)","10X_ntph_M"
"Male_NTPH_AGGTCTATCGGTAACT-1",3.71357644417332,"PMN(5)","10X_ntph_M"
"Male_NTPH_CGATGCGCACGCGCTA-1",1.60943148118091,"PMN(1)","10X_ntph_M"
"Male_NTPH_AGACAAACAGCTGAAG-1",2.0794367809003,"PMN(5)","10X_ntph_M"
"Male_NTPH_CTATCTACACGACGCT-1",3.43399949849783,"PMN(0)","10X_ntph_M"
"Male_NTPH_AAGCATCCATCCAACA-1",3.78418501833892,"PMN(2)","10X_ntph_M"
"Male_NTPH_GACTATGGTGTAACGG-1",3.43397553317999,"PMN(2)","10X_ntph_M"
"Male_NTPH_GCGATCGGTAGGTGCA-1",3.43398420096073,"PMN(0)","10X_ntph_M"
"Male_NTPH_CACATGACACCGGCTA-1",2.30259279273387,"PMN(4)","10X_ntph_M"
"Male_NTPH_ACACGCGTCCCTCGTA-1",3.17805623297594,"PMN(2)","10X_ntph_M"
"Male_NTPH_AGGATCTGTCACTCAA-1",7.54168797301627e-06,"PMN(0)","10X_ntph_M"
"Male_NTPH_TTCGATTGTAGGACCA-1",1.94589245823967,"PMN(5)","10X_ntph_M"
"Male_NTPH_TGCTTCGCAACGATTC-1",3.46573706612293,"PMN(2)","10X_ntph_M"
"Male_NTPH_CCTCTAGGTCATTCCC-1",2.70805712132761,"PMN(0)","10X_ntph_M"
"Male_NTPH_TAGCACATCCCAGTGG-1",2.07945532154009,"PMN(1)","10X_ntph_M"
"Male_NTPH_TCGGTCTAGCGCTGAA-1",1.60941055273199,"PMN(5)","10X_ntph_M"
"Male_NTPH_TGGAACTGTTGCCATA-1",3.43397937883324,"PMN(2)","10X_ntph_M"
"Male_NTPH_AGGACTTAGCAACAAT-1",3.40120546209556,"PMN(2)","10X_ntph_M"
"Male_NTPH_AACGAAACAAGTTCGT-1",2.48491189047386,"PMN(2)","10X_ntph_M"
"Male_NTPH_TGCATCCTCCGTAGGC-1",1.60944147361184,"PMN(1)","10X_ntph_M"
"Male_NTPH_ATGATCGGTGGAAGTC-1",2.0794254921297,"PMN(3)","10X_ntph_M"
"Male_NTPH_TGAGTCATCCTGCTAC-1",0.693143953739349,"PMN(1)","10X_ntph_M"
"Male_NTPH_GGGTGTCGTTCTTGCC-1",2.99571065896008,"PMN(2)","10X_ntph_M"
"Male_NTPH_TCACGGGGTCGAGATG-1",3.63758635069341,"PMN(0)","10X_ntph_M"
"Male_NTPH_TGCAGGCCAGCAGTCC-1",0.69313725351614,"PMN(4)","10X_ntph_M"
"Male_NTPH_GGGTCACTCCGACAGC-1",0.69313278290585,"PMN(1)","10X_ntph_M"
"Male_NTPH_GTTACGATCATCCTGC-1",3.17805552326347,"PMN(5)","10X_ntph_M"
"Male_NTPH_TGAATGCAGCACACAG-1",2.9957505218126,"PMN(2)","10X_ntph_M"
"Male_NTPH_GCATCTCTCCGAGCTG-1",3.21885998045038,"PMN(6)","10X_ntph_M"
"Male_NTPH_AGGGTGAAGGTGATAT-1",2.94443024086626,"PMN(0)","10X_ntph_M"
"Male_NTPH_TACGTCCAGGGACACT-1",2.99573031574452,"PMN(2)","10X_ntph_M"
"Male_NTPH_AAATGGAAGTATGGCG-1",3.63757909319956,"PMN(5)","10X_ntph_M"
"Male_NTPH_GTTGTAGTCCACACAA-1",3.4011869448211,"PMN(6)","10X_ntph_M"
"Male_NTPH_TGTCCCATCTATCGCC-1",3.04452853774078,"PMN(6)","10X_ntph_M"
"Male_NTPH_CTAAGTGCAGTAACAA-1",3.21886575295008,"PMN(6)","10X_ntph_M"
"Male_NTPH_CTGCCATAGCTGAAAT-1",3.61091629481299,"PMN(0)","10X_ntph_M"
"Male_NTPH_TGAGGTTGTAGTACGG-1",0.693156981078709,"PMN(0)","10X_ntph_M"
"Male_NTPH_TTCGCTGAGACTGTTC-1",2.48491026921059,"PMN(3)","10X_ntph_M"
"Male_NTPH_TTCTTCCAGGCATGGT-1",-1.60565791906829e-05,"PMN(6)","10X_ntph_M"
"Male_NTPH_CTGATCCGTTAATCGC-1",2.48491976035204,"PMN(3)","10X_ntph_M"
"Male_NTPH_GAGTTGTTCTTGATTC-1",2.3979006666801,"PMN(1)","10X_ntph_M"
"Male_NTPH_AGGTTACAGACGTCCC-1",1.09861447661035,"PMN(4)","10X_ntph_M"
"Male_NTPH_ATGCGATGTGACACAG-1",3.33220321050627,"PMN(0)","10X_ntph_M"
"Male_NTPH_ACAGAAATCGAGTCCG-1",0.69313853003103,"PMN(1)","10X_ntph_M"
"Male_NTPH_CATGCCTCAATTGCAC-1",2.56494110107971,"PMN(0)","10X_ntph_M"
"Male_NTPH_CCGGGTAAGTGCCAGA-1",2.77257918084903,"PMN(2)","10X_ntph_M"
"Male_NTPH_AACCAACAGGTACTGG-1",3.36728190774906,"PMN(1)","10X_ntph_M"
"Male_NTPH_AGACCATCAACCAACT-1",3.21888114992517,"PMN(2)","10X_ntph_M"
"Male_NTPH_GTTAGTGTCGTAACCA-1",3.04450883758422,"PMN(2)","10X_ntph_M"
"Male_NTPH_ATGCCTCGTTGCTTGA-1",2.99573645354888,"PMN(2)","10X_ntph_M"
"Male_NTPH_TTCGATTAGTAACGAT-1",0.693138677978382,"PMN(5)","10X_ntph_M"
"Male_NTPH_CTGCAGGTCTGGGTCG-1",3.2188845201318,"PMN(3)","10X_ntph_M"
"Male_NTPH_CAGTTAGCATACACCA-1",3.58352928326047,"PMN(0)","10X_ntph_M"
"Male_NTPH_TGACAGTTCTACTATC-1",0.69314738792782,"PMN(4)","10X_ntph_M"
"Male_NTPH_ATTATCCCATAGGAGC-1",2.48491060098105,"PMN(3)","10X_ntph_M"
"Male_NTPH_GTTTACTGTCTTACAG-1",2.07944430520125,"PMN(3)","10X_ntph_M"
"Male_NTPH_ACCCTCATCTTCGCTG-1",2.07942747259817,"PMN(3)","10X_ntph_M"
"Male_NTPH_CATACTTCATGTTACG-1",2.48491469664146,"PMN(1)","10X_ntph_M"
"Male_NTPH_TGGATCAAGGCATCAG-1",1.38630211166,"PMN(3)","10X_ntph_M"
"Male_NTPH_TGGCGTGCATGTGCTA-1",3.33219542871829,"PMN(5)","10X_ntph_M"
"Male_NTPH_GAGATGGCAGCAGATG-1",2.89036179769501,"PMN(0)","10X_ntph_M"
"Male_NTPH_TCGGGACCACAGAGCA-1",4.07754106937217,"PMN(3)","10X_ntph_M"
"Male_NTPH_ACATGCAGTGACACAG-1",1.94589928823167,"PMN(2)","10X_ntph_M"
"Male_NTPH_TGCTTGCGTTCTCACC-1",3.5553498141107,"PMN(2)","10X_ntph_M"
"Male_NTPH_AGAACCTGTGGGTTGA-1",2.70805654633642,"PMN(3)","10X_ntph_M"
"Male_NTPH_ATGTCCCCAAATAAGC-1",3.09103977030853,"PMN(2)","10X_ntph_M"
"Male_NTPH_GTGCGTGCATGTGACT-1",0.693145746373981,"PMN(3)","10X_ntph_M"
"Male_NTPH_TCGCAGGTCTGTCCCA-1",3.29583001274217,"PMN(0)","10X_ntph_M"
"Male_NTPH_CTAACCCTCAAGCTTG-1",0.693144075938577,"PMN(2)","10X_ntph_M"
"Male_NTPH_ATGCCTCTCACCTTGC-1",2.48490094809251,"PMN(2)","10X_ntph_M"
"Male_NTPH_ATTCGTTCAAGATTGA-1",3.63761150318869,"PMN(0)","10X_ntph_M"
"Male_NTPH_GAGACTTCATTCACAG-1",3.33221052553489,"PMN(1)","10X_ntph_M"
"Male_NTPH_TTCGATTCACGTGTGC-1",1.0986235642802,"PMN(5)","10X_ntph_M"
"Male_NTPH_TACAACGGTGCCGAAA-1",3.95123901606577,"PMN(0)","10X_ntph_M"
"Male_NTPH_TCTGTCGCAGTTCACA-1",2.94443690488142,"PMN(2)","10X_ntph_M"
"Male_NTPH_GAAGCGAGTATAGCTC-1",3.68890691084756,"PMN(0)","10X_ntph_M"
"Male_NTPH_GCCTGTTTCTACGCGG-1",2.39788696989122,"PMN(2)","10X_ntph_M"
"Male_NTPH_TAGGGTTTCTCCAATT-1",2.30257866599276,"PMN(1)","10X_ntph_M"
"Male_NTPH_GCAGCCATCAGCTCTC-1",3.17805241422814,"PMN(2)","10X_ntph_M"
"Male_NTPH_CTGCGAGGTACGTAGG-1",2.9957433172155,"PMN(2)","10X_ntph_M"
"Male_NTPH_TGAGGAGAGAGCCGTA-1",1.09858227842037,"PMN(3)","10X_ntph_M"
"Male_NTPH_CAACCAACATGCCATA-1",3.6109384485825,"PMN(0)","10X_ntph_M"
"Male_NTPH_CATCCACCAATCGCAT-1",3.13548327796863,"PMN(5)","10X_ntph_M"
"Male_NTPH_GATTCGATCCACGGAC-1",2.07942927604468,"PMN(1)","10X_ntph_M"
"Male_NTPH_GGAACCCAGGACAGCT-1",2.99572885078172,"PMN(0)","10X_ntph_M"
"Male_NTPH_TGGTACATCGGTTGTA-1",1.09861887399389,"PMN(4)","10X_ntph_M"
"Male_NTPH_GCAGCCATCACGTCCT-1",0.693138666108918,"PMN(4)","10X_ntph_M"
"Male_NTPH_TAACTTCGTGATTAGA-1",2.99571351372369,"PMN(2)","10X_ntph_M"
"Male_NTPH_TGCAGTACATTGTAGC-1",1.60943301386769,"PMN(3)","10X_ntph_M"
"Male_NTPH_GGGAGTAAGGACTATA-1",2.99573555598802,"PMN(2)","10X_ntph_M"
"Male_NTPH_CCTTCAGTCGCATAGT-1",8.65162051806121e-06,"PMN(1)","10X_ntph_M"
"Male_NTPH_TTAATCCGTGTTAACC-1",2.83322474122338,"PMN(1)","10X_ntph_M"
"Male_NTPH_GTGATGTCATCGTGCG-1",1.79175512967542,"PMN(3)","10X_ntph_M"
"Male_NTPH_AAGGAATGTTCTTGCC-1",2.77260335199775,"PMN(1)","10X_ntph_M"
"Male_NTPH_CTTCCGAAGAGTTGTA-1",0.693159158637055,"PMN(4)","10X_ntph_M"
"Male_NTPH_GCTTGGGTCAGCGCAC-1",2.89036713502957,"PMN(3)","10X_ntph_M"
"Male_NTPH_GGTAACTCAGCTTCCT-1",3.46574503127729,"PMN(0)","10X_ntph_M"
"Male_NTPH_ATCCACCAGATGTTCC-1",2.83322390972896,"PMN(1)","10X_ntph_M"
"Male_NTPH_TGGAACTGTCGTACAT-1",2.77257490669702,"PMN(5)","10X_ntph_M"
"Male_NTPH_CCCAACTTCTCAACCC-1",3.09105767757503,"PMN(1)","10X_ntph_M"
"Male_NTPH_AGATGCTAGGCGTCCT-1",2.5649485772687,"PMN(3)","10X_ntph_M"
"Male_NTPH_CGAAGTTGTCACCACG-1",1.38629938458293,"PMN(2)","10X_ntph_M"
"Male_NTPH_TCATTCATCATCGGGC-1",0.693146308428656,"PMN(5)","10X_ntph_M"
"Male_NTPH_ACTATGGTCATCGCTC-1",3.29582995647047,"PMN(0)","10X_ntph_M"
"Male_NTPH_ATCCATTTCGAGAACG-1",3.09105771758761,"PMN(2)","10X_ntph_M"
"Male_NTPH_GTAGATCAGCGTCAGA-1",3.2581096786883,"PMN(2)","10X_ntph_M"
"Male_NTPH_GTAGGTTCACTGTCGG-1",1.09860159112697,"PMN(3)","10X_ntph_M"
"Male_NTPH_ACATGCAAGAACGCGT-1",2.83321318501757,"PMN(0)","10X_ntph_M"
"Male_NTPH_TGCTCGTTCCATCTAT-1",3.33220989948238,"PMN(2)","10X_ntph_M"
"Male_NTPH_TATTGCTCAAAGGAGA-1",3.33218666300894,"PMN(6)","10X_ntph_M"
"Male_NTPH_CCACGTTAGTGTCATC-1",2.7725842211863,"PMN(5)","10X_ntph_M"
"Male_NTPH_TTAGGCATCGATGCTA-1",3.4012021666269,"PMN(5)","10X_ntph_M"
"Male_NTPH_AGGAGGTGTTCCAAAC-1",1.79175600494233,"PMN(1)","10X_ntph_M"
"Male_NTPH_CTCATGCAGTAATCCC-1",2.94441853630066,"PMN(0)","10X_ntph_M"
"Male_NTPH_CTTCTCTCAACGTTAC-1",2.89035692163623,"PMN(2)","10X_ntph_M"
"Male_NTPH_ATCGGATCAACATACC-1",1.79175023966333,"PMN(4)","10X_ntph_M"
"Male_NTPH_TCATACTTCAGTGTTG-1",3.04452418016873,"PMN(1)","10X_ntph_M"
"Male_NTPH_GGCTTTCCATCCGGTG-1",2.07942336844799,"PMN(1)","10X_ntph_M"
"Male_NTPH_CTCCCAATCAAGCTTG-1",2.30259009340084,"PMN(2)","10X_ntph_M"
"Male_NTPH_TCATGGACACCGTGCA-1",2.56495999292507,"PMN(5)","10X_ntph_M"
"Male_NTPH_AGGTTACTCTGGGCAC-1",2.30257944096744,"PMN(1)","10X_ntph_M"
"Male_NTPH_GCTGGGTAGGACAGCT-1",2.39790471372836,"PMN(2)","10X_ntph_M"
"Male_NTPH_AGGACGATCACCTGGG-1",2.5649590884509,"PMN(2)","10X_ntph_M"
"Male_NTPH_CATCGGGTCAGACTGT-1",3.2188756532075,"PMN(5)","10X_ntph_M"
"Male_NTPH_ACAGAAAGTTGATGTC-1",2.83320974478271,"PMN(0)","10X_ntph_M"
"Male_NTPH_GTTACGACAATTCACG-1",3.61091601080137,"PMN(0)","10X_ntph_M"
"Male_NTPH_GCCATGGTCAGGCGAA-1",3.21885704933726,"PMN(2)","10X_ntph_M"
"Male_NTPH_CTTCGGTAGTGGTCAG-1",1.60944351592943,"PMN(3)","10X_ntph_M"
"Male_NTPH_GTCATTTGTGTGATGG-1",1.94591350290279,"PMN(1)","10X_ntph_M"
"Male_NTPH_TACACCCAGTCTAGAA-1",-1.53022777564646e-06,"PMN(0)","10X_ntph_M"
"Male_NTPH_GCCTGTTAGAATTTGG-1",2.3978680879238,"PMN(3)","10X_ntph_M"
"Male_NTPH_AGGATAATCCATCTAT-1",1.38629728329776,"PMN(0)","10X_ntph_M"
"Male_NTPH_TCAAGTGGTAAGATAC-1",1.38630001434197,"PMN(2)","10X_ntph_M"
"Male_NTPH_AGCGATTAGATGCTTC-1",0.693138438370304,"PMN(1)","10X_ntph_M"
"Male_NTPH_ATGCGATGTCCTGTTC-1",2.07945163201852,"PMN(3)","10X_ntph_M"
"Male_NTPH_GCGGAAAGTGTCGCTG-1",1.60944368298519,"PMN(3)","10X_ntph_M"
"Male_NTPH_GATCAGTTCAAGAATG-1",2.07942966170572,"PMN(1)","10X_ntph_M"
"Male_NTPH_GTCTCACTCTCCGATC-1",1.38628477517852,"PMN(4)","10X_ntph_M"
"Male_NTPH_CCATAAGAGGACAGCT-1",2.56494715000611,"PMN(3)","10X_ntph_M"
"Male_NTPH_ACAAGCTAGGCCACTC-1",0.693137275516706,"PMN(4)","10X_ntph_M"
"Male_NTPH_CATTGAGCAAGCGCAA-1",3.40118692110994,"PMN(5)","10X_ntph_M"
"Male_NTPH_GATGACTCAAGTTCGT-1",1.7917730657072,"PMN(1)","10X_ntph_M"
"Male_NTPH_TTACTGTAGTCAGAGC-1",3.5263489653762,"PMN(5)","10X_ntph_M"
"Male_NTPH_CCGGGTAAGAGGGTCT-1",3.33220711860678,"PMN(0)","10X_ntph_M"
"Male_NTPH_ATACTTCAGCGATTCT-1",1.94589456669056,"PMN(1)","10X_ntph_M"
"Male_NTPH_ACATCCCGTAGTGTGG-1",2.9444389077619,"PMN(2)","10X_ntph_M"
"Male_NTPH_ATCATTCGTGACTATC-1",0.693152857782221,"PMN(4)","10X_ntph_M"
"Male_NTPH_CCCATTGGTACCATAC-1",1.11104418692594e-05,"PMN(0)","10X_ntph_M"
"Male_NTPH_CTTTCGGTCCCGTTCA-1",2.77257752879248,"PMN(6)","10X_ntph_M"
"Male_NTPH_GAAGGGTTCTACGGGC-1",0.693139727203052,"PMN(3)","10X_ntph_M"
"Male_NTPH_CTATAGGAGGCCTAGA-1",1.945919105908,"PMN(0)","10X_ntph_M"
"Male_NTPH_CACACAACATACAGAA-1",1.38630026356416,"PMN(1)","10X_ntph_M"
"Male_NTPH_GTCATTTTCGAGCCAC-1",1.60943502781131,"PMN(1)","10X_ntph_M"
"Male_NTPH_CGTTAGATCACTCCGT-1",2.30258557462871,"PMN(1)","10X_ntph_M"
"Male_NTPH_TGGTAGTGTGAAGCGT-1",-4.88926055790903e-06,"PMN(0)","10X_ntph_M"
"Male_NTPH_TCACACCGTTGGAGGT-1",7.12986584937058e-06,"PMN(0)","10X_ntph_M"
"Male_NTPH_GATTGGTGTGCGCTCA-1",3.09104593926986,"PMN(2)","10X_ntph_M"
"Male_NTPH_GCACGGTAGACCATAA-1",2.77258778662525,"PMN(1)","10X_ntph_M"
"Male_NTPH_GAGTTACCAGCGTACC-1",3.33219605632541,"PMN(0)","10X_ntph_M"
"Male_NTPH_AGAGAGCTCTGCATGA-1",1.60944068849643,"PMN(4)","10X_ntph_M"
"Male_NTPH_AATGGCTTCGCTGATA-1",1.38629147210689,"PMN(0)","10X_ntph_M"
"Male_NTPH_TGCTTCGGTGTGACCC-1",1.38627584785241,"PMN(1)","10X_ntph_M"
"Male_NTPH_TGGAGAGCAGAGCCCT-1",1.6094283577481,"PMN(3)","10X_ntph_M"
"Male_NTPH_CACACAATCACCCTTG-1",3.17803695898945,"PMN(2)","10X_ntph_M"
"Male_NTPH_TTGGGTAGTATGAGCG-1",3.04453177025056,"PMN(2)","10X_ntph_M"
"Male_NTPH_CAACCAAAGCCTGTCG-1",2.70806534061097,"PMN(1)","10X_ntph_M"
"Male_NTPH_CTATCTAGTGTCTTGA-1",0.693170723412562,"PMN(4)","10X_ntph_M"
"Male_NTPH_CCGTTCAAGGTCATCT-1",1.09863365483688,"PMN(4)","10X_ntph_M"
"Male_NTPH_AGTGTTGCACGTCTCT-1",3.04451491198551,"PMN(5)","10X_ntph_M"
"Male_NTPH_ATCACAGAGACAAGCC-1",2.30257256363675,"PMN(3)","10X_ntph_M"
"Male_NTPH_GTTAGTGGTTCGGCCA-1",2.83320709577537,"PMN(1)","10X_ntph_M"
"Male_NTPH_GAGAAATAGGTACAAT-1",0.693159901204636,"PMN(4)","10X_ntph_M"
"Male_NTPH_CAATACGTCTTTACAC-1",1.38628442295613,"PMN(1)","10X_ntph_M"
"Male_NTPH_TTCTCTCTCCTCCACA-1",1.09860520428322,"PMN(5)","10X_ntph_M"
"Male_NTPH_TGCTTGCTCTCGCCTA-1",3.13548674812482,"PMN(1)","10X_ntph_M"
"Male_NTPH_GAGGGTACAAATTGGA-1",2.63905455651316,"PMN(0)","10X_ntph_M"
"Male_NTPH_CATAAGCCATCAGTCA-1",2.995738872521,"PMN(2)","10X_ntph_M"
"Male_NTPH_GTGCTGGAGAGTCAAT-1",2.56493423607273,"PMN(3)","10X_ntph_M"
"Male_NTPH_TAACCAGCAAGTCGTT-1",2.94443876304954,"PMN(1)","10X_ntph_M"
"Male_NTPH_CTGTGGGAGTTTCTTC-1",3.58350139275567,"PMN(2)","10X_ntph_M"
"Male_NTPH_AGAACAAGTACACTCA-1",3.29584722066684,"PMN(6)","10X_ntph_M"
"Male_NTPH_TGAGCATTCGATACGT-1",3.52636914859225,"PMN(3)","10X_ntph_M"
"Male_NTPH_CTAACTTGTCGGTGTC-1",3.25809919346915,"PMN(2)","10X_ntph_M"
"Male_NTPH_AGGCTGCTCATGCCCT-1",2.83321103078644,"PMN(1)","10X_ntph_M"
"Male_NTPH_GCCTGTTGTGCGGATA-1",1.79176971280574,"PMN(3)","10X_ntph_M"
"Male_NTPH_GACGTTAGTGCATACT-1",0.693153354260371,"PMN(4)","10X_ntph_M"
"Male_NTPH_CTCCGATGTACCAATC-1",3.13548250562098,"PMN(0)","10X_ntph_M"
"Male_NTPH_CGGGTCACATGTGGTT-1",1.09863748056378,"PMN(4)","10X_ntph_M"
"Male_NTPH_TGCGACGGTCCGCAGT-1",3.29583053510621,"PMN(0)","10X_ntph_M"
"Male_NTPH_CAATGACGTGACAACG-1",1.09860205336624,"PMN(0)","10X_ntph_M"
"Male_NTPH_CGGACACTCAACTGGT-1",2.77259307917919,"PMN(3)","10X_ntph_M"
"Male_NTPH_GATTGGTAGAGCTTTC-1",2.83321601702164,"PMN(0)","10X_ntph_M"
"Male_NTPH_TCCTAATTCTGCTAGA-1",1.5153477759341e-06,"PMN(7)","10X_ntph_M"
"Male_NTPH_TCTATCAGTCAACCTA-1",3.04450814664243,"PMN(0)","10X_ntph_M"
"Male_NTPH_ATCGCCTGTTCTCACC-1",3.49650848390686,"PMN(3)","10X_ntph_M"
"Male_NTPH_CGGAGAATCAAGTGTC-1",3.40120125516068,"PMN(0)","10X_ntph_M"
"Male_NTPH_CATCCCATCGAACTCA-1",3.29585930336356,"PMN(0)","10X_ntph_M"
"Male_NTPH_GTGGAGAGTGGAAATT-1",1.79175165456596,"PMN(1)","10X_ntph_M"
"Male_NTPH_TACCGGGAGGGCGAAG-1",0.69315458023665,"PMN(4)","10X_ntph_M"
"Male_NTPH_CTACTATTCTACGCGG-1",1.60942932821608,"PMN(4)","10X_ntph_M"
"Male_NTPH_GAATCGTAGAGAGGGC-1",2.39789829298433,"PMN(3)","10X_ntph_M"
"Male_NTPH_TGTCCTGTCGGCTTGG-1",1.60942830148188,"PMN(5)","10X_ntph_M"
"Male_NTPH_GAAACCTGTGCGTGCT-1",2.94441900307608,"PMN(2)","10X_ntph_M"
"Male_NTPH_TTGGTTTTCAGTGTTG-1",2.94441591014777,"PMN(5)","10X_ntph_M"
"Male_NTPH_CAGATTGTCGCATAGT-1",1.0986209609837,"PMN(3)","10X_ntph_M"
"Male_NTPH_ACCCAAATCAGTCTTT-1",0.693147941692644,"PMN(4)","10X_ntph_M"
"Male_NTPH_ACTGATGAGCCTATTG-1",3.09104630560632,"PMN(5)","10X_ntph_M"
"Male_NTPH_GAGTGAGGTTCGGTAT-1",2.63903672729734,"PMN(5)","10X_ntph_M"
"Male_NTPH_ATCGGCGGTTCTCGTC-1",3.29583541246021,"PMN(0)","10X_ntph_M"
"Male_NTPH_GAGACCCGTAGTGGCA-1",1.94591112884948,"PMN(0)","10X_ntph_M"
"Male_NTPH_TTGATGGTCCTACCAC-1",1.65117286843722e-05,"PMN(0)","10X_ntph_M"
"Male_NTPH_AGGAGGTTCCACCCTA-1",2.89036478258031,"PMN(2)","10X_ntph_M"
"Male_NTPH_GTCCACTAGCTATCTG-1",3.13550221946138,"PMN(1)","10X_ntph_M"
"Male_NTPH_CATCGGGCATAACAGA-1",3.13549392966876,"PMN(3)","10X_ntph_M"
"Male_NTPH_AGGAGGTAGTTCGGTT-1",2.48491594914911,"PMN(2)","10X_ntph_M"
"Male_NTPH_GATCATGCACTAAACC-1",2.83321499905228,"PMN(5)","10X_ntph_M"
"Male_NTPH_TTGTGTTCACCCTATC-1",2.8903733167378,"PMN(1)","10X_ntph_M"
"Male_NTPH_CAGGGCTAGACCCGCT-1",2.30258344213184,"PMN(2)","10X_ntph_M"
"Male_NTPH_TAGATCGTCTGCCTCA-1",3.33220538992659,"PMN(3)","10X_ntph_M"
"Male_NTPH_GCCGTGAGTAATGCTC-1",3.73767047680537,"PMN(0)","10X_ntph_M"
"Male_NTPH_ATACCTTGTATCAGGG-1",0.693145464918275,"PMN(1)","10X_ntph_M"
"Male_NTPH_TCCCACAAGAATCGAT-1",2.19722310657409,"PMN(1)","10X_ntph_M"
"Male_NTPH_CTCCCTCCAGTAACAA-1",2.39790377358115,"PMN(5)","10X_ntph_M"
"Male_NTPH_TCCGATCAGACTACGG-1",3.09104059316269,"PMN(0)","10X_ntph_M"
"Male_NTPH_AGAACCTCACCCAAGC-1",3.25808818360614,"PMN(0)","10X_ntph_M"
"Male_NTPH_GTCTTTACAAGTATAG-1",2.89037081264851,"PMN(2)","10X_ntph_M"
"Male_NTPH_CTCAAGATCCCAGCGA-1",0.693134499177552,"PMN(4)","10X_ntph_M"
"Male_NTPH_TTTGGTTCAGAGGCAT-1",0.69316436779236,"PMN(1)","10X_ntph_M"
"Male_NTPH_GAAACCTAGCACTCGC-1",2.77261369064253,"PMN(3)","10X_ntph_M"
"Male_NTPH_CTCACTGAGAGTGAAG-1",0.693146928496934,"PMN(4)","10X_ntph_M"
"Male_NTPH_TTTATGCCATCTTAGG-1",2.19722464766202,"PMN(0)","10X_ntph_M"
"Male_NTPH_GAACGTTAGTAGACCG-1",0.693137363408945,"PMN(4)","10X_ntph_M"
"Male_NTPH_AACAAAGCAAGCGCAA-1",2.99573534589893,"PMN(3)","10X_ntph_M"
"Male_NTPH_TCCGGGACAAGGTCGA-1",1.7917692651358,"PMN(1)","10X_ntph_M"
"Male_NTPH_TTGATGGAGGAATGTT-1",1.38630216823023,"PMN(1)","10X_ntph_M"
"Male_NTPH_CACATGAGTTGTAAAG-1",3.63758608316171,"PMN(0)","10X_ntph_M"
"Male_NTPH_AGGTCTACACGTATAC-1",1.09862487434307,"PMN(3)","10X_ntph_M"
"Male_NTPH_TGGGAGAGTACCCAGC-1",3.13551188427627,"PMN(5)","10X_ntph_M"
"Male_NTPH_CATGCAATCAAATGAG-1",2.07943842620857,"PMN(6)","10X_ntph_M"
"Male_NTPH_AAACGAATCATCGCCT-1",1.38629863085889,"PMN(3)","10X_ntph_M"
"Male_NTPH_TGATGGTGTTAGTCGT-1",2.99574381930627,"PMN(3)","10X_ntph_M"
"Male_NTPH_GCTCAAATCCAGTGTA-1",3.135491344308,"PMN(0)","10X_ntph_M"
"Male_NTPH_GTCATGACACGGGCTT-1",3.17805515803617,"PMN(0)","10X_ntph_M"
"Male_NTPH_GCACTAACATAACAGA-1",2.99572121120399,"PMN(2)","10X_ntph_M"
"Male_NTPH_GTATTGGTCACATCAG-1",1.09860348619951,"PMN(4)","10X_ntph_M"
"Male_NTPH_TTCCTCTAGAGAGGGC-1",1.79173558289383,"PMN(1)","10X_ntph_M"
"Male_NTPH_TCAAGACGTCGACTTA-1",3.36728892949264,"PMN(6)","10X_ntph_M"
"Male_NTPH_AGACTCATCGGATTAC-1",3.43398192591767,"PMN(6)","10X_ntph_M"
"Male_NTPH_TTCTTGAGTTCTTGCC-1",2.83322400716448,"PMN(1)","10X_ntph_M"
"Male_NTPH_TTTATGCCATACATCG-1",3.33219356463306,"PMN(2)","10X_ntph_M"
"Male_NTPH_TTAGTCTTCAAGCGTT-1",3.58351808785662,"PMN(3)","10X_ntph_M"
"Male_NTPH_TAGAGTCCAGTCGGAA-1",1.79175530940555,"PMN(0)","10X_ntph_M"
"Male_NTPH_GTTCCGTAGTATGCAA-1",2.77258488734558,"PMN(5)","10X_ntph_M"
"Male_NTPH_GTGTGGCGTTCTCCCA-1",0.69314856534424,"PMN(4)","10X_ntph_M"
"Male_NTPH_CAGCAGCCAGGAGGAG-1",2.56496438255664,"PMN(1)","10X_ntph_M"
"Male_NTPH_AGCTACAAGTTACGAA-1",2.94442741992252,"PMN(2)","10X_ntph_M"
"Male_NTPH_CTGGACGAGTGTTCAC-1",3.5835257043163,"PMN(0)","10X_ntph_M"
"Male_NTPH_GGAGCAATCCTCGATC-1",3.5835120016747,"PMN(2)","10X_ntph_M"
"Male_NTPH_CTGCAGGCATCATGAC-1",2.89036046306305,"PMN(1)","10X_ntph_M"
"Male_NTPH_GCCATGGTCTGGCCGA-1",3.55535653477259,"PMN(2)","10X_ntph_M"
"Male_NTPH_AGAGCCCCATGGACAG-1",2.30257224979069,"PMN(0)","10X_ntph_M"
"Male_NTPH_ATCTTCATCAAGGACG-1",2.48489713775517,"PMN(2)","10X_ntph_M"
"Male_NTPH_CAGGCCAGTTATCTTC-1",2.48491676494294,"PMN(2)","10X_ntph_M"
"Male_NTPH_GTCGAATGTTCTTAGG-1",1.09861121875198,"PMN(4)","10X_ntph_M"
"Male_NTPH_TCATACTGTTTGTGGT-1",3.46575170956862,"PMN(0)","10X_ntph_M"
"Male_NTPH_GAGTGTTCAGATCCTA-1",1.38632144957354,"PMN(1)","10X_ntph_M"
"Male_NTPH_CCGATCTGTTATAGCC-1",0.693149168564737,"PMN(4)","10X_ntph_M"
"Male_NTPH_TTTACCACATACACCA-1",2.83322094975272,"PMN(2)","10X_ntph_M"
"Male_NTPH_TCAATCTCATGTGTCA-1",3.58352007180799,"PMN(0)","10X_ntph_M"
"Male_NTPH_GTAAGTCGTTATAGCC-1",2.83320771533796,"PMN(2)","10X_ntph_M"
"Male_NTPH_TGACCCTTCCAAGCTA-1",1.60943073262645,"PMN(1)","10X_ntph_M"
"Male_NTPH_ACCGTTCTCCGCAGTG-1",2.77259948569665,"PMN(1)","10X_ntph_M"
"Male_NTPH_TGTAAGCAGACCTTTG-1",3.43399449637217,"PMN(3)","10X_ntph_M"
"Male_NTPH_TACAGGTAGCTAAGTA-1",1.94591486914052,"PMN(5)","10X_ntph_M"
"Male_NTPH_AAGAACACAATGGCAG-1",1.94591903870085,"PMN(0)","10X_ntph_M"
"Male_NTPH_GCATGATCAAACTAGA-1",2.07943020603114,"PMN(1)","10X_ntph_M"
"Male_NTPH_AGGACGAGTCGTGGAA-1",-1.09760333280958e-05,"PMN(7)","10X_ntph_M"
"Male_NTPH_CAGTTAGAGCGATGCA-1",3.33220606033708,"PMN(2)","10X_ntph_M"
"Male_NTPH_TTCGATTTCTGCATGA-1",3.4012027887419,"PMN(2)","10X_ntph_M"
"Male_NTPH_GCATGATTCTCTAGGA-1",2.70806170917454,"PMN(0)","10X_ntph_M"
"Male_NTPH_TGACGCGGTTTACGTG-1",2.99574704405288,"PMN(0)","10X_ntph_M"
"Male_NTPH_AGAAGCGAGGATTACA-1",1.94591197093442,"PMN(1)","10X_ntph_M"
"Male_NTPH_GGGAAGTTCGAAGCCC-1",3.78417862309469,"PMN(3)","10X_ntph_M"
"Male_NTPH_AGCCACGGTCTTTATC-1",3.21886379959557,"PMN(0)","10X_ntph_M"
"Male_NTPH_CTGTGAACAGTCAGAG-1",2.48489698270124,"PMN(0)","10X_ntph_M"
"Male_NTPH_GACCAATTCTCCGAGG-1",3.13550816084175,"PMN(3)","10X_ntph_M"
"Male_NTPH_TCATTTGCATCTTCGC-1",2.07944558528254,"PMN(1)","10X_ntph_M"
"Male_NTPH_AACACACGTAGTGTGG-1",1.94592505221394,"PMN(5)","10X_ntph_M"
"Male_NTPH_CCGGACAGTGTCCTAA-1",0.693140373407085,"PMN(4)","10X_ntph_M"
"Male_NTPH_TGAGGGAAGTCGTCTA-1",3.25809601521768,"PMN(2)","10X_ntph_M"
"Male_NTPH_GAGTGTTGTAACTTCG-1",1.94591651729164,"PMN(0)","10X_ntph_M"
"Male_NTPH_GCCAGTGTCACACCCT-1",3.13549778476174,"PMN(6)","10X_ntph_M"
"Male_NTPH_AGAAGCGCACGAGGAT-1",2.30257333683354,"PMN(5)","10X_ntph_M"
"Male_NTPH_CTCGAGGGTAGCTGCC-1",2.0794266811516,"PMN(1)","10X_ntph_M"
"Male_NTPH_ACACAGTCAAGTGCTT-1",3.33218005645137,"PMN(0)","10X_ntph_M"
"Male_NTPH_GAGAGGTAGCTGGCTC-1",3.21888232686137,"PMN(1)","10X_ntph_M"
"Male_NTPH_CTTCTAAGTTCAACGT-1",3.04452841231188,"PMN(2)","10X_ntph_M"
"Male_NTPH_AGCTTCCGTTTCGTAG-1",3.25809647886614,"PMN(5)","10X_ntph_M"
"Male_NTPH_TGTGAGTGTAAGAACT-1",2.03488045755017e-05,"PMN(0)","10X_ntph_M"
"Male_NTPH_TTCATGTGTTTCGTGA-1",1.09861505155791,"PMN(1)","10X_ntph_M"
"Male_NTPH_GCGGAAAAGAGTCGAC-1",3.21887086020611,"PMN(2)","10X_ntph_M"
"Male_NTPH_AAGTCGTAGCGAGGAG-1",2.30259679515625,"PMN(3)","10X_ntph_M"
"Male_NTPH_TATTCCAGTGCATTAC-1",1.09862233017311,"PMN(0)","10X_ntph_M"
"Male_NTPH_CGCAGGTTCTCCCAAC-1",3.58351187205916,"PMN(2)","10X_ntph_M"
"Male_NTPH_ATTTCACTCCTAACAG-1",1.09861297431062,"PMN(4)","10X_ntph_M"
"Male_NTPH_CGAAGTTCATGAGATA-1",2.63906620387776,"PMN(2)","10X_ntph_M"
"Male_NTPH_ATCCCTGGTGGTCTTA-1",3.95125322938591,"PMN(5)","10X_ntph_M"
"Male_NTPH_GACTGATTCACTAGCA-1",1.94590881929516,"PMN(5)","10X_ntph_M"
"Male_NTPH_AGAGCCCAGTGCAAAT-1",2.19721172149363,"PMN(1)","10X_ntph_M"
"Male_NTPH_CGTCCATGTTGCATCA-1",3.09105906500688,"PMN(6)","10X_ntph_M"
"Male_NTPH_GTAACACAGACGATAT-1",2.77259008800534,"PMN(2)","10X_ntph_M"
"Male_NTPH_TGTGCGGTCTAACGGT-1",2.56494471382326,"PMN(6)","10X_ntph_M"
"Male_NTPH_TTCCACGTCGGTCATA-1",0.693144116321888,"PMN(4)","10X_ntph_M"
"Male_NTPH_TGACTCCTCTCGTTTA-1",2.30258073487104,"PMN(2)","10X_ntph_M"
"Male_NTPH_CACCGTTAGGGCAGGA-1",3.52634344638817,"PMN(2)","10X_ntph_M"
"Male_NTPH_AAACGCTCAGCCCACA-1",3.52635881172395,"PMN(0)","10X_ntph_M"
"Male_NTPH_TGGAACTCACACCTAA-1",2.30259498115156,"PMN(2)","10X_ntph_M"
"Male_NTPH_ATCCACCGTACCCAGC-1",3.91204586184868,"PMN(0)","10X_ntph_M"
"Male_NTPH_TCTGCCAAGGCTATCT-1",2.83320798458603,"PMN(3)","10X_ntph_M"
"Male_NTPH_TCCTAATAGAGTCCGA-1",2.48490475890049,"PMN(1)","10X_ntph_M"
"Male_NTPH_GAAGAATGTTAAGAAC-1",3.17806040285636,"PMN(0)","10X_ntph_M"
"Male_NTPH_ATTCAGGGTTATAGCC-1",3.09104078208214,"PMN(2)","10X_ntph_M"
"Male_NTPH_GACCCAGTCGTACCTC-1",3.13548884825915,"PMN(2)","10X_ntph_M"
"Male_NTPH_TCAGCAAGTGCGTGCT-1",2.30258175860365,"PMN(4)","10X_ntph_M"
"Male_NTPH_CAACCAATCAAGCTTG-1",3.04452466676491,"PMN(2)","10X_ntph_M"
"Male_NTPH_CAGTGCGAGTGAACAT-1",1.09858987164643,"PMN(1)","10X_ntph_M"
"Male_NTPH_CAGATTGAGAGGCTGT-1",2.94443255123557,"PMN(2)","10X_ntph_M"
"Male_NTPH_TGCAGGCCAAGGACAC-1",2.77259001730757,"PMN(0)","10X_ntph_M"
"Male_NTPH_CATACTTAGGGATCAC-1",3.21888083170753,"PMN(2)","10X_ntph_M"
"Male_NTPH_GTGGCGTAGCGTTCAT-1",2.7725789153611,"PMN(0)","10X_ntph_M"
"Male_NTPH_CCTTCAGGTACTTCCC-1",2.56494337325357,"PMN(3)","10X_ntph_M"
"Male_NTPH_GTAATGCTCCACTAGA-1",1.38627749127267,"PMN(5)","10X_ntph_M"
"Male_NTPH_AAGACAAAGACCGTTT-1",1.94591477891034,"PMN(1)","10X_ntph_M"
"Male_NTPH_GACCAATTCTACTCAT-1",2.56495568730729,"PMN(0)","10X_ntph_M"
"Male_NTPH_CAGTTAGTCTTTCAGT-1",3.61091717144411,"PMN(0)","10X_ntph_M"
"Male_NTPH_TCAAGACTCCAAGCAT-1",3.43398748410081,"PMN(0)","10X_ntph_M"
"Male_NTPH_GTTTACTCAATGGCCC-1",2.39787015180348,"PMN(1)","10X_ntph_M"
"Male_NTPH_GTTGTGACAGACGGAT-1",3.04453657256363,"PMN(3)","10X_ntph_M"
"Male_NTPH_TCATGGACATACAGCT-1",1.38629132892452,"PMN(5)","10X_ntph_M"
"Male_NTPH_GAAGAATAGCAGGCAT-1",-5.99311133860702e-06,"PMN(0)","10X_ntph_M"
"Male_NTPH_TCGACGGGTTACGCCG-1",2.48490684640992,"PMN(2)","10X_ntph_M"
"Male_NTPH_ATGAAAGTCTAGCCTC-1",3.66356767245269,"PMN(0)","10X_ntph_M"
"Male_NTPH_CTCAGAAGTGAAGCTG-1",3.04453817457359,"PMN(0)","10X_ntph_M"
"Male_NTPH_AAGATAGCAAGAGATT-1",0.693151066139922,"PMN(4)","10X_ntph_M"
"Male_NTPH_TCAGCAATCTGTCCCA-1",3.43397595552249,"PMN(0)","10X_ntph_M"
"Male_NTPH_ACTTTCAGTCTACAGT-1",3.2188750319895,"PMN(5)","10X_ntph_M"
"Male_NTPH_CTGATCCGTGGGACAT-1",1.94591122448037,"PMN(0)","10X_ntph_M"
"Male_NTPH_TAGGGTTGTGTCTTAG-1",2.83321498650409,"PMN(2)","10X_ntph_M"
"Male_NTPH_TTATTGCAGAGCCTGA-1",1.09862213310956,"PMN(0)","10X_ntph_M"
"Male_NTPH_GTTAGTGTCGCGTGCA-1",3.33220363752807,"PMN(0)","10X_ntph_M"
"Male_NTPH_GATTCTTAGCCTAACT-1",1.94590233120579,"PMN(5)","10X_ntph_M"
"Male_NTPH_TTGTTTGCAGACTCTA-1",3.93183955884895,"PMN(0)","10X_ntph_M"
"Male_NTPH_TGAGGAGCAAACTCGT-1",3.04454989044886,"PMN(2)","10X_ntph_M"
"Male_NTPH_CGCATGGTCAGCGGAA-1",2.4849036461365,"PMN(1)","10X_ntph_M"
"Male_NTPH_TCCATCGTCCCAGCGA-1",3.13550361663618,"PMN(0)","10X_ntph_M"
"Male_NTPH_CACACAAAGCAGCCTC-1",3.46574672692832,"PMN(1)","10X_ntph_M"
"Male_NTPH_TTGGGATCACGACCTG-1",2.77259792320071,"PMN(0)","10X_ntph_M"
"Male_NTPH_GCTTTCGAGCGTTACT-1",2.07943747952765,"PMN(1)","10X_ntph_M"
"Male_NTPH_GAGGGATGTCAAACGG-1",1.79176611425142,"PMN(2)","10X_ntph_M"
"Male_NTPH_CCTGTTGTCGGACGTC-1",1.60945018294455,"PMN(1)","10X_ntph_M"
"Male_NTPH_CCACACTAGCACTCCG-1",2.98890253663116e-05,"PMN(1)","10X_ntph_M"
"Male_NTPH_ATCGCCTAGCCAGACA-1",3.1780578270386,"PMN(2)","10X_ntph_M"
"Male_NTPH_AGGGAGTCATATAGCC-1",3.61091862810574,"PMN(0)","10X_ntph_M"
"Male_NTPH_GCTGCAGAGCGTTCAT-1",-9.48678112117658e-06,"PMN(0)","10X_ntph_M"
"Male_NTPH_CAACGGCAGTTACGGG-1",3.29583700000028,"PMN(2)","10X_ntph_M"
"Male_NTPH_TGCAGTAGTTCCTAAG-1",2.48491370992615,"PMN(2)","10X_ntph_M"
"Male_NTPH_TATACCTGTAAGGTCG-1",2.77259537918294,"PMN(3)","10X_ntph_M"
"Male_NTPH_TGGAGGAGTTTGCCGG-1",2.83320428222497,"PMN(0)","10X_ntph_M"
"Male_NTPH_TTCTGTAAGGATGTTA-1",2.39789532049552,"PMN(2)","10X_ntph_M"
"Male_NTPH_GCGGATCTCTCTCTTC-1",2.56493852810641,"PMN(1)","10X_ntph_M"
"Male_NTPH_GGGATGACACACAGCC-1",1.09861635285526,"PMN(4)","10X_ntph_M"
"Male_NTPH_TCGTGGGCACGAGGAT-1",3.46573681106992,"PMN(2)","10X_ntph_M"
"Male_NTPH_CAACGATCAATAACGA-1",3.21888797660745,"PMN(5)","10X_ntph_M"
"Male_NTPH_ATTCATCTCCGTTTCG-1",3.21887733125732,"PMN(2)","10X_ntph_M"
"Male_NTPH_TTCTAGTCAGCAGATG-1",1.00672183123613e-05,"PMN(4)","10X_ntph_M"
"Male_NTPH_ACACAGTTCCACTAGA-1",3.17805973443782,"PMN(1)","10X_ntph_M"
"Male_NTPH_GAGACTTGTAGACAAT-1",1.94590165810602,"PMN(0)","10X_ntph_M"
"Male_NTPH_TTCACCGAGCGCATCC-1",3.33218959714724,"PMN(2)","10X_ntph_M"
"Male_NTPH_GAGAGGTAGTAAATGC-1",2.7725883153773,"PMN(2)","10X_ntph_M"
"Male_NTPH_GAACACTGTCAGGAGT-1",3.49652951461481,"PMN(2)","10X_ntph_M"
"Male_NTPH_GTCATTTCAACGATCT-1",2.56495698984346,"PMN(6)","10X_ntph_M"
"Male_NTPH_ACGGTTAGTAGGCAAC-1",3.04452767216087,"PMN(5)","10X_ntph_M"
"Male_NTPH_GTATTGGAGACGGTTG-1",3.17806022787493,"PMN(5)","10X_ntph_M"
"Male_NTPH_TTAATCCGTAGGCAAC-1",3.25810943411667,"PMN(0)","10X_ntph_M"
"Male_NTPH_CATTTCAAGTTGAATG-1",3.21889270799212,"PMN(2)","10X_ntph_M"
"Male_NTPH_GTTGCGGAGAATAGTC-1",3.52637016745662,"PMN(0)","10X_ntph_M"
"Male_NTPH_TCGTCCATCACCATCC-1",2.19723749580585,"PMN(1)","10X_ntph_M"
"Male_NTPH_AGTCAACTCACTCGAA-1",3.13550456587658,"PMN(0)","10X_ntph_M"
"Male_NTPH_TGGATGTCAACGGCTC-1",2.56496339849308,"PMN(2)","10X_ntph_M"
"Male_NTPH_GTTGAACGTTAAGAAC-1",1.60944948450633,"PMN(3)","10X_ntph_M"
"Male_NTPH_TAGAGTCAGTCGTTAC-1",1.3862783677883,"PMN(0)","10X_ntph_M"
"Male_NTPH_GAGGGATTCTGTCCGT-1",1.09860477239645,"PMN(3)","10X_ntph_M"
"Male_NTPH_AACGAAATCCCTCTAG-1",3.33220211869489,"PMN(2)","10X_ntph_M"
"Male_NTPH_CACTTCGAGTGCAGCA-1",1.6094377076779,"PMN(4)","10X_ntph_M"
"Male_NTPH_TAACTTCTCTTAGCCC-1",2.89039139162915,"PMN(2)","10X_ntph_M"
"Male_NTPH_ATTCAGGAGATACATG-1",2.39789917125416,"PMN(1)","10X_ntph_M"
"Male_NTPH_TTCCGGTAGAAACACT-1",0.693157846387467,"PMN(4)","10X_ntph_M"
"Male_NTPH_ATGCATGTCCTGGGTG-1",1.79175675709671,"PMN(3)","10X_ntph_M"
"Male_NTPH_GATTCTTGTCCGAAGA-1",3.33220638374152,"PMN(0)","10X_ntph_M"
"Male_NTPH_CACTGAATCTGTCGCT-1",1.38629257087442,"PMN(4)","10X_ntph_M"
"Male_NTPH_CATGAGTAGCCTCCAG-1",1.7917579033633,"PMN(5)","10X_ntph_M"
"Male_NTPH_CCTCCTCCAAGGACAC-1",3.49652545589623,"PMN(5)","10X_ntph_M"
"Male_NTPH_GAGTCATAGTAAGAGG-1",3.09104553839809,"PMN(0)","10X_ntph_M"
"Male_NTPH_CCGAACGCAGCCGTCA-1",1.60944156440419,"PMN(1)","10X_ntph_M"
"Male_NTPH_GGAGCAAAGAATTGCA-1",2.99573185433826,"PMN(2)","10X_ntph_M"
"Male_NTPH_AGGATAACATAGTCAC-1",1.6094319226088,"PMN(0)","10X_ntph_M"
"Male_NTPH_GGAGGTACAACGGTAG-1",0.693145155406523,"PMN(4)","10X_ntph_M"
"Male_NTPH_TTACGCCTCGCCGTGA-1",1.60942576860973,"PMN(1)","10X_ntph_M"
"Male_NTPH_GATCGTACAAATGCGG-1",-1.95263460837836e-07,"PMN(0)","10X_ntph_M"
"Male_NTPH_TAAGTCGTCGCCGAAC-1",2.48489910945263,"PMN(5)","10X_ntph_M"
"Male_NTPH_CTACGGGGTAGTACGG-1",1.18908758835552e-05,"PMN(4)","10X_ntph_M"
"Male_NTPH_ACTGCAAGTGCAGGAT-1",1.60945301410152,"PMN(1)","10X_ntph_M"
"Male_NTPH_GGAGATGGTACGCTAT-1",1.94589844512907,"PMN(1)","10X_ntph_M"
"Male_NTPH_TGATTCTAGGTCGAGT-1",3.40118444237942,"PMN(3)","10X_ntph_M"
"Male_NTPH_GTGGAGAGTACAGCGA-1",2.07943669161331,"PMN(1)","10X_ntph_M"
"Male_NTPH_TCTTAGTGTGGCCCAT-1",2.48490605283731,"PMN(2)","10X_ntph_M"
"Male_NTPH_ATACCTTCATTATGCG-1",2.70805148189932,"PMN(2)","10X_ntph_M"
"Male_NTPH_TCCGATCCATTGTAGC-1",2.07944952100234,"PMN(3)","10X_ntph_M"
"Male_NTPH_TGCGGGTGTCACTCGG-1",1.79174930847305,"PMN(2)","10X_ntph_M"
"Male_NTPH_GCCTGTTGTTTGACAC-1",3.09104491789127,"PMN(2)","10X_ntph_M"
"Male_NTPH_GTGCAGCGTACGCGTC-1",2.56494296864223,"PMN(3)","10X_ntph_M"
"Male_NTPH_GTTAGACGTCGAATGG-1",2.19721855449034,"PMN(1)","10X_ntph_M"
"Male_NTPH_AACGAAAGTTCGAAGG-1",0.693152671626342,"PMN(4)","10X_ntph_M"
"Male_NTPH_GCCAGCAGTCGAGTTT-1",2.19722581828462,"PMN(3)","10X_ntph_M"
"Male_NTPH_AGTTCCCCAGGCTATT-1",1.60944500801665,"PMN(1)","10X_ntph_M"
"Male_NTPH_CGTGATATCAGCCTTC-1",3.09103421645469,"PMN(6)","10X_ntph_M"
"Male_NTPH_TACGGTAGTCTGCAAT-1",3.40119824903369,"PMN(2)","10X_ntph_M"
"Male_NTPH_TACTTACCACAGCCAC-1",1.09861050448616,"PMN(4)","10X_ntph_M"
"Male_NTPH_GCTTTCGAGATGTAGT-1",3.29584710238601,"PMN(6)","10X_ntph_M"
"Male_NTPH_GAGAAATCAGGTCAGA-1",2.56494907824367,"PMN(3)","10X_ntph_M"
"Male_NTPH_GCTGAATAGTTCATGC-1",2.63904936026844,"PMN(3)","10X_ntph_M"
"Male_NTPH_CTGCGAGGTGTTATCG-1",3.40120456961857,"PMN(2)","10X_ntph_M"
"Male_NTPH_GAGTTACCAAAGACGC-1",0.693152433700019,"PMN(4)","10X_ntph_M"
"Male_NTPH_GAGACTTAGTTCCAGT-1",0.693155334643478,"PMN(5)","10X_ntph_M"
"Male_NTPH_TTCCGTGCAATCGCGC-1",2.94444068463108,"PMN(5)","10X_ntph_M"
"Male_NTPH_TTTGACTCAGCAGTGA-1",2.07943316509445,"PMN(2)","10X_ntph_M"
"Male_NTPH_ACGATCAAGTCTGGAG-1",1.09859743470631,"PMN(1)","10X_ntph_M"
"Male_NTPH_TCCCATGCACCGCTAG-1",2.07945254724279,"PMN(5)","10X_ntph_M"
"Male_NTPH_GTCACTCGTGCTTCAA-1",0.693156533033777,"PMN(1)","10X_ntph_M"
"Male_NTPH_TTTCATGAGGTCATCT-1",2.7725891090775,"PMN(2)","10X_ntph_M"
"Male_NTPH_GAACACTGTCATGCAT-1",3.09101850475807,"PMN(0)","10X_ntph_M"
"Male_NTPH_TGCACGGTCACGAACT-1",2.39789430999779,"PMN(1)","10X_ntph_M"
"Male_NTPH_TCCTCGAAGATAGCTA-1",2.1972327678,"PMN(3)","10X_ntph_M"
"Male_NTPH_CCGATGGGTTTGGAAA-1",2.48490173463592,"PMN(0)","10X_ntph_M"
"Male_NTPH_GATAGAAAGGTCTACT-1",1.60944102899687,"PMN(4)","10X_ntph_M"
"Male_NTPH_GTTCCGTTCGCTCTAC-1",3.0445120625571,"PMN(0)","10X_ntph_M"
"Male_NTPH_CCCAACTAGGTGGGTT-1",2.70805533705904,"PMN(0)","10X_ntph_M"
"Male_NTPH_ATGCGATCAGACGATG-1",2.77257540731578,"PMN(5)","10X_ntph_M"
"Male_NTPH_TGACAGTCACCACTGG-1",3.17804831252178,"PMN(2)","10X_ntph_M"
"Male_NTPH_AGCGCTGAGCTGCGAA-1",0.693159537309641,"PMN(4)","10X_ntph_M"
"Male_NTPH_GTCAGCGGTCCGAAGA-1",2.48490442808646,"PMN(2)","10X_ntph_M"
"Male_NTPH_AATGGAATCCTTTAGT-1",1.94592435866389,"PMN(1)","10X_ntph_M"
"Male_NTPH_AGAAGCGAGGAACGAA-1",3.65370199998336e-06,"PMN(0)","10X_ntph_M"
"Male_NTPH_CCGGGTAAGGGATCTG-1",2.39790759125127,"PMN(1)","10X_ntph_M"
"Male_NTPH_TAGATCGGTGCCCTTT-1",3.2958362005667,"PMN(0)","10X_ntph_M"
"Male_NTPH_AAAGTCCAGCCATATC-1",3.46574271339647,"PMN(0)","10X_ntph_M"
"Male_NTPH_TATTGCTGTTGATGTC-1",3.09104778598833,"PMN(3)","10X_ntph_M"
"Male_NTPH_AAACGCTGTTCAGTAC-1",2.07943772761074,"PMN(1)","10X_ntph_M"
"Male_NTPH_TTTGACTAGGGTGAAA-1",2.83322930431054,"PMN(5)","10X_ntph_M"
"Male_NTPH_TACTGCCAGCTTTCCC-1",3.178062735426,"PMN(5)","10X_ntph_M"
"Male_NTPH_TGTTCTACAAACACCT-1",3.78418138821724,"PMN(6)","10X_ntph_M"
"Male_NTPH_GTAATCGAGCAATTAG-1",2.30259698547386,"PMN(1)","10X_ntph_M"
"Male_NTPH_TGAGACTGTCATCTAG-1",2.3978904774497,"PMN(3)","10X_ntph_M"
"Male_NTPH_TAGGAGGAGTTGAAGT-1",2.77256254177954,"PMN(2)","10X_ntph_M"
"Male_NTPH_CTGTATTAGCTTGTTG-1",0.693144962089206,"PMN(4)","10X_ntph_M"
"Male_NTPH_AACACACTCCCGAGGT-1",-9.26637575506017e-06,"PMN(0)","10X_ntph_M"
"Male_NTPH_GGGCCATCACAGAAGC-1",2.56494527939145,"PMN(2)","10X_ntph_M"
"Male_NTPH_ATCTTCATCTACCTTA-1",1.3862883381573,"PMN(1)","10X_ntph_M"
"Male_NTPH_GTTATGGAGAGGTGCT-1",-2.44385774047663e-05,"PMN(1)","10X_ntph_M"
"Male_NTPH_CCTCTAGAGAGGTGCT-1",-5.02961774931847e-06,"PMN(0)","10X_ntph_M"
"Male_NTPH_GCAGGCTTCTCTGCCA-1",2.19723420603985,"PMN(3)","10X_ntph_M"
"Male_NTPH_AACCACAAGTCACTGT-1",2.48488980058627,"PMN(3)","10X_ntph_M"
"Male_NTPH_TCGTAGAAGCGATGCA-1",2.77260322832744,"PMN(3)","10X_ntph_M"
"Male_NTPH_CTCAAGAAGCGCACAA-1",2.07945683684875,"PMN(1)","10X_ntph_M"
"Male_NTPH_AACCTGATCATACGAC-1",2.3978858025925,"PMN(2)","10X_ntph_M"
"Male_NTPH_TGTTGGACACAGTGAG-1",2.77261166882237,"PMN(1)","10X_ntph_M"
"Male_NTPH_AATGACCGTTGGATCT-1",2.30257409884385,"PMN(1)","10X_ntph_M"
"Male_NTPH_CACCGTTTCTGTTCAT-1",0.693148617269712,"PMN(4)","10X_ntph_M"
"Male_NTPH_CGTGAATTCGCCGATG-1",1.94590620473183,"PMN(4)","10X_ntph_M"
"Male_NTPH_TTCTTCCGTGCATGAG-1",3.2581091328876,"PMN(0)","10X_ntph_M"
"Male_NTPH_GGTGGCTCACGCACCA-1",1.3862818261739,"PMN(5)","10X_ntph_M"
"Male_NTPH_GCTACCTAGCAACCAG-1",1.60943329288832,"PMN(5)","10X_ntph_M"
"Male_NTPH_GTCTACCTCTCTCTAA-1",1.38627947668098,"PMN(1)","10X_ntph_M"
"Male_NTPH_ACTGATGGTGGATACG-1",3.04453081986909,"PMN(2)","10X_ntph_M"
"Male_NTPH_GTGGCGTGTCTACACA-1",1.09861801241943,"PMN(4)","10X_ntph_M"
"Male_NTPH_CATTCTATCACCTACC-1",2.63905603854018,"PMN(3)","10X_ntph_M"
"Male_NTPH_CTACCCATCATTCACT-1",3.09103441347158,"PMN(0)","10X_ntph_M"
"Male_NTPH_GGAAGTGTCTCCGATC-1",-9.73259056167225e-06,"PMN(0)","10X_ntph_M"
"Male_NTPH_GCACGGTCACCCTTGT-1",2.77258963891135,"PMN(2)","10X_ntph_M"
"Male_NTPH_GCCAGTGCAGAGTCTT-1",3.17803984479466,"PMN(5)","10X_ntph_M"
"Male_NTPH_TCTAACTCACAGCGCT-1",1.94593072189231,"PMN(2)","10X_ntph_M"
"Male_NTPH_GTCAAGTGTGCTCTCT-1",2.63904630975285,"PMN(0)","10X_ntph_M"
"Male_NTPH_TGATGGTCATTGCTGA-1",2.48490590858067,"PMN(3)","10X_ntph_M"
"Male_NTPH_CCTATCGCAATTGAAG-1",2.99572627424694,"PMN(0)","10X_ntph_M"
"Male_NTPH_GCTGGGTCAACTTGGT-1",3.33220191739978,"PMN(2)","10X_ntph_M"
"Male_NTPH_GAGTTTGGTAACCCTA-1",3.52635972416407,"PMN(0)","10X_ntph_M"
"Male_NTPH_TGGGTTACAATGCTCA-1",2.77259413286996,"PMN(2)","10X_ntph_M"
"Male_NTPH_TGTGATGAGAAGAGCA-1",3.09103418135131,"PMN(0)","10X_ntph_M"
"Male_NTPH_CTCTCGACACTCCACT-1",3.17804411642337,"PMN(2)","10X_ntph_M"
"Male_NTPH_CACGAATGTGTATTCG-1",3.46574378175133,"PMN(0)","10X_ntph_M"
"Male_NTPH_TTTCACACACCAGCTG-1",1.09863240452601,"PMN(1)","10X_ntph_M"
"Male_NTPH_TTACAGGTCTAACACG-1",3.43399439566709,"PMN(2)","10X_ntph_M"
"Male_NTPH_TTGGGTATCAGGCGAA-1",2.83321778849944,"PMN(2)","10X_ntph_M"
"Male_NTPH_ACGTTCCAGCGAGAAA-1",1.79176135791915,"PMN(4)","10X_ntph_M"
"Male_NTPH_AGAAGTAGTGCGTTTA-1",0.693147952476968,"PMN(1)","10X_ntph_M"
"Male_NTPH_CACATGATCCTTGGAA-1",2.63903804172404,"PMN(1)","10X_ntph_M"
"Male_NTPH_TACTTCAGTCATCCCT-1",2.77259444620872,"PMN(0)","10X_ntph_M"
"Male_NTPH_GTGGGAACATTCAGCA-1",0.693142139638243,"PMN(4)","10X_ntph_M"
"Male_NTPH_AGGCATTTCCTCAGAA-1",2.19722756008786,"PMN(1)","10X_ntph_M"
"Male_NTPH_TTTGGAGGTACAAGCG-1",2.70806522808763,"PMN(0)","10X_ntph_M"
"Male_NTPH_TCAGGTAAGTTCTCTT-1",1.09861090302346,"PMN(1)","10X_ntph_M"
"Male_NTPH_CAGCAGCGTATCAGCT-1",3.58352474902122,"PMN(2)","10X_ntph_M"
"Male_NTPH_CGCCAGAAGCGGTAAC-1",-7.10107574329743e-06,"PMN(0)","10X_ntph_M"
"Male_NTPH_CTAACCCAGCCGCTTG-1",2.56496342812987,"PMN(2)","10X_ntph_M"
"Male_NTPH_TCCACCACATCACGGC-1",2.63907161496621,"PMN(2)","10X_ntph_M"
"Male_NTPH_GGACGTCGTACCTAGT-1",2.89037948231399,"PMN(0)","10X_ntph_M"
"Male_NTPH_CAAGCTACATCGGAGA-1",2.77259669949001,"PMN(2)","10X_ntph_M"
"Male_NTPH_AGAAATGCACACTTAG-1",2.07944450758292,"PMN(0)","10X_ntph_M"
"Male_NTPH_AGGAAATAGGGAGGAC-1",3.04452621066853,"PMN(3)","10X_ntph_M"
"Male_NTPH_AGCTCAAGTTCGTACA-1",2.19722958319659,"PMN(2)","10X_ntph_M"
"Male_NTPH_TATTTCGGTCGCCTAG-1",0.693145479115341,"PMN(0)","10X_ntph_M"
"Male_NTPH_TCATGTTAGTCACACT-1",1.79175395588846,"PMN(3)","10X_ntph_M"
"Male_NTPH_AGCGCCAAGCAGGTCA-1",2.63905429374576,"PMN(5)","10X_ntph_M"
"Male_NTPH_TTTAGTCCATGGCTAT-1",2.83321863934861,"PMN(2)","10X_ntph_M"
"Male_NTPH_CCTTGTGGTGGATCGA-1",3.85014374641434,"PMN(0)","10X_ntph_M"
"Male_NTPH_TCTACCGAGCTAATGA-1",0.693127916726074,"PMN(4)","10X_ntph_M"
"Male_NTPH_CCCTAACGTAGTGGCA-1",2.07944893511528,"PMN(5)","10X_ntph_M"
"Male_NTPH_GATCAGTGTCGGTAAG-1",3.40119973820756,"PMN(0)","10X_ntph_M"
"Male_NTPH_AAACGCTTCGAACGGA-1",3.17804706897771,"PMN(2)","10X_ntph_M"
"Male_NTPH_TGTCCCATCCTGGGAC-1",1.09860994470014,"PMN(4)","10X_ntph_M"
"Male_NTPH_AGGACGAGTTACCGTA-1",1.38629840904575,"PMN(1)","10X_ntph_M"
"Male_NTPH_TTCTCTCTCCGTATAG-1",3.66357809896974,"PMN(0)","10X_ntph_M"
"Male_NTPH_CACTGTCCATGACTAC-1",3.04453314846211,"PMN(5)","10X_ntph_M"
"Male_NTPH_TATATCCGTCCCGCAA-1",0.693141117493942,"PMN(3)","10X_ntph_M"
"Male_NTPH_GTCCCATAGACAGTCG-1",2.46543895780787e-05,"PMN(0)","10X_ntph_M"
"Male_NTPH_AAACGAATCTTCCTAA-1",1.94592311978989,"PMN(1)","10X_ntph_M"
"Male_NTPH_AATCACGTCGTGCGAC-1",2.56495424656204,"PMN(2)","10X_ntph_M"
"Male_NTPH_GGGACAATCAGTCAGT-1",1.38629815673005,"PMN(4)","10X_ntph_M"
"Male_NTPH_GGGCCATGTTTAAGGA-1",1.09860733967331,"PMN(4)","10X_ntph_M"
"Male_NTPH_AAATGGATCGGTCTGG-1",1.09861770932297,"PMN(4)","10X_ntph_M"
"Male_NTPH_TTCCTAAAGAGTTCGG-1",2.39790192151374,"PMN(0)","10X_ntph_M"
"Male_NTPH_TGCGATATCTGCTGAA-1",2.89037053896908,"PMN(0)","10X_ntph_M"
"Male_NTPH_CGGACACTCGGTAACT-1",2.63906194858431,"PMN(0)","10X_ntph_M"
"Male_NTPH_AACCACAGTTAATGAG-1",1.09860365214341,"PMN(3)","10X_ntph_M"
"Male_NTPH_GCTGCAGCAGGTGTTT-1",2.5649610784103,"PMN(4)","10X_ntph_M"
"Male_NTPH_GGGTTATCAGAGGCTA-1",2.70804930261972,"PMN(2)","10X_ntph_M"
"Male_NTPH_CTACATTTCGTTAGTG-1",3.13547593708932,"PMN(0)","10X_ntph_M"
"Male_NTPH_TACAACGTCTGACCCT-1",2.07943698962091,"PMN(1)","10X_ntph_M"
"Male_NTPH_TGTAGACTCTCAGAAC-1",2.72339317206077e-06,"PMN(0)","10X_ntph_M"
"Male_NTPH_CGTAATGCACTGTTCC-1",2.77259479834893,"PMN(5)","10X_ntph_M"
"Male_NTPH_CAATACGAGACATGCG-1",0.693135622863913,"PMN(4)","10X_ntph_M"
"Male_NTPH_TCATGTTGTAGACAAT-1",2.99573284309065,"PMN(5)","10X_ntph_M"
"Male_NTPH_CCACGTTCAACGGCTC-1",2.94443797002243,"PMN(5)","10X_ntph_M"
"Male_NTPH_TGCCGAGTCAGCTTCC-1",2.19721981343417,"PMN(1)","10X_ntph_M"
"Male_NTPH_TTACGTTTCATTTGGG-1",2.48489714927226,"PMN(3)","10X_ntph_M"
"Male_NTPH_TAACACGTCATTCGTT-1",1.79174587667461,"PMN(0)","10X_ntph_M"
"Male_NTPH_GTAACCACATGAGAAT-1",2.99573454789557,"PMN(5)","10X_ntph_M"
"Male_NTPH_ACATCGATCGCTTACC-1",3.09103136642851,"PMN(0)","10X_ntph_M"
"Male_NTPH_GAGTTTGTCCCAGGAC-1",3.29582894536103,"PMN(2)","10X_ntph_M"
"Male_NTPH_TCTTAGTGTACACGTT-1",2.19723233563803,"PMN(1)","10X_ntph_M"
"Male_NTPH_ATTCGTTAGGATATGT-1",1.791754319063,"PMN(3)","10X_ntph_M"
"Male_NTPH_GGAATGGGTACGATCT-1",1.60944101440358,"PMN(1)","10X_ntph_M"
"Male_NTPH_ATCACTTGTGACAGGT-1",2.63906759850289,"PMN(3)","10X_ntph_M"
"Male_NTPH_CTATAGGCAAGACTGG-1",1.09861436511954,"PMN(1)","10X_ntph_M"
"Male_NTPH_TGAATGCAGATCGGTG-1",3.46573668119307,"PMN(0)","10X_ntph_M"
"Male_NTPH_AGCGCCAAGTTCACTG-1",3.58351292372522,"PMN(0)","10X_ntph_M"
"Male_NTPH_TCCACCATCACTGGTA-1",1.38628671610044,"PMN(1)","10X_ntph_M"
"Male_NTPH_ATATCCTAGCCTAGGA-1",2.89036310584777,"PMN(1)","10X_ntph_M"
"Male_NTPH_GCGTGCAGTGACTAAA-1",1.60944145929566,"PMN(4)","10X_ntph_M"
"Male_NTPH_ACAAAGATCCGGACGT-1",3.13547559444718,"PMN(0)","10X_ntph_M"
"Male_NTPH_GAAGGACCAGATTAAG-1",2.39789946848667,"PMN(1)","10X_ntph_M"
"Male_NTPH_GACGTTATCTCGCTTG-1",3.46572413346315,"PMN(0)","10X_ntph_M"
"Male_NTPH_GTCACGGTCACACGAT-1",2.63905904134975,"PMN(1)","10X_ntph_M"
"Male_NTPH_CATTCTATCATAGACC-1",3.25810919871326,"PMN(5)","10X_ntph_M"
"Male_NTPH_AACCAACAGTCAAGCG-1",2.7080553533816,"PMN(1)","10X_ntph_M"
"Male_NTPH_ATTTCACTCGTGGGAA-1",1.60943519093235,"PMN(1)","10X_ntph_M"
"Male_NTPH_TACTTCAGTTCCTACC-1",2.70805334876439,"PMN(2)","10X_ntph_M"
"Male_NTPH_CAGATACCATTCCTAT-1",1.79174290238631,"PMN(0)","10X_ntph_M"
"Male_NTPH_GTCTCACCAACTAGAA-1",1.38628883450034,"PMN(1)","10X_ntph_M"
"Male_NTPH_TCATGTTAGAAGCTCG-1",1.38629167445517,"PMN(1)","10X_ntph_M"
"Male_NTPH_CTTACCGCACGCCAGT-1",2.30255828407373,"PMN(2)","10X_ntph_M"
"Male_NTPH_ACCTACCCAAAGCACG-1",3.13551186661467,"PMN(2)","10X_ntph_M"
"Male_NTPH_ACAAGCTGTAGCTTAC-1",1.38629764666638,"PMN(4)","10X_ntph_M"
"Male_NTPH_GAGAAATCAAACAGGC-1",2.56495983753251,"PMN(5)","10X_ntph_M"
"Male_NTPH_GCATGATTCTTACGGA-1",3.0910422457128,"PMN(5)","10X_ntph_M"
"Male_NTPH_TCAAGACAGGGTATAT-1",3.25810137635831,"PMN(2)","10X_ntph_M"
"Male_NTPH_CGAGAAGTCGACGTCG-1",1.09863136825726,"PMN(1)","10X_ntph_M"
"Male_NTPH_CTGTATTTCTCGCTCA-1",2.99573254427903,"PMN(0)","10X_ntph_M"
"Male_NTPH_GATTTCTGTGAGAACC-1",3.09104556936903,"PMN(0)","10X_ntph_M"
"Male_NTPH_TTTCCTCTCGGAGTGA-1",3.17805927897926,"PMN(3)","10X_ntph_M"
"Male_NTPH_GAGTGTTAGACGGATC-1",2.48491045827856,"PMN(2)","10X_ntph_M"
"Male_NTPH_TGGGTTAAGCCGGATA-1",2.07944795242983,"PMN(1)","10X_ntph_M"
"Male_NTPH_CATTGTTTCACTACGA-1",3.17805147088366,"PMN(3)","10X_ntph_M"
"Male_NTPH_AAGTTCGGTTGCCATA-1",1.38629124362599,"PMN(4)","10X_ntph_M"
"Male_NTPH_CGCATAAAGTTACGGG-1",1.79174790300138,"PMN(2)","10X_ntph_M"
"Male_NTPH_ACACTGATCGTGCTCT-1",1.38629101835563,"PMN(1)","10X_ntph_M"
"Male_NTPH_TCTACCGTCAACGAGG-1",3.04451827020977,"PMN(0)","10X_ntph_M"
"Male_NTPH_AGTAACCGTTGTAAAG-1",3.68887369136533,"PMN(5)","10X_ntph_M"
"Male_NTPH_TTCACCGGTGGACTAG-1",1.79176453934268,"PMN(1)","10X_ntph_M"
"Male_NTPH_GTCATTTTCTGTCCCA-1",2.56495229943915,"PMN(2)","10X_ntph_M"
"Male_NTPH_CACAACACAAGTATCC-1",2.19721374323214,"PMN(1)","10X_ntph_M"
"Male_NTPH_TCATTCATCGTCGGGT-1",2.48490240615231,"PMN(2)","10X_ntph_M"
"Male_NTPH_TGAGACTAGTTGTCGT-1",3.43398976387779,"PMN(2)","10X_ntph_M"
"Male_NTPH_AAGACTCTCACTGGGC-1",3.610921396737,"PMN(0)","10X_ntph_M"
"Male_NTPH_GAGGGTACAAGTGGAC-1",3.09104359467653,"PMN(2)","10X_ntph_M"
"Male_NTPH_AATGACCAGCTACGTT-1",1.38628829903524,"PMN(2)","10X_ntph_M"
"Male_NTPH_ACCGTTCTCCAAACCA-1",1.79177622796286,"PMN(0)","10X_ntph_M"
"Male_NTPH_TTCCGTGGTAGCCAGA-1",3.73767420179532,"PMN(2)","10X_ntph_M"
"Male_NTPH_TTCTCTCAGAAATGGG-1",3.09103636361905,"PMN(2)","10X_ntph_M"
"Male_NTPH_CCATAAGAGCTGTTCA-1",2.77260116111447,"PMN(5)","10X_ntph_M"
"Male_NTPH_CGTGATAGTTCGGTAT-1",-4.17240199159802e-06,"PMN(0)","10X_ntph_M"
"Male_NTPH_ACGTTCCCACACACTA-1",2.83323023495875,"PMN(0)","10X_ntph_M"
"Male_NTPH_GACGCTGAGGGCTAAC-1",3.13549451612112,"PMN(0)","10X_ntph_M"
"Male_NTPH_ATTCTACAGTAGCATA-1",3.04451188380062,"PMN(5)","10X_ntph_M"
"Male_NTPH_CAGCCAGCACCCGTAG-1",3.58352336039795,"PMN(0)","10X_ntph_M"
"Male_NTPH_TTTGTTGAGACGGTCA-1",2.94445132397806,"PMN(1)","10X_ntph_M"
"Male_NTPH_ATACCGACAACCCTAA-1",1.94590208112371,"PMN(3)","10X_ntph_M"
"Male_NTPH_CGGAACCTCTTCTGGC-1",1.94589977293658,"PMN(1)","10X_ntph_M"
"Male_NTPH_CGTAAGTAGCCTGAGA-1",3.3672986433764,"PMN(0)","10X_ntph_M"
"Male_NTPH_TCGGTCTTCACCTCAC-1",2.30256671211457,"PMN(1)","10X_ntph_M"
"Male_NTPH_CCTCTCCGTGAGTTTC-1",2.70804692133874,"PMN(5)","10X_ntph_M"
"Male_NTPH_AGCCACGAGACTACCT-1",2.48490089647388,"PMN(2)","10X_ntph_M"
"Male_NTPH_TGTCAGATCAAGTCGT-1",1.09861888506423,"PMN(1)","10X_ntph_M"
"Male_NTPH_AAATGGATCATCACCC-1",3.68886101966504,"PMN(0)","10X_ntph_M"
"Male_NTPH_CGGGTGTGTGTCCACG-1",1.94589492030068,"PMN(2)","10X_ntph_M"
"Male_NTPH_CTACCTGGTTCTCCCA-1",2.83321068722998,"PMN(6)","10X_ntph_M"
"Male_NTPH_AGTGTTGAGGCTGAAC-1",3.40118847029352,"PMN(2)","10X_ntph_M"
"Male_NTPH_AGACCCGTCATCTACT-1",3.76120386524112,"PMN(0)","10X_ntph_M"
"Male_NTPH_TTAGTCTTCCCTCAAC-1",2.99572957108313,"PMN(0)","10X_ntph_M"
"Male_NTPH_TTGGGTATCCTCAGAA-1",2.89036604597545,"PMN(2)","10X_ntph_M"
"Male_NTPH_AGCTTCCCATCATCCC-1",1.79177397797346,"PMN(1)","10X_ntph_M"
"Male_NTPH_CCTTGTGCACAGTGTT-1",2.48488594568256,"PMN(5)","10X_ntph_M"
"Male_NTPH_CATCGTCAGTATAGAC-1",1.09863624033973,"PMN(1)","10X_ntph_M"
"Male_NTPH_AAACCCAGTGGTCTGC-1",2.99573457605037,"PMN(3)","10X_ntph_M"
"Male_NTPH_GGATCTAAGTCCTACA-1",3.52635325568512,"PMN(0)","10X_ntph_M"
"Male_NTPH_CTTGATTAGTAGACAT-1",3.09103140889181,"PMN(0)","10X_ntph_M"
"Male_NTPH_CTCCAACGTTGTGGCC-1",2.48489598768189,"PMN(1)","10X_ntph_M"
"Male_NTPH_GTGAGTTTCCCTCTTT-1",3.46574305761464,"PMN(0)","10X_ntph_M"
"Male_NTPH_TTCATGTCATCGGAGA-1",1.7917696294601,"PMN(1)","10X_ntph_M"
"Male_NTPH_GTAGGAGAGGGAGAAT-1",3.68887246403374,"PMN(0)","10X_ntph_M"
"Male_NTPH_CCTAAGAAGCAACTCT-1",2.83322452680882,"PMN(0)","10X_ntph_M"
"Male_NTPH_CCTTGTGGTAGTCGTT-1",2.30258735296679,"PMN(1)","10X_ntph_M"
"Male_NTPH_GGAATGGCATGAGATA-1",2.56494309815228,"PMN(3)","10X_ntph_M"
"Male_NTPH_CACATGAGTCTACTGA-1",2.89038506726653,"PMN(3)","10X_ntph_M"
"Male_NTPH_TGGGATTAGGCTGAAC-1",1.7917670208297,"PMN(1)","10X_ntph_M"
"Male_NTPH_GTGATGTGTGTCCATA-1",0.6931347760859,"PMN(1)","10X_ntph_M"
"Male_NTPH_AGGCTGCGTCAAACGG-1",2.19723299365726,"PMN(3)","10X_ntph_M"
"Male_NTPH_TCGCTTGGTCCATCTC-1",1.60945128290472,"PMN(5)","10X_ntph_M"
"Male_NTPH_GCATCGGAGTGGGAAA-1",1.60943578603339,"PMN(1)","10X_ntph_M"
"Male_NTPH_GACAGCCGTGGGAGAG-1",3.36728991452733,"PMN(2)","10X_ntph_M"
"Male_NTPH_TTGTTTGAGATGACAT-1",2.99574026339809,"PMN(5)","10X_ntph_M"
"Male_NTPH_CAAGCTAGTCACCGAC-1",3.61093340372699,"PMN(0)","10X_ntph_M"
"Male_NTPH_TCACGCTAGTGCCAGA-1",3.17804933148828,"PMN(1)","10X_ntph_M"
"Male_NTPH_TTCCGGTCAACAGAGC-1",3.68888382479436,"PMN(0)","10X_ntph_M"
"Male_NTPH_GTAGCTAAGATGTTCC-1",3.52637861980634,"PMN(0)","10X_ntph_M"
"Male_NTPH_CGCATGGGTTCGTTCC-1",3.58351651059147,"PMN(0)","10X_ntph_M"
"Male_NTPH_TGCAGGCCACGTAGAG-1",0.693143561955674,"PMN(4)","10X_ntph_M"
"Male_NTPH_CATGGTAGTTCCGCGA-1",0.693140456215896,"PMN(4)","10X_ntph_M"
"Male_NTPH_TGCTCGTCATTAAAGG-1",2.94442815246182,"PMN(1)","10X_ntph_M"
"Male_NTPH_ACTGATGAGACTTCAC-1",3.25808297550259,"PMN(2)","10X_ntph_M"
"Male_NTPH_ATGGATCGTTCCGCGA-1",3.13550014874886,"PMN(2)","10X_ntph_M"
"Male_NTPH_TTCACGCAGTGATCGG-1",2.83321042370026,"PMN(2)","10X_ntph_M"
"Male_NTPH_GTGCGTGGTGCGTTTA-1",3.89180615879199,"PMN(0)","10X_ntph_M"
"Male_NTPH_GGGCTACCAAGGCAAC-1",2.30259022058575,"PMN(0)","10X_ntph_M"
"Male_NTPH_AGTCTCCGTGTGCCTG-1",3.04451639247499,"PMN(3)","10X_ntph_M"
"Male_NTPH_AAATGGATCTAAGGAA-1",3.1354770821249,"PMN(6)","10X_ntph_M"
"Male_NTPH_TCAAGCAGTACCGTCG-1",1.79175280382172,"PMN(4)","10X_ntph_M"
"Male_NTPH_CGAGGCTGTCACAATC-1",2.48489595629296,"PMN(5)","10X_ntph_M"
"Male_NTPH_GGATGTTAGATACCAA-1",2.70804940060835,"PMN(3)","10X_ntph_M"
"Male_NTPH_GAAGTAATCGCTGCGA-1",1.94591763152876,"PMN(3)","10X_ntph_M"
"Male_NTPH_CAGATTGCAAGAGTAT-1",3.29584678887781,"PMN(2)","10X_ntph_M"
"Male_NTPH_GATAGCTTCTCGCAGG-1",0.693152050613282,"PMN(5)","10X_ntph_M"
"Male_NTPH_CCAAGCGGTGCCGTTG-1",0.693139444814672,"PMN(1)","10X_ntph_M"
"Male_NTPH_AGGAGGTTCAGAGCAG-1",2.39790011559218,"PMN(5)","10X_ntph_M"
"Male_NTPH_CTACTATCAAGTATCC-1",3.49649676495192,"PMN(0)","10X_ntph_M"
"Male_NTPH_GGCTTTCGTGATTGGG-1",1.79176656679459,"PMN(1)","10X_ntph_M"
"Male_NTPH_AATCGTGGTACAGCGA-1",2.19722293729969,"PMN(2)","10X_ntph_M"
"Male_NTPH_GAGTTACGTAGAGCTG-1",3.04451837317655,"PMN(6)","10X_ntph_M"
"Male_NTPH_GGAATCTAGTTGCATC-1",1.60944403981779,"PMN(2)","10X_ntph_M"
"Male_NTPH_GTTGTCCGTGTTAACC-1",3.5493597329444e-06,"PMN(6)","10X_ntph_M"
"Male_NTPH_ACTGATGAGATGGTAT-1",3.49648832627934,"PMN(2)","10X_ntph_M"
"Male_NTPH_AACAAAGCATCCCGTT-1",0.693127317567698,"PMN(1)","10X_ntph_M"
"Male_NTPH_TAGATCGCATCCTTGC-1",3.33222515921535,"PMN(0)","10X_ntph_M"
"Male_NTPH_GTAGATCTCTCTGGTC-1",0.693149043168442,"PMN(1)","10X_ntph_M"
"Male_NTPH_GTAATGCTCAAGATAG-1",3.55536158294527,"PMN(5)","10X_ntph_M"
"Male_NTPH_TTTCCTCGTATCACGT-1",2.94445321788479,"PMN(0)","10X_ntph_M"
"Male_NTPH_CTCAGAAAGAGGTCGT-1",2.99573158940094,"PMN(0)","10X_ntph_M"
"Male_NTPH_CTATCCGCAGCTTTCC-1",1.94589712769997,"PMN(3)","10X_ntph_M"
"Male_NTPH_TGATTCTGTCGTGGAA-1",3.25808227745126,"PMN(3)","10X_ntph_M"
"Male_NTPH_TCACGGGAGTCAGAGC-1",1.38627027270383,"PMN(0)","10X_ntph_M"
"Male_NTPH_TGAGCGCCACAATGTC-1",1.60945364522388,"PMN(1)","10X_ntph_M"
"Male_NTPH_GGGATGAGTTGTAAAG-1",1.09861155320522,"PMN(1)","10X_ntph_M"
"Male_NTPH_AATTTCCCAACGCCCA-1",2.07945026833808,"PMN(1)","10X_ntph_M"
"Male_NTPH_CTTCAATCATCCGTTC-1",2.19722252829712,"PMN(1)","10X_ntph_M"
"Male_NTPH_GCCATGGGTCGCTTGG-1",2.07945415359928,"PMN(3)","10X_ntph_M"
"Male_NTPH_AGGACTTTCCGGCTTT-1",3.40120036457656,"PMN(5)","10X_ntph_M"
"Male_NTPH_GCGTGCACAGCCTTCT-1",2.39789836507404,"PMN(5)","10X_ntph_M"
"Male_NTPH_AGAGCCCCACCCTCTA-1",3.04451970981313,"PMN(2)","10X_ntph_M"
"Male_NTPH_GGTTCTCAGGTTTGAA-1",3.89181941826879,"PMN(0)","10X_ntph_M"
"Male_NTPH_GAAATGATCGCAGTTA-1",3.29584612481246,"PMN(6)","10X_ntph_M"
"Male_NTPH_AGAGCAGTCGAACCTA-1",2.07941453695191,"PMN(2)","10X_ntph_M"
"Male_NTPH_TGTGAGTAGATGGCGT-1",1.79175091417704,"PMN(1)","10X_ntph_M"
"Male_NTPH_TTCGGTCTCTTTGCGC-1",3.36728478962854,"PMN(0)","10X_ntph_M"
"Male_NTPH_TTTGGTTTCGACCTAA-1",2.77258479011268,"PMN(2)","10X_ntph_M"
"Male_NTPH_TTTCAGTAGCTGGTGA-1",1.94590009616888,"PMN(2)","10X_ntph_M"
"Male_NTPH_GTTCTATCAAAGAACT-1",2.99573909493374,"PMN(1)","10X_ntph_M"
"Male_NTPH_TTGTGTTTCGGATTAC-1",2.39790800657656,"PMN(3)","10X_ntph_M"
"Male_NTPH_CGCAGGTGTGAGCTCC-1",3.17806310084061,"PMN(0)","10X_ntph_M"
"Male_NTPH_GGAGCAAGTGGAGAAA-1",2.48491750495022,"PMN(2)","10X_ntph_M"
"Male_NTPH_CATTGTTGTGGACTAG-1",3.0910509614524,"PMN(0)","10X_ntph_M"
"Male_NTPH_GAGGGATAGTGTTCCA-1",1.79176813136095,"PMN(1)","10X_ntph_M"
"Male_NTPH_TGTGGCGGTAAGGCCA-1",-9.84625602881257e-06,"PMN(0)","10X_ntph_M"
"Male_NTPH_TGGGTTAGTTGCTCAA-1",-1.78731703649892e-05,"PMN(0)","10X_ntph_M"
"Male_NTPH_ATGAGTCAGGTACCTT-1",0.69316865075519,"PMN(1)","10X_ntph_M"
"Male_NTPH_AATCACGAGGTGGTTG-1",2.07943545327252,"PMN(2)","10X_ntph_M"
"Male_NTPH_GTCCACTTCTTTCAGT-1",1.6094547334222,"PMN(1)","10X_ntph_M"
"Male_NTPH_CAGTTCCCACCCTAAA-1",1.38627816127511,"PMN(1)","10X_ntph_M"
"Male_NTPH_ATCACTTTCGCATTAG-1",1.38629280316727,"PMN(4)","10X_ntph_M"
"Male_NTPH_CGGAACCTCATGGTAC-1",-1.30185921231863e-06,"PMN(0)","10X_ntph_M"
"Male_NTPH_GACCAATGTAGGGTAC-1",1.09861396821214,"PMN(1)","10X_ntph_M"
"Male_NTPH_CACAGATCACTTGTGA-1",2.7080406606883,"PMN(3)","10X_ntph_M"
"Male_NTPH_TTGCTGCGTATAGGGC-1",2.30258189943142,"PMN(3)","10X_ntph_M"
"Male_NTPH_GTGGCGTCAAGGCTTT-1",8.10850422501062e-06,"PMN(1)","10X_ntph_M"
"Male_NTPH_TGCCGAGGTGTTAAAG-1",2.83321276852265,"PMN(6)","10X_ntph_M"
"Male_NTPH_TCCTCTTTCCCGAGGT-1",3.61091222990834,"PMN(2)","10X_ntph_M"
"Male_NTPH_ACAAGCTAGGATTTAG-1",-4.64012178479885e-06,"PMN(6)","10X_ntph_M"
"Male_NTPH_CTTCTCTGTTACCGTA-1",2.70807516379358,"PMN(1)","10X_ntph_M"
"Male_NTPH_CTGCATCGTATCGCGC-1",2.19721776193864,"PMN(2)","10X_ntph_M"
"Male_NTPH_GAGGCCTGTTTGGGTT-1",0.693153570803103,"PMN(5)","10X_ntph_M"
"Male_NTPH_TTCGATTTCCCTCTCC-1",1.28337273160955e-05,"PMN(7)","10X_ntph_M"
"Male_NTPH_ATTATCCAGAGGCCAT-1",2.07943084981879,"PMN(3)","10X_ntph_M"
"Male_NTPH_ATGCATGAGGCTCAAG-1",0.693143517922851,"PMN(4)","10X_ntph_M"
"Male_NTPH_TTTAGTCCAGCGGATA-1",0.693151330516859,"PMN(4)","10X_ntph_M"
"Male_NTPH_CAGGCCAAGACGTCGA-1",1.38630651225823,"PMN(1)","10X_ntph_M"
"Male_NTPH_TTCATGTTCACCTACC-1",1.09862365731032,"PMN(4)","10X_ntph_M"
"Male_NTPH_CGTTGGGAGTAGTCAA-1",-6.67885949517715e-07,"PMN(0)","10X_ntph_M"
"Male_NTPH_TACCGAAAGCTGAGCA-1",3.25810018072195,"PMN(2)","10X_ntph_M"
"Male_NTPH_CGGGCATTCCCGAATA-1",4.06044495767723,"PMN(0)","10X_ntph_M"
"Male_NTPH_TACAGGTGTTGGCCTG-1",3.25809918738635,"PMN(3)","10X_ntph_M"
"Male_NTPH_CGATGGCTCCAGCAAT-1",3.33220261862925,"PMN(2)","10X_ntph_M"
"Male_NTPH_GAGCCTGCAAATACAG-1",2.39787669754383,"PMN(3)","10X_ntph_M"
"Male_NTPH_CCTCTCCGTCGATTCA-1",1.38629163653467,"PMN(1)","10X_ntph_M"
"Male_NTPH_TGACGCGGTAAGCAAT-1",2.3025879736719,"PMN(1)","10X_ntph_M"
"Male_NTPH_CAGTGCGAGACGGTTG-1",3.46573971735076,"PMN(0)","10X_ntph_M"
"Male_NTPH_ATTTCACAGACGCTCC-1",2.99573197595864,"PMN(0)","10X_ntph_M"
"Male_NTPH_ATCGTAGAGCTGTCCG-1",3.66356573425364,"PMN(5)","10X_ntph_M"
"Male_NTPH_CTGGACGGTATCGGTT-1",0.693144723684419,"PMN(4)","10X_ntph_M"
"Male_NTPH_GATGGAGAGGATTTCC-1",3.7841723353969,"PMN(0)","10X_ntph_M"
"Male_NTPH_TCAGTCCAGTACCCTA-1",2.94443710582688,"PMN(2)","10X_ntph_M"
"Male_NTPH_AGGAGGTCAGGACTAG-1",-1.30120091331554e-06,"PMN(0)","10X_ntph_M"
"Male_NTPH_CGTGTCTAGTGCTACT-1",2.56492558230433,"PMN(2)","10X_ntph_M"
"Male_NTPH_CCCAACTGTCGGTGTC-1",1.0986214116102,"PMN(3)","10X_ntph_M"
"Male_NTPH_AGTAACCTCGGCCTTT-1",1.94589909789589,"PMN(1)","10X_ntph_M"
"Male_NTPH_AACGAAACAAGCCTGC-1",3.25810266297685,"PMN(5)","10X_ntph_M"
"Male_NTPH_ACATCCCCACAAAGCG-1",1.94591257209133,"PMN(1)","10X_ntph_M"
"Male_NTPH_CAATACGGTATCACCA-1",2.07943182788769,"PMN(1)","10X_ntph_M"
"Male_NTPH_AAATGGACACAACGTT-1",3.29583928462764,"PMN(2)","10X_ntph_M"
"Male_NTPH_TGCTTCGGTTATAGAG-1",3.55536081939616,"PMN(0)","10X_ntph_M"
"Male_NTPH_GCATCTCTCTGCCCTA-1",1.38629619891744,"PMN(1)","10X_ntph_M"
"Male_NTPH_CGTGCTTAGTTGGAGC-1",3.71356918402278,"PMN(0)","10X_ntph_M"
"Male_NTPH_AGTTCGACAACCCTCT-1",3.40119778045788,"PMN(0)","10X_ntph_M"
"Male_NTPH_CTGTATTCAGTCGCTG-1",3.13549105253097,"PMN(3)","10X_ntph_M"
"Male_NTPH_CAGTGCGCACCCTAGG-1",2.19720872561746,"PMN(1)","10X_ntph_M"
"Male_NTPH_ATGATCGTCGAGGCAA-1",2.07944314997893,"PMN(2)","10X_ntph_M"
"Male_NTPH_CGTAATGGTGTTGCCG-1",1.09860304631387,"PMN(4)","10X_ntph_M"
"Male_NTPH_ATCCTATTCTAACACG-1",0.693131411623725,"PMN(3)","10X_ntph_M"
"Male_NTPH_TCATTGTAGTGCCCGT-1",1.79174002772475,"PMN(1)","10X_ntph_M"
"Male_NTPH_CTGAGCGTCACCCTCA-1",3.13549042889191,"PMN(0)","10X_ntph_M"
"Male_NTPH_CAGGCCATCTCTGCCA-1",1.38630070480323,"PMN(2)","10X_ntph_M"
"Male_NTPH_GAGAGGTAGTCGGCCT-1",3.46572069464364,"PMN(0)","10X_ntph_M"
"Male_NTPH_AGTCAACGTTCCAGGC-1",0.693139816107843,"PMN(4)","10X_ntph_M"
"Male_NTPH_TCGGATAAGTCCGTCG-1",1.9459146282436,"PMN(1)","10X_ntph_M"
"Male_NTPH_TCAGCAACAGAGGCTA-1",-1.28788170924236e-05,"PMN(4)","10X_ntph_M"
"Male_NTPH_ACCCAAAGTACTCAAC-1",1.38630940575665,"PMN(1)","10X_ntph_M"
"Male_NTPH_AGATAGACAACGACAG-1",3.66355351331045,"PMN(0)","10X_ntph_M"
"Male_NTPH_AGACAGGAGAAACCCG-1",2.19721989340418,"PMN(1)","10X_ntph_M"
"Male_NTPH_AGAAATGCAGAACTTC-1",2.83322541369888,"PMN(5)","10X_ntph_M"
"Male_NTPH_TGCTGAAAGTGCACAG-1",0.693152600289065,"PMN(4)","10X_ntph_M"
"Male_NTPH_CACCAAATCAAGCTGT-1",2.83322189928917,"PMN(2)","10X_ntph_M"
"Male_NTPH_CGTCAAATCGATCCAA-1",2.63904583159078,"PMN(3)","10X_ntph_M"
"Male_NTPH_ATTTCACCAAGCTGCC-1",2.77259935580606,"PMN(2)","10X_ntph_M"
"Male_NTPH_TTCCACGCATGACACT-1",1.60943783593713,"PMN(4)","10X_ntph_M"
"Male_NTPH_TATGTTCAGCATTGAA-1",3.6635664749645,"PMN(5)","10X_ntph_M"
"Male_NTPH_CCTTCAGCAATAGTAG-1",2.07944179813933,"PMN(2)","10X_ntph_M"
"Male_NTPH_AGACAAACACATTCGA-1",2.39789349418047,"PMN(4)","10X_ntph_M"
"Male_NTPH_CTCCTCCCATGTGCTA-1",1.79178062203746,"PMN(1)","10X_ntph_M"
"Male_NTPH_CACTGTCAGGTATAGT-1",-1.34227866146778e-05,"PMN(0)","10X_ntph_M"
"Male_NTPH_AGTCAACCAATTGTGC-1",2.48492094144435,"PMN(1)","10X_ntph_M"
"Male_NTPH_AACAAAGAGCTGAAAT-1",2.0794381726305,"PMN(1)","10X_ntph_M"
"Male_NTPH_GTTGAACAGGCCACTC-1",3.17804644967366,"PMN(3)","10X_ntph_M"
"Male_NTPH_GATGATCAGGACAGTC-1",2.19723150063695,"PMN(3)","10X_ntph_M"
"Male_NTPH_GCCAGTGGTGTAGTGG-1",2.63905320450825,"PMN(1)","10X_ntph_M"
"Male_NTPH_AGATAGAAGCATTTGC-1",1.7917685954299,"PMN(6)","10X_ntph_M"
"Male_NTPH_ATCCGTCAGCGACTTT-1",2.63904774788784,"PMN(5)","10X_ntph_M"
"Male_NTPH_CAGAGCCAGTCATGAA-1",3.55533734184044,"PMN(0)","10X_ntph_M"
"Male_NTPH_ATGCATGGTGAGTGAC-1",2.70806293135683,"PMN(3)","10X_ntph_M"
"Male_NTPH_TTACGCCGTTGGTACT-1",3.09104986227093,"PMN(5)","10X_ntph_M"
"Male_NTPH_TGATTTCGTCGCATTA-1",3.58351726134404,"PMN(2)","10X_ntph_M"
"Male_NTPH_TCATATCCAGCTATAC-1",3.68888449180289,"PMN(2)","10X_ntph_M"
"Male_NTPH_CCTCTCCGTCCACATA-1",2.83321388923534,"PMN(2)","10X_ntph_M"
"Male_NTPH_TTCCTTCGTATTGGCT-1",2.70805096988712,"PMN(6)","10X_ntph_M"
"Male_NTPH_ACTTCCGAGCCATTGT-1",1.94590527446694,"PMN(1)","10X_ntph_M"
"Male_NTPH_ACAAGCTCATCTAGAC-1",3.76120281482237,"PMN(0)","10X_ntph_M"
"Male_NTPH_TCACACCTCTTTCAGT-1",-1.19801806947925e-06,"PMN(4)","10X_ntph_M"
"Male_NTPH_AGGCTGCCAGTTTGGT-1",3.40121014916055,"PMN(5)","10X_ntph_M"
"Male_NTPH_TCAATCTCACCACTGG-1",2.39787843540612,"PMN(5)","10X_ntph_M"
"Male_NTPH_AGGATCTGTAGCTTTG-1",0.693153788730937,"PMN(1)","10X_ntph_M"
"Male_NTPH_ATATCCTGTACGATGG-1",3.29583128017157,"PMN(0)","10X_ntph_M"
"Male_NTPH_CTAAGTGTCCGTTGGG-1",1.09860682671853,"PMN(4)","10X_ntph_M"
"Male_NTPH_CACGTGGCACTTTATC-1",2.19722407578328,"PMN(3)","10X_ntph_M"
"Male_NTPH_TCACATTCAACGGCCT-1",2.83322724662656,"PMN(2)","10X_ntph_M"
"Male_NTPH_ACAGAAACAGGTTACT-1",3.29582261758048,"PMN(2)","10X_ntph_M"
"Male_NTPH_GTTACGAAGAGAGTTT-1",2.56494028056067,"PMN(3)","10X_ntph_M"
"Male_NTPH_CTCAGAAGTTATCCAG-1",2.39789306074988,"PMN(0)","10X_ntph_M"
"Male_NTPH_TGCAGTACAGTTGTCA-1",2.07944326868129,"PMN(5)","10X_ntph_M"
"Male_NTPH_ACTACGAAGCCTATCA-1",1.60943984680424,"PMN(1)","10X_ntph_M"
"Male_NTPH_TGGCGTGTCTGGGATT-1",2.19724426437095,"PMN(0)","10X_ntph_M"
"Male_NTPH_ATCGTGACACAAATCC-1",3.17805608846327,"PMN(0)","10X_ntph_M"
"Male_NTPH_ATAGGCTTCTATCACT-1",1.94590945719487,"PMN(5)","10X_ntph_M"
"Male_NTPH_GTAACCAGTCGCATCG-1",1.9459119437373,"PMN(1)","10X_ntph_M"
"Male_NTPH_CAGGTATGTAACGCGA-1",0.693138189851316,"PMN(4)","10X_ntph_M"
"Male_NTPH_GTAATCGCACGGTGAA-1",0.693154549992693,"PMN(4)","10X_ntph_M"
"Male_NTPH_GAAGTAAAGCGCCTAC-1",2.89036430539552,"PMN(3)","10X_ntph_M"
"Male_NTPH_CTACAGACATCGAAGG-1",2.63904804532942,"PMN(3)","10X_ntph_M"
"Male_NTPH_ATGCATGGTTCCGCTT-1",3.29584115796388,"PMN(2)","10X_ntph_M"
"Male_NTPH_ATCACAGCATCTGGGC-1",0.693152785254382,"PMN(4)","10X_ntph_M"
"Male_NTPH_GTAGCTAAGGTCACCC-1",3.29582109441333,"PMN(5)","10X_ntph_M"
"Male_NTPH_GTTACCCTCTTCGTAT-1",0.693160624902615,"PMN(4)","10X_ntph_M"
"Male_NTPH_TACAACGGTACTGTTG-1",3.13547397937696,"PMN(0)","10X_ntph_M"
"Male_NTPH_AGGACGACATGTTTGG-1",1.79176964021507,"PMN(1)","10X_ntph_M"
"Male_NTPH_CTGAATGAGTAGGCCA-1",3.49650822822551,"PMN(2)","10X_ntph_M"
"Male_NTPH_CTCAAGAGTGTACAGG-1",1.09862405852821,"PMN(4)","10X_ntph_M"
"Male_NTPH_TATATCCAGACGTCCC-1",1.09861801074644,"PMN(3)","10X_ntph_M"
"Male_NTPH_AGTCAACAGACGACTG-1",0.69316197149859,"PMN(4)","10X_ntph_M"
"Male_NTPH_GCCGATGTCCACACAA-1",3.80666247886022,"PMN(2)","10X_ntph_M"
"Male_NTPH_AAGGTAAGTCGTACAT-1",2.48491519935483,"PMN(2)","10X_ntph_M"
"Male_NTPH_GCGATCGTCCGATAGT-1",1.79174842303477,"PMN(4)","10X_ntph_M"
"Male_NTPH_TGGGCTGCATCCGTTC-1",2.70804911914307,"PMN(1)","10X_ntph_M"
"Male_NTPH_AGAGCCCGTCTCAAGT-1",1.60945200211969,"PMN(1)","10X_ntph_M"
"Male_NTPH_TCTATCAGTGATAGAT-1",2.39790235341686,"PMN(1)","10X_ntph_M"
"Male_NTPH_GTTACCCAGAATTTGG-1",2.3025701956319,"PMN(2)","10X_ntph_M"
"Male_NTPH_ACTGATGAGTCATGAA-1",3.29583085989009,"PMN(2)","10X_ntph_M"
"Male_NTPH_GAAGAATCATTAGGAA-1",2.639058609494,"PMN(0)","10X_ntph_M"
"Male_NTPH_GAGTTTGCAACGCCCA-1",2.56494066770381,"PMN(1)","10X_ntph_M"
"Male_NTPH_TGAATGCGTTGGGATG-1",1.38628665579828,"PMN(1)","10X_ntph_M"
"Male_NTPH_CATGCCTCATCCTCAC-1",1.7917764055563,"PMN(3)","10X_ntph_M"
"Male_NTPH_TTCTTGACATCCGGTG-1",2.07943080421794,"PMN(4)","10X_ntph_M"
"Male_NTPH_CTGTCGTAGAGTCAAT-1",1.94591232864766,"PMN(3)","10X_ntph_M"
"Male_NTPH_CGCGTGAGTTGGGACA-1",2.94444741165112,"PMN(0)","10X_ntph_M"
"Male_NTPH_TACCCGTTCCGTGTAA-1",0.693149249916842,"PMN(4)","10X_ntph_M"
"Male_NTPH_CGGAATTAGCGCCATC-1",3.71357028855848,"PMN(4)","10X_ntph_M"
"Male_NTPH_CCTTGTGTCCGACGGT-1",3.1780604938829,"PMN(0)","10X_ntph_M"
"Male_NTPH_TGTCAGAAGTAGTCCT-1",3.17804898266449,"PMN(5)","10X_ntph_M"
"Male_NTPH_ACATTTCGTAACCAGG-1",3.04453823403109,"PMN(6)","10X_ntph_M"
"Male_NTPH_CAGTTAGAGGATTCAA-1",2.63905149081118,"PMN(2)","10X_ntph_M"
"Male_NTPH_TCAGTTTGTACTGCCG-1",3.21886420400706,"PMN(3)","10X_ntph_M"
"Male_NTPH_TCATTCACATCACGGC-1",3.43395389713177,"PMN(6)","10X_ntph_M"
"Male_NTPH_CTCCCTCGTATTGACC-1",2.19722733994095,"PMN(1)","10X_ntph_M"
"Male_NTPH_TTTACTGCAGCCTATA-1",2.30257498772065,"PMN(3)","10X_ntph_M"
"Male_NTPH_CCCAACTAGAAGCGCT-1",0.693147702390678,"PMN(4)","10X_ntph_M"
"Male_NTPH_GAAGAATAGGGTGAGG-1",2.19720896664557,"PMN(1)","10X_ntph_M"
"Male_NTPH_TCCACCACATCGGAGA-1",1.94591986639501,"PMN(3)","10X_ntph_M"
"Male_NTPH_AGGGAGTCAAGCTGTT-1",-2.26291783572956e-06,"PMN(0)","10X_ntph_M"
"Male_NTPH_GTGACGCCACGGCCAT-1",2.19723571154326,"PMN(1)","10X_ntph_M"
"Male_NTPH_CCTCCAAGTTTCGATG-1",2.56495450314204,"PMN(3)","10X_ntph_M"
"Male_NTPH_CTCTGGTTCGGACTTA-1",1.38630373809565,"PMN(5)","10X_ntph_M"
"Male_NTPH_CTCTCAGTCCCAAGTA-1",3.43399278384707,"PMN(2)","10X_ntph_M"
"Male_NTPH_AAAGAACGTGCGCTCA-1",2.48490875991584,"PMN(2)","10X_ntph_M"
"Male_NTPH_ACAAGCTCAAGACAAT-1",3.25811170387273,"PMN(3)","10X_ntph_M"
"Male_NTPH_TTCTTCCCAAGTGCAG-1",2.99572794122527,"PMN(0)","10X_ntph_M"
"Male_NTPH_TTGAGTGAGCTCACTA-1",-1.29784149705717e-05,"PMN(4)","10X_ntph_M"
"Male_NTPH_TATTGGGCACACCGCA-1",1.94593037434881,"PMN(1)","10X_ntph_M"
"Male_NTPH_CCTATCGTCGTGGACC-1",3.66355883841576,"PMN(0)","10X_ntph_M"
"Male_NTPH_GAGACCCGTTGCACGC-1",2.99574180593903,"PMN(3)","10X_ntph_M"
"Male_NTPH_CGAAGGAGTGTATCCA-1",1.94590708572621,"PMN(1)","10X_ntph_M"
"Male_NTPH_GATTGGTGTTCGATTG-1",0.693149763179963,"PMN(4)","10X_ntph_M"
"Male_NTPH_GGCAGTCAGATCGCTT-1",2.56495462278564,"PMN(3)","10X_ntph_M"
"Male_NTPH_CGGGACTCATGTCGTA-1",3.68886061248829,"PMN(0)","10X_ntph_M"
"Male_NTPH_CGAGTGCGTTACGATC-1",3.3094699895771e-06,"PMN(0)","10X_ntph_M"
"Male_NTPH_CGATGGCTCGGACTTA-1",3.63757672380455,"PMN(0)","10X_ntph_M"
"Male_NTPH_AGGGCCTAGCTACTAC-1",2.70806923764765,"PMN(3)","10X_ntph_M"
"Male_NTPH_CTGCCTAAGCAAATCA-1",1.94591696143007,"PMN(1)","10X_ntph_M"
"Male_NTPH_GCCGTGATCTATGTGG-1",3.52637274213847,"PMN(0)","10X_ntph_M"
"Male_NTPH_AGCCACGTCACCCTGT-1",3.21887304923253,"PMN(2)","10X_ntph_M"
"Male_NTPH_CTGCAGGAGGGTAATT-1",1.38629519712046,"PMN(4)","10X_ntph_M"
"Male_NTPH_ACGGAAGAGAGTCAAT-1",3.21887914750173,"PMN(6)","10X_ntph_M"
"Male_NTPH_ATCGTAGGTCACAATC-1",3.79695239303798e-06,"PMN(0)","10X_ntph_M"
"Male_NTPH_CAACAGTAGATGCTAA-1",1.60942833035739,"PMN(1)","10X_ntph_M"
"Male_NTPH_TGCTGAAAGAAGCCAC-1",2.39789299890825,"PMN(1)","10X_ntph_M"
"Male_NTPH_TCAATTCGTGGAACAC-1",3.58350668899652,"PMN(0)","10X_ntph_M"
"Male_NTPH_TAGACCAGTGCTCTCT-1",2.99574695527571,"PMN(5)","10X_ntph_M"
"Male_NTPH_CATGGTACAAGTTCGT-1",2.48490438430332,"PMN(5)","10X_ntph_M"
"Male_NTPH_TTACTGTCACTTCCTG-1",2.48491369396895,"PMN(1)","10X_ntph_M"
"Male_NTPH_AAACGCTTCTGTCCCA-1",3.49650609952826,"PMN(0)","10X_ntph_M"
"Male_NTPH_AGGGAGTAGCAACAGC-1",3.21888351767795,"PMN(5)","10X_ntph_M"
"Male_NTPH_CAGTGCGGTATTAAGG-1",3.52636417697554,"PMN(0)","10X_ntph_M"
"Male_NTPH_AAACGCTAGCGTGTCC-1",1.94592061241283,"PMN(3)","10X_ntph_M"
"Male_NTPH_TTACCGCCATAGGTAA-1",1.9459192464837,"PMN(1)","10X_ntph_M"
"Male_NTPH_GAGGCAATCGGTAGAG-1",1.09861713684113,"PMN(3)","10X_ntph_M"
"Male_NTPH_TGGTGATAGGGATGTC-1",0.693143188066069,"PMN(4)","10X_ntph_M"
"Male_NTPH_TGCGGGTGTGCGGATA-1",3.09103800285053,"PMN(0)","10X_ntph_M"
"Male_NTPH_CGGGCATAGAGGATCC-1",2.30259071011095,"PMN(2)","10X_ntph_M"
"Male_NTPH_TTCCTAATCGTAGCTA-1",2.77258074716414,"PMN(6)","10X_ntph_M"
"Male_NTPH_CTGGACGGTTGGTAGG-1",3.13550580996427,"PMN(3)","10X_ntph_M"
"Male_NTPH_TTCTAGTTCCAAGCCG-1",1.09861858217766,"PMN(1)","10X_ntph_M"
"Male_NTPH_GAACGTTCACACAGAG-1",3.76120505539512,"PMN(0)","10X_ntph_M"
"Male_NTPH_CTTGAGAGTAGTGATA-1",0.693147892784311,"PMN(4)","10X_ntph_M"
"Male_NTPH_CCCTGATGTTACACTG-1",2.19723428023648,"PMN(1)","10X_ntph_M"
"Male_NTPH_ATCTCTATCACCTGTC-1",3.33220761052772,"PMN(2)","10X_ntph_M"
"Male_NTPH_GTCGTAACACAGTCAT-1",2.77258732675416,"PMN(2)","10X_ntph_M"
"Male_NTPH_ACACGCGTCTAGAGCT-1",2.07943827856849,"PMN(5)","10X_ntph_M"
"Male_NTPH_GGATGTTGTTATCTTC-1",3.36729464189141,"PMN(0)","10X_ntph_M"
"Male_NTPH_GGAGGATGTACCCAGC-1",2.94444791475537,"PMN(2)","10X_ntph_M"
"Male_NTPH_GAGGCCTGTCGAAGCA-1",2.63905944076037,"PMN(2)","10X_ntph_M"
"Male_NTPH_TTTACCATCCTCTCGA-1",-4.88779793835391e-06,"PMN(7)","10X_ntph_M"
"Male_NTPH_GCGTTTCTCCTAACAG-1",0.693144976840694,"PMN(3)","10X_ntph_M"
"Male_NTPH_CTGTGGGAGGGCTGAT-1",3.2188528624104,"PMN(2)","10X_ntph_M"
"Male_NTPH_GTGCTGGCAGTGGGTA-1",3.21887859399096,"PMN(2)","10X_ntph_M"
"Male_NTPH_TGCGACGCATGCACTA-1",2.83322308221889,"PMN(6)","10X_ntph_M"
"Male_NTPH_CTGTGAATCCTATGGA-1",0.693135814617337,"PMN(4)","10X_ntph_M"
"Male_NTPH_ACGTCCTGTTACGATC-1",2.70805116192356,"PMN(2)","10X_ntph_M"
"Male_NTPH_ACGGAAGTCAGCCCAG-1",3.61091305914686,"PMN(2)","10X_ntph_M"
"Male_NTPH_TCGTAGAAGGGAGTGG-1",2.94443109517617,"PMN(3)","10X_ntph_M"
"Male_NTPH_ATCGTCCAGTCTGGTT-1",2.70805107950075,"PMN(0)","10X_ntph_M"
"Male_NTPH_TGGGCGTGTCCGAAAG-1",1.79175204576869,"PMN(4)","10X_ntph_M"
"Male_NTPH_CATCAAGTCATTTCCA-1",3.33220373660814,"PMN(0)","10X_ntph_M"
"Male_NTPH_CCTTTGGTCCTCGATC-1",3.09105568608646,"PMN(3)","10X_ntph_M"
"Male_NTPH_ATTTACCTCATCTCTA-1",1.09859527404893,"PMN(4)","10X_ntph_M"
"Male_NTPH_ACCATTTAGAGCAGTC-1",0.6931404457787,"PMN(4)","10X_ntph_M"
"Male_NTPH_TGTAACGAGCTTGTGT-1",3.40119308459503,"PMN(0)","10X_ntph_M"
"Male_NTPH_AGGACTTCAGCAGGAT-1",3.36730830867491,"PMN(0)","10X_ntph_M"
"Male_NTPH_AGACAGGCACCCAACG-1",0.693156019359262,"PMN(4)","10X_ntph_M"
"Male_NTPH_TAACTTCTCCGTACGG-1",3.0910418744388,"PMN(3)","10X_ntph_M"
"Male_NTPH_CTTGATTTCATCTACT-1",3.36728355674294,"PMN(3)","10X_ntph_M"
"Male_NTPH_ACTATGGTCAAACCTG-1",3.13549696796203,"PMN(2)","10X_ntph_M"
"Male_NTPH_TCAGTGAGTAACCCGC-1",3.04452346038065,"PMN(0)","10X_ntph_M"
"Male_NTPH_GAGGGTAGTTAGAGTA-1",3.29584188380639,"PMN(2)","10X_ntph_M"
"Male_NTPH_GTGAGCCCAATTGCGT-1",2.30258511599632,"PMN(1)","10X_ntph_M"
"Male_NTPH_CTGCTCAGTCTAGATC-1",2.48489262176309,"PMN(2)","10X_ntph_M"
"Male_NTPH_ACACCAAGTCAAGCGA-1",2.99572939904901,"PMN(0)","10X_ntph_M"
"Male_NTPH_TGCGACGAGACTCAAA-1",3.09105747048133,"PMN(0)","10X_ntph_M"
"Male_NTPH_TCAGCCTAGCTTGTGT-1",1.79174276174534,"PMN(2)","10X_ntph_M"
"Male_NTPH_TTGAGTGCAGGAGGTT-1",1.38629587343247,"PMN(4)","10X_ntph_M"
"Male_NTPH_TTCATTGTCTTCCAGC-1",1.79177534543097,"PMN(3)","10X_ntph_M"
"Male_NTPH_CTCAGTCCAACTGATC-1",3.09103792105652,"PMN(5)","10X_ntph_M"
"Male_NTPH_GGAGAACAGTGAACAT-1",2.70805525072293,"PMN(5)","10X_ntph_M"
"Male_NTPH_TGATGGTCAGCCTTCT-1",-4.80572961170123e-06,"PMN(0)","10X_ntph_M"
"Male_NTPH_GAGTTGTCAGCTACCG-1",2.6390614356013,"PMN(3)","10X_ntph_M"
"Male_NTPH_TTCCTAACAACTTGGT-1",2.07942821063493,"PMN(1)","10X_ntph_M"
"Male_NTPH_TACAGGTGTATTCTCT-1",3.13548800466806,"PMN(0)","10X_ntph_M"
"Male_NTPH_AGCCACGAGTCCTGCG-1",1.0690681548238e-05,"PMN(0)","10X_ntph_M"
"Male_NTPH_GCCAGCAAGAAGCGCT-1",0.693170047722642,"PMN(4)","10X_ntph_M"
"Male_NTPH_ACTTTCATCAAATAGG-1",2.48490239723324,"PMN(2)","10X_ntph_M"
"Male_NTPH_CGTAGTAAGTCCTACA-1",1.94591389389108,"PMN(5)","10X_ntph_M"
"Male_NTPH_GCATCTCGTACAGCGA-1",1.79177160713249,"PMN(1)","10X_ntph_M"
"Male_NTPH_TGAGCGCGTCTTTCAT-1",1.38629211890824,"PMN(3)","10X_ntph_M"
"Male_NTPH_CTCAGGGAGCAACAGC-1",2.56495081312652,"PMN(0)","10X_ntph_M"
"Male_NTPH_TCATTTGAGTGATAGT-1",2.19723214537292,"PMN(5)","10X_ntph_M"
"Male_NTPH_AGGGTGAAGTTGCGCC-1",3.04449860766755,"PMN(2)","10X_ntph_M"
"Male_NTPH_CAATGACTCGGCCTTT-1",1.79176574151548,"PMN(5)","10X_ntph_M"
"Male_NTPH_ACGTTCCGTTGCGGAA-1",2.995723578689,"PMN(0)","10X_ntph_M"
"Male_NTPH_AGTGCCGCAGTGTACT-1",3.80666357700373,"PMN(6)","10X_ntph_M"
"Male_NTPH_CGAAGGAGTGTCCAAT-1",3.61091469066649,"PMN(2)","10X_ntph_M"
"Male_NTPH_CGAGTGCTCATGTCTT-1",2.07944077663367,"PMN(2)","10X_ntph_M"
"Male_NTPH_CTGCATCAGCAACTTC-1",3.36730504582174,"PMN(6)","10X_ntph_M"
"Male_NTPH_TTACGCCGTACTGGGA-1",2.56495257749453,"PMN(1)","10X_ntph_M"
"Male_NTPH_ACACAGTGTAGACGGT-1",3.13548909153695,"PMN(0)","10X_ntph_M"
"Male_NTPH_TCCATGCAGGTCGACA-1",2.8332144865257,"PMN(5)","10X_ntph_M"
"Male_NTPH_GACTCAAGTCCTGTCT-1",8.97302571480656e-06,"PMN(0)","10X_ntph_M"
"Male_NTPH_TTCAATCAGCAGCCTC-1",2.94444426578508,"PMN(6)","10X_ntph_M"
"Male_NTPH_TCGTCCAAGGTCACAG-1",3.4011828071375,"PMN(6)","10X_ntph_M"
"Male_NTPH_TAATCTCGTGCATGAG-1",-2.95507794034398e-05,"PMN(1)","10X_ntph_M"
"Male_NTPH_GTTGTGAAGCTATCTG-1",0.693150972640465,"PMN(4)","10X_ntph_M"
"Male_NTPH_TCAGGGCGTGCGGTAA-1",3.43398355697042,"PMN(2)","10X_ntph_M"
"Male_NTPH_AAATGGAAGCCGATTT-1",1.3862984115617,"PMN(3)","10X_ntph_M"
"Male_NTPH_AGGTTACAGGCTTAGG-1",1.38629749865513,"PMN(5)","10X_ntph_M"
"Male_NTPH_AACAAGACAGTGGGTA-1",3.43398253767006,"PMN(0)","10X_ntph_M"
"Male_NTPH_GATTTCTAGAAGTCTA-1",3.2958405970643,"PMN(2)","10X_ntph_M"
"Male_NTPH_TGCTTCGAGGTATTGA-1",1.0986180588308,"PMN(4)","10X_ntph_M"
"Male_NTPH_ATGATCGAGTTGGAAT-1",3.13550385683449,"PMN(2)","10X_ntph_M"
"Male_NTPH_TAAGTCGTCGCTGACG-1",2.63905832971291,"PMN(5)","10X_ntph_M"
"Male_NTPH_TCGAAGTAGGATTTCC-1",1.09860354412511,"PMN(3)","10X_ntph_M"
"Male_NTPH_ACAACCACAGCTGTCG-1",2.89036977088068,"PMN(0)","10X_ntph_M"
"Male_NTPH_ATTCATCCACTGGACC-1",1.79174709883681,"PMN(3)","10X_ntph_M"
"Male_NTPH_TGTTCATAGCAGATAT-1",2.77259009747334,"PMN(2)","10X_ntph_M"
"Male_NTPH_GTTATGGCACTCTAGA-1",-1.43340528447311e-05,"PMN(0)","10X_ntph_M"
"Male_NTPH_GTTAGACAGCTTTGTG-1",3.25811768852248,"PMN(2)","10X_ntph_M"
"Male_NTPH_GACTATGTCCGAACGC-1",2.39787649325528,"PMN(2)","10X_ntph_M"
"Male_NTPH_CCGATCTAGGTAAGAG-1",2.77258750166397,"PMN(5)","10X_ntph_M"
"Male_NTPH_TCCTCTTCATGTTCAG-1",2.77260896401886,"PMN(1)","10X_ntph_M"
"Male_NTPH_GTGAGCCAGCAGGCTA-1",1.09860141120452,"PMN(1)","10X_ntph_M"
"Male_NTPH_ATCGTGAAGGTGCATG-1",2.89036326910003,"PMN(5)","10X_ntph_M"
"Male_NTPH_CTACAGACATGGTACT-1",3.04450186897768,"PMN(0)","10X_ntph_M"
"Male_NTPH_CTCAACCGTGGTACAG-1",1.79174427451138,"PMN(1)","10X_ntph_M"
"Male_NTPH_TGCTCGTTCATCGCAA-1",-1.04484716242907e-05,"PMN(7)","10X_ntph_M"
"Male_NTPH_GACGTTACACATAGCT-1",2.70803433894813,"PMN(3)","10X_ntph_M"
"Male_NTPH_TTGTTGTGTCCCGGTA-1",2.3025888552912,"PMN(1)","10X_ntph_M"
"Male_NTPH_CATCCCATCCCATGGG-1",1.79177419462257,"PMN(5)","10X_ntph_M"
"Male_NTPH_AGTCATGGTGCAACGA-1",3.09103390725244,"PMN(0)","10X_ntph_M"
"Male_NTPH_CCTTTGGTCAATCGGT-1",3.40118610346369,"PMN(2)","10X_ntph_M"
"Male_NTPH_GTCTGTCTCCGTGCGA-1",1.3863060533284,"PMN(4)","10X_ntph_M"
"Male_NTPH_CTCCACAAGGGAACAA-1",3.49649285697345,"PMN(2)","10X_ntph_M"
"Male_NTPH_TTCTGTAAGGTTGACG-1",2.94444246700775,"PMN(0)","10X_ntph_M"
"Male_NTPH_ACGGTTATCATCCTAT-1",3.2188835453104,"PMN(2)","10X_ntph_M"
"Male_NTPH_AAGTACCCAAGTCCCG-1",1.38631489537405,"PMN(1)","10X_ntph_M"
"Male_NTPH_AGCGTATGTTAAGACA-1",3.25810121652237,"PMN(5)","10X_ntph_M"
"Male_NTPH_TGCCGAGTCACTGGTA-1",3.49649926517654,"PMN(0)","10X_ntph_M"
"Male_NTPH_ATCGTCCTCAATCTCT-1",3.04453590298694,"PMN(0)","10X_ntph_M"
"Male_NTPH_AGGTGTTCAACAAGTA-1",2.70803400230974,"PMN(2)","10X_ntph_M"
"Male_NTPH_CGCAGGTAGTGCCCGT-1",2.77259418355287,"PMN(2)","10X_ntph_M"
"Male_NTPH_TGTCCTGTCTCCGAAA-1",2.77258963313796,"PMN(5)","10X_ntph_M"
"Male_NTPH_GTAACACAGATGCTTC-1",3.433964066486,"PMN(2)","10X_ntph_M"
"Male_NTPH_AGGAATACAATCTCGA-1",2.77258804230246,"PMN(5)","10X_ntph_M"
"Male_NTPH_AGTAACCAGGCACTCC-1",2.89037573942901,"PMN(0)","10X_ntph_M"
"Male_NTPH_AATTTCCAGCAAACAT-1",3.04452259960159,"PMN(6)","10X_ntph_M"
"Male_NTPH_GTAATGCCAGAAGTTA-1",3.40121280172602,"PMN(0)","10X_ntph_M"
"Male_NTPH_TCCCAGTTCATGCTAG-1",2.56494484674996,"PMN(2)","10X_ntph_M"
"Male_NTPH_GGTTGTAAGTGCGTCC-1",3.17803995765978,"PMN(2)","10X_ntph_M"
"Male_NTPH_CTCATTACATGTACGT-1",3.61091508247243,"PMN(0)","10X_ntph_M"
"Male_NTPH_TGCAGGCTCTGCTTTA-1",3.25809827146676,"PMN(6)","10X_ntph_M"
"Male_NTPH_ATTCACTTCTCCGAGG-1",2.94441532096754,"PMN(5)","10X_ntph_M"
"Male_NTPH_ACAACCAAGGGCCAAT-1",2.1972207550147,"PMN(1)","10X_ntph_M"
"Male_NTPH_TGAGGGACAGGATTCT-1",2.70805658670209,"PMN(4)","10X_ntph_M"
"Male_NTPH_ACTTATCAGAGCAGAA-1",2.48490571300579,"PMN(0)","10X_ntph_M"
"Male_NTPH_CCCGAAGAGAGCTGAC-1",3.17805975475511,"PMN(1)","10X_ntph_M"
"Male_NTPH_TCATACTTCTGAGTCA-1",3.58353431007593,"PMN(0)","10X_ntph_M"
"Male_NTPH_TGGGTTAGTGGAACCA-1",1.60941966460644,"PMN(4)","10X_ntph_M"
"Male_NTPH_TATTTCGCAGCCGTCA-1",3.2581107388847,"PMN(1)","10X_ntph_M"
"Male_NTPH_ACTATCTTCGTGACTA-1",3.43399444840893,"PMN(0)","10X_ntph_M"
"Male_NTPH_TCACGCTTCGCCAGTG-1",3.33221836958118,"PMN(2)","10X_ntph_M"
"Male_NTPH_TTCTCTCTCTGTTGGA-1",2.89037848509914,"PMN(2)","10X_ntph_M"
"Male_NTPH_AGGAGGTGTCTGTGCG-1",2.83321425705813,"PMN(2)","10X_ntph_M"
"Male_NTPH_TATCAGGCACAGCTGC-1",2.07946057158253,"PMN(3)","10X_ntph_M"
"Male_NTPH_AACAAAGTCCGGACTG-1",2.1972224906857,"PMN(2)","10X_ntph_M"
"Male_NTPH_TCTGGCTAGGTAGATT-1",2.56492940309947,"PMN(2)","10X_ntph_M"
"Male_NTPH_AAAGGATTCAAGAAAC-1",3.40119789853972,"PMN(5)","10X_ntph_M"
"Male_NTPH_AGCCAATGTGCGACAA-1",0.693127781326965,"PMN(1)","10X_ntph_M"
"Male_NTPH_TGTTGGACATGACTTG-1",3.04453640790776,"PMN(0)","10X_ntph_M"
"Male_NTPH_CAACCTCGTGCCTACG-1",1.60942354399355,"PMN(4)","10X_ntph_M"
"Male_NTPH_ACCAACACACATGAAA-1",1.19954250082279e-05,"PMN(0)","10X_ntph_M"
"Male_NTPH_AGAACCTCAAGCGAGT-1",2.63905011061243,"PMN(5)","10X_ntph_M"
"Male_NTPH_ACATCCCCATAGCACT-1",2.83320978595008,"PMN(3)","10X_ntph_M"
"Male_NTPH_ATGTCTTGTGACAGCA-1",2.48492151851315,"PMN(0)","10X_ntph_M"
"Male_NTPH_AGTAGTCAGTACAGAT-1",2.70805497659582,"PMN(2)","10X_ntph_M"
"Male_NTPH_CGCATGGGTAGATCCT-1",2.1972108750938,"PMN(3)","10X_ntph_M"
"Male_NTPH_CCTAAGAGTGACATCT-1",2.30258332180447,"PMN(3)","10X_ntph_M"
"Male_NTPH_TTCCAATTCGACGCGT-1",1.79175614363696,"PMN(1)","10X_ntph_M"
"Male_NTPH_TTGCTGCAGCCACAAG-1",2.8903628557064,"PMN(5)","10X_ntph_M"
"Male_NTPH_ACGTAGTGTTCGTGCG-1",2.63906373677934,"PMN(0)","10X_ntph_M"
"Male_NTPH_GCCAGGTAGTTGCCTA-1",3.3673222035013,"PMN(0)","10X_ntph_M"
"Male_NTPH_TCAGTCCAGGTGAGCT-1",3.29582585901874,"PMN(6)","10X_ntph_M"
"Male_NTPH_ATTCCCGCAGGACTTT-1",2.3025830122912,"PMN(1)","10X_ntph_M"
"Male_NTPH_TACTGCCGTTGTGCAT-1",3.2958636272605,"PMN(6)","10X_ntph_M"
"Male_NTPH_GTGCAGCCATACGCAT-1",1.79176156333286,"PMN(5)","10X_ntph_M"
"Male_NTPH_GGAGATGAGACTCTAC-1",1.3862909138691,"PMN(5)","10X_ntph_M"
"Male_NTPH_GGAATGGGTGCCTTTC-1",0.693147135219593,"PMN(1)","10X_ntph_M"
"Male_NTPH_CTGTAGATCGTAGTCA-1",2.890355071624,"PMN(1)","10X_ntph_M"
"Male_NTPH_ATGCCTCTCACTACGA-1",2.19722313125531,"PMN(1)","10X_ntph_M"
"Male_NTPH_AGTTAGCCACTAAACC-1",2.48489580185592,"PMN(2)","10X_ntph_M"
"Male_NTPH_CTCTGGTAGGCGATAC-1",2.56493689433545,"PMN(5)","10X_ntph_M"
"Male_NTPH_TTCTTGATCCATTTCA-1",2.70805241204384,"PMN(2)","10X_ntph_M"
"Male_NTPH_GTCCCATGTCCCAAAT-1",-7.4315183848227e-06,"PMN(4)","10X_ntph_M"
"Male_NTPH_GTAGAAAGTGCAATAA-1",3.55535312665327,"PMN(2)","10X_ntph_M"
"Male_NTPH_ACGATCATCAAGGAGC-1",2.70805466831919,"PMN(1)","10X_ntph_M"
"Male_NTPH_ATCAGGTGTGTTGAGG-1",0.693150889164626,"PMN(4)","10X_ntph_M"
"Male_NTPH_CTGCAGGCAAGTAGTA-1",0.693148498382162,"PMN(4)","10X_ntph_M"
"Male_NTPH_GGTAACTCAGAACTTC-1",3.13549941994964,"PMN(6)","10X_ntph_M"
"Male_NTPH_ACTCCCAGTCTGTCCT-1",3.04451132391176,"PMN(5)","10X_ntph_M"
"Male_NTPH_GTGCGTGTCCCAATAG-1",-1.28087562153579e-05,"PMN(4)","10X_ntph_M"
"Male_NTPH_AGACTCATCGAGAGAC-1",3.61091001710508,"PMN(3)","10X_ntph_M"
"Male_NTPH_CCTCTCCGTTTCGTAG-1",3.17806518881146,"PMN(2)","10X_ntph_M"
"Male_NTPH_CTGCGAGGTGGACTGA-1",2.89037134794474,"PMN(2)","10X_ntph_M"
"Male_NTPH_TGGTACAGTACTGGGA-1",3.17805219799314,"PMN(5)","10X_ntph_M"
"Male_NTPH_GGACGTCTCACGATAC-1",2.83321111936189,"PMN(2)","10X_ntph_M"
"Male_NTPH_AGGAATACATCAGCAT-1",2.39789630247986,"PMN(1)","10X_ntph_M"
"Male_NTPH_AGGGCCTGTTTCGTGA-1",5.23807648790757e-06,"PMN(0)","10X_ntph_M"
"Male_NTPH_TCTGCCAGTCCTTGTC-1",3.22389715446624e-07,"PMN(7)","10X_ntph_M"
"Male_NTPH_TGTAACGGTCAGTCGC-1",0.6931569851876,"PMN(4)","10X_ntph_M"
"Male_NTPH_ATGGGTTGTACCTAGT-1",1.60945050697261,"PMN(1)","10X_ntph_M"
"Male_NTPH_CATCCCAGTACTCGTA-1",2.56496010978167,"PMN(2)","10X_ntph_M"
"Male_NTPH_CTATCCGAGCAGTACG-1",1.6094396766943,"PMN(2)","10X_ntph_M"
"Male_NTPH_TGCGACGGTTCTCGCT-1",3.46575004217438,"PMN(1)","10X_ntph_M"
"Male_NTPH_TCCTGCATCTGAGTCA-1",3.33220611989182,"PMN(0)","10X_ntph_M"
"Male_NTPH_TGTGATGTCGTGGAAG-1",2.39789744847415,"PMN(2)","10X_ntph_M"
"Male_NTPH_GCAGTTAGTGTACAGG-1",3.40119863444543,"PMN(2)","10X_ntph_M"
"Male_NTPH_CTACGGGGTAGCTTGT-1",3.52636778135741,"PMN(2)","10X_ntph_M"
"Male_NTPH_ACCCAAATCTTCGTAT-1",-6.30690047661993e-06,"PMN(7)","10X_ntph_M"
"Male_NTPH_GCCGTGAGTCGCTTAA-1",3.09103445829365,"PMN(6)","10X_ntph_M"
"Male_NTPH_GCCAGCACACGCTGAC-1",3.13551054619844,"PMN(0)","10X_ntph_M"
"Male_NTPH_CCGGTAGAGCCGATCC-1",2.89035818957494,"PMN(3)","10X_ntph_M"
"Male_NTPH_ATTGGGTTCAAAGCCT-1",3.29584975230865,"PMN(0)","10X_ntph_M"
"Male_NTPH_CGAGGCTGTCTTGAGT-1",3.04450629914127,"PMN(2)","10X_ntph_M"
"Male_NTPH_ATCCACCGTCCTCCTA-1",2.30260320063241,"PMN(3)","10X_ntph_M"
"Male_NTPH_ACCTGAAGTGCCTGAC-1",1.09861171243711,"PMN(2)","10X_ntph_M"
"Male_NTPH_TAACCAGGTAGTCCTA-1",2.07946569231327,"PMN(2)","10X_ntph_M"
"Male_NTPH_GTCTTTACATGACAAA-1",1.09861569106927,"PMN(5)","10X_ntph_M"
"Male_NTPH_TAATCTCTCTCCCTAG-1",3.29583078283721,"PMN(2)","10X_ntph_M"
"Male_NTPH_ATGCATGGTCAAAGTA-1",1.6094466737859,"PMN(2)","10X_ntph_M"
"Male_NTPH_CATCGGGGTGCCTATA-1",1.94591279091207,"PMN(2)","10X_ntph_M"
"Male_NTPH_GGAGATGAGCGCCTAC-1",7.07408266944144e-06,"PMN(7)","10X_ntph_M"
"Male_NTPH_GGCTTTCTCCGTCACT-1",0.693149699420357,"PMN(1)","10X_ntph_M"
"Male_NTPH_TCATTCAAGGAAGTAG-1",1.38630822172411,"PMN(5)","10X_ntph_M"
"Male_NTPH_GACTCTCTCACTTGTT-1",3.33221406631818,"PMN(6)","10X_ntph_M"
"Male_NTPH_TAACGACGTCGGTAAG-1",1.38629038740347,"PMN(1)","10X_ntph_M"
"Male_NTPH_CTCCGATGTCGGAACA-1",2.83321571732912,"PMN(2)","10X_ntph_M"
"Male_NTPH_TGGAGGACAGCAGTTT-1",1.38631077357978,"PMN(6)","10X_ntph_M"
"Male_NTPH_TGCTTGCGTTTGTGGT-1",1.79176142069848,"PMN(3)","10X_ntph_M"
"Male_NTPH_GTTGTGAAGTCGCGAA-1",2.83322579330992,"PMN(1)","10X_ntph_M"
"Male_NTPH_GTGAGTTAGGTACAGC-1",1.0986233546425,"PMN(4)","10X_ntph_M"
"Male_NTPH_CTACCTGGTAGTCCTA-1",3.3672982371266,"PMN(0)","10X_ntph_M"
"Male_NTPH_TTTAGTCTCTTTCTAG-1",0.693155459551989,"PMN(4)","10X_ntph_M"
"Male_NTPH_TACCGGGGTAATTGGA-1",2.83320787123314,"PMN(0)","10X_ntph_M"
"Male_NTPH_CGTAATGTCACCTCTG-1",3.66356116030262,"PMN(2)","10X_ntph_M"
"Male_NTPH_AAGACAAGTTTACCAG-1",1.09863164435141,"PMN(4)","10X_ntph_M"
"Male_NTPH_AAGTGAATCGAACCAT-1",2.94444151514195,"PMN(2)","10X_ntph_M"
"Male_NTPH_TTACCATGTATCGCGC-1",2.83322587295308,"PMN(6)","10X_ntph_M"
"Male_NTPH_GTCACTCGTGCCTATA-1",1.09860807144242,"PMN(1)","10X_ntph_M"
"Male_NTPH_CTCGAGGCATCGATAC-1",3.21885204494219,"PMN(0)","10X_ntph_M"
"Male_NTPH_GTAAGTCCATTCTCTA-1",2.94442995427667,"PMN(2)","10X_ntph_M"
"Male_NTPH_CTCAGTCCACCCTGAG-1",-2.37761686143295e-06,"PMN(0)","10X_ntph_M"
"Male_NTPH_AGAAGTAGTTCAGCGC-1",3.43397502442532,"PMN(5)","10X_ntph_M"
"Male_NTPH_CATCCACCAGCGACCT-1",2.07944998293395,"PMN(1)","10X_ntph_M"
"Male_NTPH_GCACATATCGAGCACC-1",-8.37302298601239e-08,"PMN(4)","10X_ntph_M"
"Male_NTPH_CGTAATGTCGGACCAC-1",3.09103279257372,"PMN(2)","10X_ntph_M"
"Male_NTPH_CCCGGAAAGTGAGGCT-1",1.79177030062055,"PMN(1)","10X_ntph_M"
"Male_NTPH_AACACACAGTAGGATT-1",1.94590689418188,"PMN(2)","10X_ntph_M"
"Male_NTPH_TCCATGCGTGCCTTCT-1",1.79174787528345,"PMN(1)","10X_ntph_M"
"Male_NTPH_TCAGGGCCACGCTGCA-1",1.94590904849037,"PMN(1)","10X_ntph_M"
"Male_NTPH_TCAGGTATCAGCCTCT-1",2.39789683607148,"PMN(0)","10X_ntph_M"
"Male_NTPH_CCGCAAGTCTGCGGGT-1",1.38631819249484,"PMN(4)","10X_ntph_M"
"Male_NTPH_AAAGGATCACCCAAGC-1",2.89037441145689,"PMN(0)","10X_ntph_M"
"Male_NTPH_CGTGCTTGTAATGATG-1",1.79175580825251,"PMN(1)","10X_ntph_M"
"Male_NTPH_AGAAATGCAAGACCTT-1",2.89036185573941,"PMN(2)","10X_ntph_M"
"Male_NTPH_GTGTAACTCTCGAGTA-1",3.04452408114029,"PMN(2)","10X_ntph_M"
"Male_NTPH_GGGTCTGAGCGGGTTA-1",3.68887611662664,"PMN(2)","10X_ntph_M"
"Male_NTPH_AGACCATGTGAATATG-1",1.79176774867331,"PMN(1)","10X_ntph_M"
"Male_NTPH_CTACTATCAAGGTTGG-1",3.1354969085802,"PMN(5)","10X_ntph_M"
"Male_NTPH_TTGAGTGAGACATACA-1",1.09862684096712,"PMN(1)","10X_ntph_M"
"Male_NTPH_GAACGTTCACCATTCC-1",3.17805605504266,"PMN(2)","10X_ntph_M"
"Male_NTPH_TTTAGTCAGACGGAAA-1",2.56493543031347,"PMN(1)","10X_ntph_M"
"Male_NTPH_TTATTGCAGAGAGTTT-1",2.94443019848805,"PMN(0)","10X_ntph_M"
"Male_NTPH_ACTTAGGTCATGCTAG-1",3.40119716312083,"PMN(0)","10X_ntph_M"
"Male_NTPH_CTGTGGGGTCGCTTGG-1",0.693153202002422,"PMN(2)","10X_ntph_M"
"Male_NTPH_TCCTTCTAGCCTGAAG-1",2.56497383004975,"PMN(1)","10X_ntph_M"
"Male_NTPH_ATGGTTGCAGAGATGC-1",0.693153841148501,"PMN(1)","10X_ntph_M"
"Male_NTPH_GTAATGCTCCAGCTCT-1",2.70805606472033,"PMN(5)","10X_ntph_M"
"Male_NTPH_TAAGTCGTCCGACGGT-1",2.77257604165425,"PMN(1)","10X_ntph_M"
"Male_NTPH_GCACTAACATGCCATA-1",3.40120096718356,"PMN(2)","10X_ntph_M"
"Male_NTPH_GAAGCGACAGGGAATC-1",3.33219137377087,"PMN(2)","10X_ntph_M"
"Male_NTPH_GCAGCTGCAAGCGGAT-1",0.693141374419067,"PMN(4)","10X_ntph_M"
"Male_NTPH_ATTCCATGTCACTTCC-1",2.19723322499141,"PMN(5)","10X_ntph_M"
"Male_NTPH_TCAATTCAGTCCGTCG-1",1.94591969213399,"PMN(1)","10X_ntph_M"
"Male_NTPH_CACCGTTCATCCGGCA-1",1.38629021310543,"PMN(1)","10X_ntph_M"
"Male_NTPH_CAGTTAGCAAGGATGC-1",1.60943232625168,"PMN(0)","10X_ntph_M"
"Male_NTPH_GGTAACTCACCTGCAG-1",3.76119741293207,"PMN(3)","10X_ntph_M"
"Male_NTPH_CTGTACCAGAACTTCC-1",2.5649682886558,"PMN(1)","10X_ntph_M"
"Male_NTPH_AGACAGGGTGGCAACA-1",2.3978683029336,"PMN(3)","10X_ntph_M"
"Male_NTPH_AAGTGAAAGGACGCTA-1",3.25809521522066,"PMN(3)","10X_ntph_M"
"Male_NTPH_TAGGTACAGCGCATCC-1",2.63906838746709,"PMN(3)","10X_ntph_M"
"Male_NTPH_TTGTTGTTCCAAGAGG-1",3.0445208079849,"PMN(2)","10X_ntph_M"
"Male_NTPH_GTGCTTCGTGGAAATT-1",3.04451062802929,"PMN(2)","10X_ntph_M"
"Male_NTPH_GTTACGAAGCCATCCG-1",6.50834549167319e-06,"PMN(0)","10X_ntph_M"
"Male_NTPH_TCGGGACAGTACTGGG-1",3.17806260367343,"PMN(0)","10X_ntph_M"
"Male_NTPH_CCGATGGGTCCCGCAA-1",2.89035949510657,"PMN(2)","10X_ntph_M"
"Male_NTPH_TCATCCGAGGAGTATT-1",2.19722144540537,"PMN(0)","10X_ntph_M"
"Male_NTPH_ACTGTCCAGATACTGA-1",0.693153771478161,"PMN(4)","10X_ntph_M"
"Male_NTPH_GTCATGATCTGAATGC-1",2.07943379948952,"PMN(5)","10X_ntph_M"
"Male_NTPH_CTGGACGCAACACAAA-1",3.80666207413494,"PMN(0)","10X_ntph_M"
"Male_NTPH_GACACGCTCGAAATCC-1",3.09104004885749,"PMN(5)","10X_ntph_M"
"Male_NTPH_CACGAATAGGTGATCG-1",2.39789355304781,"PMN(3)","10X_ntph_M"
"Male_NTPH_AGGAGGTCACACCAGC-1",1.79175775004736,"PMN(1)","10X_ntph_M"
"Male_NTPH_GACGTTACACGTAGAG-1",1.60945077331716,"PMN(5)","10X_ntph_M"
"Male_NTPH_GTCATGAAGGGTTTCT-1",2.07945253577539,"PMN(1)","10X_ntph_M"
"Male_NTPH_TACCCGTGTCTAACGT-1",2.83321808568788,"PMN(3)","10X_ntph_M"
"Male_NTPH_CTGTAGATCCCTTTGG-1",2.19722245746911,"PMN(0)","10X_ntph_M"
"Male_NTPH_AGTAGTCGTGTCGCTG-1",2.39787865782719,"PMN(2)","10X_ntph_M"
"Male_NTPH_AGTGTTGGTACAGTCT-1",3.80665314687164,"PMN(0)","10X_ntph_M"
"Male_NTPH_CGACAGCAGAGAGAAC-1",0.693158304542774,"PMN(4)","10X_ntph_M"
"Male_NTPH_CCGTTCACATCAGTCA-1",-8.9911777023736e-06,"PMN(0)","10X_ntph_M"
"Male_NTPH_TTCCTAAGTTAATGAG-1",3.49650444615752,"PMN(0)","10X_ntph_M"
"Male_NTPH_CGGAATTGTCCAGCGT-1",2.19723549647643,"PMN(1)","10X_ntph_M"
"Male_NTPH_GTCTGTCGTCTTACTT-1",2.99571922802228,"PMN(3)","10X_ntph_M"
"Male_NTPH_GCACATAAGACTTAAG-1",2.94445641273039,"PMN(2)","10X_ntph_M"
"Male_NTPH_TTACAGGAGACATGCG-1",1.94590903536732,"PMN(1)","10X_ntph_M"
"Male_NTPH_CGGGCATAGGACTGGT-1",1.09858813877647,"PMN(1)","10X_ntph_M"
"Male_NTPH_CTGTAGAAGGCTCTAT-1",0.693136844644456,"PMN(4)","10X_ntph_M"
"Male_NTPH_GCACGGTGTTACAGCT-1",2.77258590804814,"PMN(3)","10X_ntph_M"
"Male_NTPH_TATCTTGCAACCACAT-1",2.39790913255808,"PMN(0)","10X_ntph_M"
"Male_NTPH_TCTACATCAGCTCCTT-1",1.06853293850927e-05,"PMN(4)","10X_ntph_M"
"Male_NTPH_ACCGTTCCAGCAAGAC-1",3.29584400169936,"PMN(2)","10X_ntph_M"
"Male_NTPH_ATGAAAGGTTGGCCTG-1",3.66356569877902,"PMN(0)","10X_ntph_M"
"Male_NTPH_GTCACGGCAGACCTGC-1",2.77258773171792,"PMN(1)","10X_ntph_M"
"Male_NTPH_CCACGAGAGGCATGGT-1",1.09860719528181,"PMN(0)","10X_ntph_M"
"Male_NTPH_CGGAACCGTATCGTGT-1",-1.10237221609092e-05,"PMN(0)","10X_ntph_M"
"Male_NTPH_ATCCACCTCCGAGTGC-1",3.04453256277443,"PMN(0)","10X_ntph_M"
"Male_NTPH_TTGAGTGTCGATCCAA-1",2.19722566966375,"PMN(1)","10X_ntph_M"
"Male_NTPH_AACCCAAAGTACCGGA-1",2.56495915809375,"PMN(2)","10X_ntph_M"
"Male_NTPH_ACATCCCGTAGGAGTC-1",2.83323640284682,"PMN(6)","10X_ntph_M"
"Male_NTPH_TCGCTCACACCGCTGA-1",1.38629870593201,"PMN(4)","10X_ntph_M"
"Male_NTPH_CTCCAACGTTCCACGG-1",2.9444374518485,"PMN(0)","10X_ntph_M"
"Male_NTPH_AGTCAACGTTAAACCC-1",3.09105255216155,"PMN(2)","10X_ntph_M"
"Male_NTPH_GTTGCGGCAGTTCTAG-1",0.693142742278916,"PMN(4)","10X_ntph_M"
"Male_NTPH_TCAAGCACACCAGTAT-1",3.17805822138249,"PMN(2)","10X_ntph_M"
"Male_NTPH_AAGAACATCTGGCCAG-1",0.693166164911764,"PMN(1)","10X_ntph_M"
"Male_NTPH_CTCAGAACAGAGTGTG-1",-6.11121511540763e-06,"PMN(0)","10X_ntph_M"
"Male_NTPH_TCCCATGTCATTGCGA-1",1.79175008937857,"PMN(2)","10X_ntph_M"
"Male_NTPH_TGGATCATCTCAACCC-1",1.3862836893113,"PMN(4)","10X_ntph_M"
"Male_NTPH_GTAGAGGTCAAAGAAC-1",1.38630675766116,"PMN(5)","10X_ntph_M"
"Male_NTPH_TCGGGCACAGTCGCTG-1",3.2581025111377,"PMN(5)","10X_ntph_M"
"Male_NTPH_TCCTGCAAGTCTGCGC-1",3.25810925811202,"PMN(0)","10X_ntph_M"
"Male_NTPH_AAGACAATCCACACAA-1",2.30259260392608,"PMN(1)","10X_ntph_M"
"Male_NTPH_ACTTTCATCATGAGAA-1",1.38629659212767,"PMN(4)","10X_ntph_M"
"Male_NTPH_GTTCCGTTCTCTGGTC-1",2.40323523177152e-06,"PMN(4)","10X_ntph_M"
"Male_NTPH_GCAGGCTTCCGGGACT-1",3.2958376898777,"PMN(2)","10X_ntph_M"
"Male_NTPH_GTCCACTAGGGAGGAC-1",2.83320651747059,"PMN(0)","10X_ntph_M"
"Male_NTPH_AGGACTTGTGTTCGTA-1",1.09861356267174,"PMN(0)","10X_ntph_M"
"Male_NTPH_AACTTCTAGTGAGGTC-1",2.07943850061296,"PMN(1)","10X_ntph_M"
"Male_NTPH_TAACTTCCACCAGCGT-1",0.693154210264191,"PMN(1)","10X_ntph_M"
"Male_NTPH_TACCTCGAGCTTAGTC-1",0.693136535973545,"PMN(3)","10X_ntph_M"
"Male_NTPH_ATAGACCCAATCCTAG-1",2.99572088461345,"PMN(5)","10X_ntph_M"
"Male_NTPH_AGGTCTACAGGCATTT-1",3.63760181107992,"PMN(0)","10X_ntph_M"
"Male_NTPH_TCCGAAACACCGTCGA-1",2.83321167667429,"PMN(2)","10X_ntph_M"
"Male_NTPH_CACTGGGGTGTTACTG-1",2.83322640658236,"PMN(1)","10X_ntph_M"
"Male_NTPH_GTGCACGAGTAGGTTA-1",0.693157491686008,"PMN(7)","10X_ntph_M"
"Male_NTPH_ATCCCTGAGCTGCCAC-1",3.21886778227878,"PMN(0)","10X_ntph_M"
"Male_NTPH_CCAATTTCACTCTGCT-1",3.36728645509734,"PMN(2)","10X_ntph_M"
"Male_NTPH_GGGTAGATCTAGCATG-1",1.09860626837714,"PMN(1)","10X_ntph_M"
"Male_NTPH_GAGACTTGTATCTCTT-1",2.19720459952866,"PMN(3)","10X_ntph_M"
"Male_NTPH_TAGGGTTAGCGAACTG-1",3.29584008947404,"PMN(2)","10X_ntph_M"
"Male_NTPH_CTACCCAAGTCATAGA-1",2.70804492786188,"PMN(2)","10X_ntph_M"
"Male_NTPH_CTTGATTAGGCTAACG-1",3.17803961169743,"PMN(2)","10X_ntph_M"
"Male_NTPH_TTATTGCTCTGCGGCA-1",1.38628582453727,"PMN(1)","10X_ntph_M"
"Male_NTPH_GACGTTATCATCGTAG-1",3.04453457749537,"PMN(6)","10X_ntph_M"
"Male_NTPH_TCGCACTGTCCACGCA-1",1.09862374768832,"PMN(4)","10X_ntph_M"
"Male_NTPH_ATCGGATAGTATTAGG-1",3.3322163953643,"PMN(1)","10X_ntph_M"
"Male_NTPH_CGTAAGTTCAGACAAA-1",2.83320662217954,"PMN(3)","10X_ntph_M"
"Male_NTPH_AGTGTTGGTCCTCATC-1",3.29585233618539,"PMN(5)","10X_ntph_M"
"Male_NTPH_TCGTGCTCATGAAGGC-1",2.89036303478647,"PMN(2)","10X_ntph_M"
"Male_NTPH_AATGGAAGTGACTGAG-1",1.38630088073856,"PMN(5)","10X_ntph_M"
"Male_NTPH_AGGGCCTAGAAATGGG-1",3.04452066524874,"PMN(0)","10X_ntph_M"
"Male_NTPH_GACCCTTCATTGCTTT-1",2.48492085016643,"PMN(2)","10X_ntph_M"
"Male_NTPH_TCATTTGAGTGAGGTC-1",2.89037871086081,"PMN(5)","10X_ntph_M"
"Male_NTPH_GAGGGTAAGGGCCCTT-1",2.48489118943209,"PMN(2)","10X_ntph_M"
"Male_NTPH_TCCCATGGTATCCTTT-1",2.63907193207732,"PMN(2)","10X_ntph_M"
"Male_NTPH_ATTCCCGCAGTCGAGA-1",2.07943813532234,"PMN(3)","10X_ntph_M"
"Male_NTPH_AGGGTCCGTCAGCGTC-1",3.13548723291564,"PMN(2)","10X_ntph_M"
"Male_NTPH_TAGATCGCACATATCG-1",2.94443560401637,"PMN(0)","10X_ntph_M"
"Male_NTPH_TGCATGAGTCGAATGG-1",2.89035960408498,"PMN(1)","10X_ntph_M"
"Male_NTPH_GTGATGTTCGTAGTCA-1",1.09860738396085,"PMN(0)","10X_ntph_M"
"Male_NTPH_CAGTGCGGTAGGACTG-1",1.60942539588038,"PMN(1)","10X_ntph_M"
"Male_NTPH_AGGATCTGTGGGCTCT-1",1.45884034195605e-05,"PMN(4)","10X_ntph_M"
"Male_NTPH_ACAGAAACACCCATAA-1",2.9444382190914,"PMN(2)","10X_ntph_M"
"Male_NTPH_TCCTCTTGTCTCAGGC-1",2.19720157379842,"PMN(1)","10X_ntph_M"
"Male_NTPH_CAACGATAGACTCTTG-1",1.09859994337999,"PMN(3)","10X_ntph_M"
"Male_NTPH_GCACGGTAGGTCGTAG-1",2.39789208551318,"PMN(3)","10X_ntph_M"
"Male_NTPH_AGGGAGTTCCAGTGCG-1",2.48487868015189,"PMN(2)","10X_ntph_M"
"Male_NTPH_TCTAACTAGCCTATCA-1",3.71355095614924,"PMN(0)","10X_ntph_M"
"Male_NTPH_TTGCCTGAGAGATTCA-1",2.07942447677021,"PMN(3)","10X_ntph_M"
"Male_NTPH_TGTTGGACACTCGATA-1",9.86157987863759e-06,"PMN(0)","10X_ntph_M"
"Male_NTPH_GAGGCCTTCCCGTAAA-1",3.29583954537334,"PMN(0)","10X_ntph_M"
"Male_NTPH_CAAGGGATCTTTACAC-1",3.49650548906402,"PMN(0)","10X_ntph_M"
"Male_NTPH_CTTCAATGTACACTCA-1",3.29582266678335,"PMN(0)","10X_ntph_M"
"Male_NTPH_ATGGATCGTGGACTAG-1",-4.7819724851789e-06,"PMN(0)","10X_ntph_M"
"Male_NTPH_GTTGCTCTCGTCACCT-1",2.07942955326822,"PMN(4)","10X_ntph_M"
"Male_NTPH_CACCGTTAGTCTGCAT-1",2.94444009395291,"PMN(2)","10X_ntph_M"
"Male_NTPH_GGTCTGGCATGACGGA-1",2.5649548106406,"PMN(5)","10X_ntph_M"
"Male_NTPH_CGGAGAACATTCTTCA-1",2.07943958625088,"PMN(4)","10X_ntph_M"
"Male_NTPH_CAACGATGTCTGTAAC-1",3.25809958956696,"PMN(2)","10X_ntph_M"
"Male_NTPH_GATCCCTAGTATGATG-1",3.04453310679187,"PMN(0)","10X_ntph_M"
"Male_NTPH_TTCCGGTGTCTGTGGC-1",2.07944187357333,"PMN(1)","10X_ntph_M"
"Male_NTPH_CGCATGGAGTATCCTG-1",3.21886546909246,"PMN(0)","10X_ntph_M"
"Male_NTPH_AACTTCTGTCCTACAA-1",3.43400609564938,"PMN(0)","10X_ntph_M"
"Male_NTPH_TTGTGGACAGAGAATT-1",2.56495178597595,"PMN(2)","10X_ntph_M"
"Male_NTPH_TTTGACTCAGTGGGTA-1",3.1780489935879,"PMN(0)","10X_ntph_M"
"Male_NTPH_TCACTATCAGCCGTTG-1",-1.47357323323649e-06,"PMN(7)","10X_ntph_M"
"Male_NTPH_AGACTCACAATTGCTG-1",3.40119987505797,"PMN(0)","10X_ntph_M"
"Male_NTPH_TTCTAACCATTGACTG-1",1.60943644394714,"PMN(4)","10X_ntph_M"
"Male_NTPH_TGTACAGGTGATGGCA-1",1.60943091362753,"PMN(3)","10X_ntph_M"
"Male_NTPH_GTAGGTTGTGACCGAA-1",2.48491319036158,"PMN(0)","10X_ntph_M"
"Male_NTPH_ACATCCCGTAACTGCT-1",2.77258779729091,"PMN(0)","10X_ntph_M"
"Male_NTPH_TAGATCGGTAACATAG-1",2.48490048565599,"PMN(1)","10X_ntph_M"
"Male_NTPH_TGGATGTAGTTGCATC-1",1.09859363833001,"PMN(4)","10X_ntph_M"
"Male_NTPH_CATGCAAGTTAAGGAT-1",3.17804826919079,"PMN(2)","10X_ntph_M"
"Male_NTPH_TCTCACGGTGTTCGAT-1",2.63906106361807,"PMN(3)","10X_ntph_M"
"Male_NTPH_GATGATCTCGTGCAGC-1",2.19723105361751,"PMN(2)","10X_ntph_M"
"Male_NTPH_TGAGGGAGTCAGCGTC-1",3.33219176677205,"PMN(2)","10X_ntph_M"
"Male_NTPH_AACCATGGTGTTATCG-1",0.693162293748329,"PMN(4)","10X_ntph_M"
"Male_NTPH_ACTTTCATCTCGGTCT-1",3.43397651952856,"PMN(6)","10X_ntph_M"
"Male_NTPH_TGGAGAGGTACCGTCG-1",2.70804409991957,"PMN(0)","10X_ntph_M"
"Male_NTPH_ATTGGGTCATCCAATG-1",1.94591192054882,"PMN(3)","10X_ntph_M"
"Male_NTPH_CCCAACTAGGGCTTCC-1",1.94591432932588,"PMN(1)","10X_ntph_M"
"Male_NTPH_GAACTGTCACCCAACG-1",3.33220430229347,"PMN(0)","10X_ntph_M"
"Male_NTPH_GTATTTCGTAGCTTGT-1",3.46572997714585,"PMN(6)","10X_ntph_M"
"Male_NTPH_CCTCCTCGTGAGCCAA-1",2.484889166412,"PMN(5)","10X_ntph_M"
"Male_NTPH_AAGGAATGTATAGGGC-1",0.693136608877647,"PMN(4)","10X_ntph_M"
"Male_NTPH_TCCCATGCACCGAATT-1",0.693149826465735,"PMN(1)","10X_ntph_M"
"Male_NTPH_AAGACTCAGGTCCGAA-1",2.19722810908202,"PMN(0)","10X_ntph_M"
"Male_NTPH_CAGTGCGAGAAGGTAG-1",2.94444144186967,"PMN(2)","10X_ntph_M"
"Male_NTPH_ACGTACATCGTGACTA-1",0.693146478618054,"PMN(4)","10X_ntph_M"
"Male_NTPH_AAGCGAGAGGAACGAA-1",2.83321321557728,"PMN(2)","10X_ntph_M"
"Male_NTPH_GCAGTTATCCCGAATA-1",0.693148204702638,"PMN(4)","10X_ntph_M"
"Male_NTPH_GGGACTCTCCGACGGT-1",0.693177438113349,"PMN(4)","10X_ntph_M"
"Male_NTPH_GTGACGCTCGCGGTAC-1",1.79175952489124,"PMN(4)","10X_ntph_M"
"Male_NTPH_TTCCTTCGTAGGCTGA-1",-1.0241774630601e-05,"PMN(0)","10X_ntph_M"
"Male_NTPH_CACTGGGTCCATCTGC-1",3.13550479032923,"PMN(3)","10X_ntph_M"
"Male_NTPH_TGAGACTCACCAGGTC-1",3.25811113833869,"PMN(3)","10X_ntph_M"
"Male_NTPH_AGTGACTGTCGAAACG-1",8.38564576413511e-06,"PMN(0)","10X_ntph_M"
"Male_NTPH_ATGATCGGTACCTATG-1",1.38629315644324,"PMN(4)","10X_ntph_M"
"Male_NTPH_TCGAAGTCACCATTCC-1",3.63757047189258,"PMN(0)","10X_ntph_M"
"Male_NTPH_ACTTATCGTGAGGAAA-1",3.46574360145992,"PMN(2)","10X_ntph_M"
"Male_NTPH_TAGGGTTTCCGCCTAT-1",1.60944931934834,"PMN(1)","10X_ntph_M"
"Male_NTPH_GCATTAGGTACAAACA-1",2.94442701758397,"PMN(0)","10X_ntph_M"
"Male_NTPH_CCGGACACAAATACAG-1",2.77257824322682,"PMN(0)","10X_ntph_M"
"Male_NTPH_CTCCGATAGCTAATCC-1",3.33219767095882,"PMN(0)","10X_ntph_M"
"Male_NTPH_GCCCAGACACACCTGG-1",2.1972154868475,"PMN(3)","10X_ntph_M"
"Male_NTPH_CATGCTCGTTGGAGGT-1",1.79175918557342,"PMN(5)","10X_ntph_M"
"Male_NTPH_ACATCCCGTGAATGAT-1",2.94441951154853,"PMN(5)","10X_ntph_M"
"Male_NTPH_AGCCAATGTGTCATCA-1",0.693148624123107,"PMN(4)","10X_ntph_M"
"Male_NTPH_TTGTGGACACGTGTGC-1",2.07943794092541,"PMN(3)","10X_ntph_M"
"Male_NTPH_AATCACGGTGATGTAA-1",2.8332265683922,"PMN(0)","10X_ntph_M"
"Male_NTPH_AAGATAGGTATGCAAA-1",2.48489606748518,"PMN(5)","10X_ntph_M"
"Male_NTPH_CTCCACAAGGGCGAGA-1",3.40121599671707,"PMN(2)","10X_ntph_M"
"Male_NTPH_AGTAACCGTGATGGCA-1",1.94590841915705,"PMN(1)","10X_ntph_M"
"Male_NTPH_TCGACCTAGCATCAGG-1",3.21887688799792,"PMN(3)","10X_ntph_M"
"Male_NTPH_ACTGTGAAGACGTCGA-1",2.30257696974402,"PMN(2)","10X_ntph_M"
"Male_NTPH_ATCTTCAAGTTCACTG-1",2.30256677211932,"PMN(0)","10X_ntph_M"
"Male_NTPH_AAGCGTTGTCTTGCTC-1",1.09859672791018,"PMN(1)","10X_ntph_M"
"Male_NTPH_TTCATTGTCCCTCATG-1",1.09861343526075,"PMN(4)","10X_ntph_M"
"Male_NTPH_TAGTGCACACTAGTAC-1",1.09861203484923,"PMN(4)","10X_ntph_M"
"Male_NTPH_TTCCACGCACAATGCT-1",0.693160029987952,"PMN(3)","10X_ntph_M"
"Male_NTPH_AAGACAAAGTATGACA-1",2.30258392068028,"PMN(3)","10X_ntph_M"
"Male_NTPH_CACTTCGTCCGATCGG-1",2.48491950901593,"PMN(5)","10X_ntph_M"
"Male_NTPH_AGAACCTAGAGTCAAT-1",2.5649663517212,"PMN(5)","10X_ntph_M"
"Male_NTPH_TACTTGTAGCTGAAAT-1",3.73767231731421,"PMN(2)","10X_ntph_M"
"Male_NTPH_CAGATTGTCATCACAG-1",1.3863042060985,"PMN(1)","10X_ntph_M"
"Male_NTPH_TGAACGTCACAATGAA-1",3.49650359383264,"PMN(0)","10X_ntph_M"
"Male_NTPH_TCACAAGGTCGTCAGC-1",2.94442331926363,"PMN(2)","10X_ntph_M"
"Male_NTPH_ATGTCTTAGCATGGGT-1",2.99573024162728,"PMN(2)","10X_ntph_M"
"Male_NTPH_AGCGCTGTCAGTCCGG-1",1.94590835115989,"PMN(1)","10X_ntph_M"
"Male_NTPH_GGAGGATTCGAGTGGA-1",3.13548230474306,"PMN(0)","10X_ntph_M"
"Male_NTPH_CTGTCGTAGGGACAGG-1",2.6390561885252,"PMN(3)","10X_ntph_M"
"Male_NTPH_TGTCCACGTAATGCTC-1",1.38630951190084,"PMN(5)","10X_ntph_M"
"Male_NTPH_ACCTGTCGTTGCATAC-1",2.995728021117,"PMN(2)","10X_ntph_M"
"Male_NTPH_CTAACCCCAGTATGAA-1",2.4849248643331,"PMN(1)","10X_ntph_M"
"Male_NTPH_TCGTGCTGTTTATGCG-1",1.94590017079218,"PMN(1)","10X_ntph_M"
"Male_NTPH_GACTCAAGTCGACGCT-1",2.63904400715377,"PMN(2)","10X_ntph_M"
"Male_NTPH_CTAGACAAGGTTACAA-1",0.693132451330423,"PMN(3)","10X_ntph_M"
"Male_NTPH_TGTCCTGTCTCGTGAA-1",0.693150721357078,"PMN(4)","10X_ntph_M"
"Male_NTPH_TGTAGACCACGTACAT-1",3.04451975410678,"PMN(5)","10X_ntph_M"
"Male_NTPH_AATTTCCGTCTCACGG-1",2.19722586267102,"PMN(6)","10X_ntph_M"
"Male_NTPH_TGCAGTAGTGACTATC-1",3.09105212090375,"PMN(2)","10X_ntph_M"
"Male_NTPH_GCATGATTCAGTAGGG-1",3.49652123507852,"PMN(0)","10X_ntph_M"
"Male_NTPH_ATCACAGTCTGGGAGA-1",3.13548942335136,"PMN(2)","10X_ntph_M"
"Male_NTPH_TAGAGTCAGCTTAGTC-1",2.77260524593121,"PMN(0)","10X_ntph_M"
"Male_NTPH_TGCTCCACACATAGCT-1",3.25809508016354,"PMN(2)","10X_ntph_M"
"Male_NTPH_GACCAATTCCTTATCA-1",2.56494602530304,"PMN(0)","10X_ntph_M"
"Male_NTPH_AGGTCATTCAAGAAAC-1",3.29582330343748,"PMN(1)","10X_ntph_M"
"Male_NTPH_TGTCCTGAGAAGCGGG-1",-1.04179627792803e-05,"PMN(7)","10X_ntph_M"
"Male_NTPH_CTCCTCCGTATGCGGA-1",3.21887489839552,"PMN(2)","10X_ntph_M"
"Male_NTPH_TTCGATTTCCAAGAGG-1",1.94591234370625,"PMN(3)","10X_ntph_M"
"Male_NTPH_TGCATGATCTTCCTAA-1",2.48489685298615,"PMN(3)","10X_ntph_M"
"Male_NTPH_AGACAGGTCCCGAACG-1",2.07945259346684,"PMN(1)","10X_ntph_M"
"Male_NTPH_TTACGTTCACGACGTC-1",0.693159927571093,"PMN(1)","10X_ntph_M"
"Male_NTPH_CTCATTAGTAGGAGTC-1",3.09102307492019,"PMN(2)","10X_ntph_M"
"Male_NTPH_CATACAGTCAAAGAAC-1",1.94590301611418,"PMN(1)","10X_ntph_M"
"Male_NTPH_GTCGAATTCGTTCCTG-1",2.7080573999381,"PMN(3)","10X_ntph_M"
"Male_NTPH_GTGTCCTGTCTACTGA-1",9.6668670040656e-06,"PMN(7)","10X_ntph_M"
"Male_NTPH_CTCAGGGCACAATTCG-1",3.55535003167973,"PMN(6)","10X_ntph_M"
"Male_NTPH_CTCATCGCAAACCATC-1",3.61091678889969,"PMN(2)","10X_ntph_M"
"Male_NTPH_CCCTGATGTCTGTCAA-1",2.56494997756967,"PMN(1)","10X_ntph_M"
"Male_NTPH_AGCGATTTCGTGTTCC-1",1.79176396684154,"PMN(1)","10X_ntph_M"
"Male_NTPH_CTACCTGTCCTTCTGG-1",2.30258700272939,"PMN(5)","10X_ntph_M"
"Male_NTPH_TTTACTGCAGTGCGCT-1",3.46576889168868,"PMN(2)","10X_ntph_M"
"Male_NTPH_AACCCAAGTTACGTAC-1",2.19721705115221,"PMN(3)","10X_ntph_M"
"Male_NTPH_TCAGTTTGTTACCTGA-1",2.39788848888684,"PMN(0)","10X_ntph_M"
"Male_NTPH_CAAGAGGGTACACGTT-1",0.693153940785215,"PMN(4)","10X_ntph_M"
"Male_NTPH_TACTGCCTCCAAGAGG-1",2.70806136933832,"PMN(0)","10X_ntph_M"
"Male_NTPH_CCCTCAAAGTCACTAC-1",3.09104346737923,"PMN(0)","10X_ntph_M"
"Male_NTPH_TCACGCTCAGTGTATC-1",0.693147895674879,"PMN(4)","10X_ntph_M"
"Male_NTPH_GTCTTTACAGGGTTGA-1",2.19722318580746,"PMN(1)","10X_ntph_M"
"Male_NTPH_ACGGGTCTCCATAGAC-1",2.56496179983941,"PMN(2)","10X_ntph_M"
"Male_NTPH_ATCTTCAAGTCAGCGA-1",3.04451851173544,"PMN(2)","10X_ntph_M"
"Male_NTPH_GCATGATAGAAACTGT-1",3.21887275960923,"PMN(3)","10X_ntph_M"
"Male_NTPH_CACTGGGAGGCGTTGA-1",3.17806546332086,"PMN(0)","10X_ntph_M"
"Male_NTPH_CAGATTGAGCGGTAGT-1",0.693159062502035,"PMN(4)","10X_ntph_M"
"Male_NTPH_ACCAACACAACGGTAG-1",3.52635733801524,"PMN(0)","10X_ntph_M"
"Male_NTPH_TAGGTACCAACCAACT-1",3.17805025952869,"PMN(5)","10X_ntph_M"
"Male_NTPH_GATTCGAAGACCGTTT-1",2.70806548632651,"PMN(2)","10X_ntph_M"
"Male_NTPH_TCCTTTCCAATCAAGA-1",0.69316054937182,"PMN(3)","10X_ntph_M"
"Male_NTPH_ATTTACCTCACTCCGT-1",2.39790692270678,"PMN(5)","10X_ntph_M"
"Male_NTPH_GGGAAGTAGCGTGTTT-1",2.63905021135472,"PMN(0)","10X_ntph_M"
"Male_NTPH_GTGTGATTCATTTACC-1",-1.36312313419188e-05,"PMN(0)","10X_ntph_M"
"Male_NTPH_GGAAGTGGTTCATCGA-1",3.29584641342232,"PMN(2)","10X_ntph_M"
"Male_NTPH_CTTCGGTAGATCACTC-1",2.89037312021945,"PMN(5)","10X_ntph_M"
"Male_NTPH_CGAATTGGTTGACTGT-1",3.09105513212344,"PMN(3)","10X_ntph_M"
"Male_NTPH_CACTAAGGTTGCCGCA-1",1.09859935277489,"PMN(1)","10X_ntph_M"
"Male_NTPH_CGGAGAAGTATACCCA-1",2.63907583768396,"PMN(0)","10X_ntph_M"
"Male_NTPH_TCCCACATCTCTATAC-1",3.21887255939262,"PMN(2)","10X_ntph_M"
"Male_NTPH_GTTTACTAGCGAAACC-1",1.09861083501509,"PMN(1)","10X_ntph_M"
"Male_NTPH_GTCCACTCAGTATGAA-1",3.43398980829051,"PMN(0)","10X_ntph_M"
"Male_NTPH_TACGGTAGTATGTCTG-1",2.83320680330055,"PMN(2)","10X_ntph_M"
"Male_NTPH_ATCGTGAAGCAAACAT-1",2.77259062706645,"PMN(5)","10X_ntph_M"
"Male_NTPH_CCTCTCCTCAGTCACA-1",1.09860587365081,"PMN(3)","10X_ntph_M"
"Male_NTPH_ACTTCGCTCCTACACC-1",3.61092013844956,"PMN(0)","10X_ntph_M"
"Male_NTPH_ATTCATCAGAAGGTAG-1",1.09860344865998,"PMN(4)","10X_ntph_M"
"Male_NTPH_GCAGTTAAGACTCGAG-1",2.83320540361154,"PMN(1)","10X_ntph_M"
"Male_NTPH_AGTAGCTAGGAACGTC-1",2.89037980740562,"PMN(2)","10X_ntph_M"
"Male_NTPH_CACAGATCACTACCGG-1",3.25811851002902,"PMN(2)","10X_ntph_M"
"Male_NTPH_TTAGTCTTCAGTCACA-1",1.09860947141482,"PMN(4)","10X_ntph_M"
"Male_NTPH_ATGGGTTGTTGAGAGC-1",2.99572528747991,"PMN(0)","10X_ntph_M"
"Male_NTPH_CAATCGAAGCTAGAGC-1",2.94444853526236,"PMN(0)","10X_ntph_M"
"Male_NTPH_GCCAGGTGTAACACGG-1",-2.67154800198506e-06,"PMN(0)","10X_ntph_M"
"Male_NTPH_CGGAGAACACAGTGAG-1",0.693154034693848,"PMN(1)","10X_ntph_M"
"Male_NTPH_GAAATGATCCGCATAA-1",3.13547793114965,"PMN(0)","10X_ntph_M"
"Male_NTPH_ACGTAGTTCCTCACCA-1",2.19722969641853,"PMN(1)","10X_ntph_M"
"Male_NTPH_ATACCGATCAGGTGTT-1",1.09863345880833,"PMN(3)","10X_ntph_M"
"Male_NTPH_GTTACAGAGGTAGACC-1",3.36729818390548,"PMN(2)","10X_ntph_M"
"Male_NTPH_TACATTCAGAGTGTTA-1",2.89038440844695,"PMN(1)","10X_ntph_M"
"Male_NTPH_AGTGATCTCGTTATCT-1",3.04452347364652,"PMN(2)","10X_ntph_M"
"Male_NTPH_TAACTTCCACTATGTG-1",2.7080599960678,"PMN(1)","10X_ntph_M"
"Male_NTPH_CGAGTGCCAAACGTGG-1",2.48490290419735,"PMN(1)","10X_ntph_M"
"Male_NTPH_AACCTTTCATAGAATG-1",1.09860811251102,"PMN(3)","10X_ntph_M"
"Male_NTPH_TGGGATTTCTTCCCGA-1",3.21888003400496,"PMN(0)","10X_ntph_M"
"Male_NTPH_CGCCAGAGTCATCGCG-1",1.79176435347004,"PMN(5)","10X_ntph_M"
"Male_NTPH_GAGCTGCAGTTGTCGT-1",3.13550677718482,"PMN(6)","10X_ntph_M"
"Male_NTPH_GTTCTATCAACGGGTA-1",3.17806330775519,"PMN(2)","10X_ntph_M"
"Male_NTPH_GTCATTTGTTGGACCC-1",3.66355425502138,"PMN(2)","10X_ntph_M"
"Male_NTPH_GCACGGTGTAGAGTTA-1",2.07943855413581,"PMN(5)","10X_ntph_M"
"Male_NTPH_TGAGGGAGTTACGGAG-1",2.77258670279356,"PMN(2)","10X_ntph_M"
"Male_NTPH_CGAGGCTAGAGGGTAA-1",1.60944438920319,"PMN(2)","10X_ntph_M"
"Male_NTPH_CAAGGGATCTCCCATG-1",1.09859811620845,"PMN(5)","10X_ntph_M"
"Male_NTPH_CCTTTGGCAGCCGTCA-1",2.48491657512861,"PMN(3)","10X_ntph_M"
"Male_NTPH_GGAATCTGTGGCGTAA-1",3.13549460165998,"PMN(2)","10X_ntph_M"
"Male_NTPH_TACTTCACATGTGGCC-1",1.3862956346322,"PMN(0)","10X_ntph_M"
"Male_NTPH_CAGATTGGTAGGACCA-1",3.61092542800565,"PMN(0)","10X_ntph_M"
"Male_NTPH_CGTGCTTGTTCAGGTT-1",2.39789464467705,"PMN(2)","10X_ntph_M"
"Male_NTPH_TGTTACTTCTTACCAT-1",2.83320631774467,"PMN(5)","10X_ntph_M"
"Male_NTPH_TCTTTGAGTGGATACG-1",1.38628716550916,"PMN(1)","10X_ntph_M"
"Male_NTPH_CTACCCAGTTGGAGGT-1",3.36729030211068,"PMN(2)","10X_ntph_M"
"Male_NTPH_TGATGCATCTGACAGT-1",1.09861511488282,"PMN(1)","10X_ntph_M"
"Male_NTPH_AATGGAAGTGTTCAGT-1",2.89035753062681,"PMN(0)","10X_ntph_M"
"Male_NTPH_GAACACTAGATTCGAA-1",3.66354901264614,"PMN(0)","10X_ntph_M"
"Male_NTPH_ATGAAAGCAAGGTCTT-1",2.99574105240401,"PMN(0)","10X_ntph_M"
"Male_NTPH_TCGATTTGTGTCCATA-1",2.19721699936479,"PMN(2)","10X_ntph_M"
"Male_NTPH_TCAATCTGTTCAAAGA-1",3.29583256582772,"PMN(1)","10X_ntph_M"
"Male_NTPH_GTGACGCGTGACCGTC-1",3.13551643739044,"PMN(2)","10X_ntph_M"
"Male_NTPH_CACTAAGAGCGGGTAT-1",3.43398314569606,"PMN(2)","10X_ntph_M"
"Male_NTPH_CACGTTCCAGTGGCTC-1",3.87119718613636,"PMN(0)","10X_ntph_M"
"Male_NTPH_CTACGGGGTGTGTGTT-1",3.71357737361748,"PMN(1)","10X_ntph_M"
"Male_NTPH_GGTGTCGCATTGTGCA-1",3.29584524423774,"PMN(3)","10X_ntph_M"
"Male_NTPH_GCCAGGTTCACTACGA-1",3.17806178766599,"PMN(2)","10X_ntph_M"
"Male_NTPH_CTACTATAGGAAGAAC-1",1.79178640867975,"PMN(4)","10X_ntph_M"
"Male_NTPH_TGAGACTGTCACTCTC-1",1.09863289216106,"PMN(4)","10X_ntph_M"
"Male_NTPH_CCCGAAGGTGGCATCC-1",2.56496176677792,"PMN(3)","10X_ntph_M"
"Male_NTPH_ACCTGTCAGTGGACGT-1",1.09859949841793,"PMN(0)","10X_ntph_M"
"Male_NTPH_TCTCTGGAGTAGTCCT-1",0.693144331279431,"PMN(4)","10X_ntph_M"
"Male_NTPH_GTGCAGCTCTTAAGGC-1",2.39787453889918,"PMN(1)","10X_ntph_M"
"Male_NTPH_CGTGAATTCTAGATCG-1",0.693133213344784,"PMN(4)","10X_ntph_M"
"Male_NTPH_ATGCATGAGGTTCTTG-1",2.07944395654478,"PMN(5)","10X_ntph_M"
"Male_NTPH_AGACTCATCGGTAACT-1",0.693151830028661,"PMN(4)","10X_ntph_M"
"Male_NTPH_ACCAAACAGAAGTATC-1",1.94589957893594,"PMN(1)","10X_ntph_M"
"Male_NTPH_GATCATGCAGCGTTGC-1",3.43398315644076,"PMN(0)","10X_ntph_M"
"Male_NTPH_ACCACAAAGGAAAGTG-1",0.693162700524454,"PMN(1)","10X_ntph_M"
"Male_NTPH_AGCTTCCAGCCAGTAG-1",2.19722477421357,"PMN(6)","10X_ntph_M"
"Male_NTPH_GATGCTATCTGTGCGG-1",2.07945358384783,"PMN(1)","10X_ntph_M"
"Male_NTPH_TGTACAGCATGGCACC-1",2.63906234092941,"PMN(5)","10X_ntph_M"
"Male_NTPH_CATGAGTGTATCCTCC-1",3.29583374082374,"PMN(2)","10X_ntph_M"
"Male_NTPH_TTGGATGGTAACACCT-1",2.77258093331348,"PMN(2)","10X_ntph_M"
"Male_NTPH_GAGTTGTAGTGATAGT-1",2.0794463662777,"PMN(1)","10X_ntph_M"
"Male_NTPH_TGAGTCAGTCGTTGGC-1",2.56494299904553,"PMN(2)","10X_ntph_M"
"Male_NTPH_AGGAGGTGTGCAAGAC-1",2.99573145119529,"PMN(2)","10X_ntph_M"
"Male_NTPH_CGCCAGAAGGAGAATG-1",2.63906047328933,"PMN(6)","10X_ntph_M"
"Male_NTPH_CATACTTAGTAGGCCA-1",2.19722388942838,"PMN(5)","10X_ntph_M"
"Male_NTPH_AAAGAACGTCGCTTAA-1",3.73766003384211,"PMN(0)","10X_ntph_M"
"Male_NTPH_TTTACCATCATGGATC-1",1.09860143821986,"PMN(4)","10X_ntph_M"
"Male_NTPH_AGGTAGGGTAGGTTTC-1",3.33220764361674,"PMN(3)","10X_ntph_M"
"Male_NTPH_GTGGTTAAGTACTCGT-1",2.83321973115296,"PMN(2)","10X_ntph_M"
"Male_NTPH_CAAGACTAGCCAAGTG-1",2.07944464467915,"PMN(1)","10X_ntph_M"
"Male_NTPH_GAGAAATTCGTGCACG-1",3.25810164863076,"PMN(0)","10X_ntph_M"
"Male_NTPH_AGCTCAAGTGAGTTTC-1",1.94589908238793,"PMN(1)","10X_ntph_M"
"Male_NTPH_AGAGAATGTTTGAAAG-1",3.09103969592857,"PMN(2)","10X_ntph_M"
"Male_NTPH_CATGGTATCCCGTTCA-1",2.07944905664635,"PMN(3)","10X_ntph_M"
"Male_NTPH_TGTGCGGTCCACAAGT-1",1.79177357400594,"PMN(3)","10X_ntph_M"
"Male_NTPH_TCGACGGTCGCCTATC-1",2.56494012156616,"PMN(2)","10X_ntph_M"
"Male_NTPH_CTTGATTCAACGGTAG-1",0.693130585796254,"PMN(4)","10X_ntph_M"
"Male_NTPH_TCAGTCCTCTCTGCTG-1",1.79176061226924,"PMN(3)","10X_ntph_M"
"Male_NTPH_TTACCATGTCTAGGTT-1",3.2581001631153,"PMN(0)","10X_ntph_M"
"Male_NTPH_GTAGAGGCAGGCTCTG-1",1.09862128562619,"PMN(1)","10X_ntph_M"
"Male_NTPH_GGGACCTCATAGATGA-1",3.09105700586739,"PMN(2)","10X_ntph_M"
"Male_NTPH_CCCTAACGTTCTTAGG-1",-5.56904045926722e-07,"PMN(4)","10X_ntph_M"
"Male_NTPH_CCTACGTGTCTGTGGC-1",2.07942811364731,"PMN(3)","10X_ntph_M"
"Male_NTPH_TGATGGTGTGTATCCA-1",3.2958209088309,"PMN(0)","10X_ntph_M"
"Male_NTPH_ATCCACCTCCCGTAAA-1",1.09859571130382,"PMN(4)","10X_ntph_M"
"Male_NTPH_TGACCCTTCATTCTTG-1",2.19722424775174,"PMN(3)","10X_ntph_M"
"Male_NTPH_CTGGCAGGTGATAGTA-1",4.01650376934887e-06,"PMN(0)","10X_ntph_M"
"Male_NTPH_TATTGCTAGTTGTCGT-1",1.60943147383254,"PMN(1)","10X_ntph_M"
"Male_NTPH_TTCAGGACACCAAAGG-1",1.60945114350927,"PMN(3)","10X_ntph_M"
"Male_NTPH_CGTGAATTCAGCACCG-1",1.60944357939085,"PMN(4)","10X_ntph_M"
"Male_NTPH_CAACAGTGTGGGTTGA-1",2.99572991261936,"PMN(5)","10X_ntph_M"
"Male_NTPH_CACGGGTAGTCATAGA-1",3.52636739499032,"PMN(2)","10X_ntph_M"
"Male_NTPH_GTAACACAGATCGCTT-1",3.68888397298567,"PMN(0)","10X_ntph_M"
"Male_NTPH_ATTGGGTAGCAGTAAT-1",3.85014411084264,"PMN(2)","10X_ntph_M"
"Male_NTPH_CCGTAGGAGTCTAGAA-1",1.79176416953454,"PMN(3)","10X_ntph_M"
"Male_NTPH_TGAATCGGTTATGGTC-1",3.09105542920377,"PMN(3)","10X_ntph_M"
"Male_NTPH_TGGAGGAGTAACCAGG-1",3.55535620683807,"PMN(0)","10X_ntph_M"
"Male_NTPH_TGCATGAAGGTACAAT-1",1.60944401752548,"PMN(3)","10X_ntph_M"
"Male_NTPH_CTCCAACGTCGCCACA-1",3.52635545662722,"PMN(5)","10X_ntph_M"
"Male_NTPH_GCGATCGTCACCGACG-1",2.39789697904603,"PMN(1)","10X_ntph_M"
"Male_NTPH_GTCTTTACATTCTCCG-1",3.25808600811211,"PMN(1)","10X_ntph_M"
"Male_NTPH_TCCCACAAGCAGCACA-1",1.09861580376314,"PMN(4)","10X_ntph_M"
"Male_NTPH_TATCTGTGTGGACCTC-1",3.25809236787236,"PMN(2)","10X_ntph_M"
"Male_NTPH_CTCAGTCGTTAGGGAC-1",-8.29843067289241e-06,"PMN(7)","10X_ntph_M"
"Male_NTPH_GTATTTCTCCTGCTAC-1",3.33219542057678,"PMN(1)","10X_ntph_M"
"Male_NTPH_TTACGTTTCTCTGAGA-1",3.13549480784644,"PMN(3)","10X_ntph_M"
"Male_NTPH_ATCACGACAAGCGAAC-1",3.09104018577603,"PMN(3)","10X_ntph_M"
"Male_NTPH_TAACCAGGTTCGGTAT-1",2.56494068067216,"PMN(5)","10X_ntph_M"
"Male_NTPH_TGCAGGCCAAATCAAG-1",2.19722531588339,"PMN(2)","10X_ntph_M"
"Male_NTPH_CGCATAACAGCGAACA-1",3.43400450064652,"PMN(2)","10X_ntph_M"
"Male_NTPH_TTTCCTCGTCAGTCGC-1",2.99574974584184,"PMN(5)","10X_ntph_M"
"Male_NTPH_ACATTTCAGCGCTTCG-1",3.36728847434191,"PMN(0)","10X_ntph_M"
"Male_NTPH_CAAGGGAAGCGGGTAT-1",3.52635389622506,"PMN(0)","10X_ntph_M"
"Male_NTPH_CTCTCAGGTGGGATTG-1",2.19722523686248,"PMN(3)","10X_ntph_M"
"Male_NTPH_AGACCCGAGCGGGTAT-1",3.49650417583872,"PMN(2)","10X_ntph_M"
"Male_NTPH_GCGTGCACAGAGAGGG-1",2.83323123556862,"PMN(2)","10X_ntph_M"
"Male_NTPH_AGGGAGTTCAAATGCC-1",1.38629930767757,"PMN(4)","10X_ntph_M"
"Male_NTPH_CATGCCTGTTACCGTA-1",0.693152865956651,"PMN(4)","10X_ntph_M"
"Male_NTPH_TTGCATTGTGCCGTAC-1",1.38630006438369,"PMN(1)","10X_ntph_M"
"Male_NTPH_GGTGTTACAGACCAAG-1",3.04451951818147,"PMN(5)","10X_ntph_M"
"Male_NTPH_TCATGTTCAATCCTAG-1",3.21888415805636,"PMN(0)","10X_ntph_M"
"Male_NTPH_GCACGGTTCGTAGAGG-1",2.56493565327364,"PMN(0)","10X_ntph_M"
"Male_NTPH_CATTCATCAACAAAGT-1",1.38629430940604,"PMN(0)","10X_ntph_M"
"Male_NTPH_CTGTAGAGTGTCACAT-1",1.32862880820605e-05,"PMN(6)","10X_ntph_M"
"Male_NTPH_TCGAAGTTCTGCGATA-1",-1.79791803323129e-05,"PMN(4)","10X_ntph_M"
"Male_NTPH_CAATTTCAGGTTAGTA-1",2.63904694988499,"PMN(1)","10X_ntph_M"
"Male_NTPH_AGGTGTTGTGCCTGAC-1",3.13548304010718,"PMN(5)","10X_ntph_M"
"Male_NTPH_ATAGACCTCAAGAATG-1",3.40120469868943,"PMN(0)","10X_ntph_M"
"Male_NTPH_GAATAGAAGGTTGGTG-1",2.94443875870928,"PMN(5)","10X_ntph_M"
"Male_NTPH_TAAGCGTTCCAGCACG-1",3.49650501656086,"PMN(2)","10X_ntph_M"
"Male_NTPH_TCGTAGAAGAATTCAG-1",3.55535540977443,"PMN(0)","10X_ntph_M"
"Male_NTPH_ACTATGGTCGAAGTGG-1",1.38627620391971,"PMN(1)","10X_ntph_M"
"Male_NTPH_CCTGCATCAGCGACAA-1",1.38630362732839,"PMN(5)","10X_ntph_M"
"Male_NTPH_CTCGAGGAGAGCAGTC-1",3.78418475717786,"PMN(3)","10X_ntph_M"
"Male_NTPH_GCGTGCAAGAGTCAAT-1",3.43399096062761,"PMN(0)","10X_ntph_M"
"Male_NTPH_ATCCTATGTTTACGTG-1",2.77259877186632,"PMN(3)","10X_ntph_M"
"Male_NTPH_GACCGTGTCCTTGGAA-1",3.52635399732819,"PMN(0)","10X_ntph_M"
"Male_NTPH_GACTATGTCCATAAGC-1",1.94592729076912,"PMN(1)","10X_ntph_M"
"Male_NTPH_AACAAGAAGGTTAGTA-1",2.48490497594506,"PMN(2)","10X_ntph_M"
"Male_NTPH_CTTAGGAAGTCCTGTA-1",2.63906544386197,"PMN(0)","10X_ntph_M"
"Male_NTPH_GTCAAACTCTGTCTCG-1",-1.62390409235204e-05,"PMN(0)","10X_ntph_M"
"Male_NTPH_ATCACAGGTGAGGCAT-1",3.49649884242953,"PMN(2)","10X_ntph_M"
"Male_NTPH_GTCTACCGTCACAGAG-1",2.77258782786316,"PMN(1)","10X_ntph_M"
"Male_NTPH_TGGGCTGTCGGTTAGT-1",1.09862175480377,"PMN(1)","10X_ntph_M"
"Male_NTPH_CCACTTGCATAGATCC-1",1.09861336462748,"PMN(1)","10X_ntph_M"
"Male_NTPH_AGGCCACAGCTGGTGA-1",3.1354800982285,"PMN(5)","10X_ntph_M"
"Male_NTPH_TGGGCGTAGTGGTGAC-1",2.48491230537429,"PMN(2)","10X_ntph_M"
"Male_NTPH_GTCCTCATCGGCTGTG-1",2.99573465718462,"PMN(2)","10X_ntph_M"
"Male_NTPH_GAGTTACGTACGAGTG-1",3.5553583863136,"PMN(3)","10X_ntph_M"
"Male_NTPH_GTGGGAAGTTCAAGTC-1",2.1972233806469,"PMN(1)","10X_ntph_M"
"Male_NTPH_TTCCTCTGTCCCGTGA-1",3.43400919817382,"PMN(2)","10X_ntph_M"
"Male_NTPH_TGTGCGGGTCTCCTGT-1",2.3025739893186,"PMN(3)","10X_ntph_M"
"Male_NTPH_TGCATGATCCCAGTGG-1",2.83321944000868,"PMN(2)","10X_ntph_M"
"Male_NTPH_CATTTCACATGTGTCA-1",1.61497564005001e-05,"PMN(4)","10X_ntph_M"
"Male_NTPH_TGGATCAGTGCGTGCT-1",1.94590556669764,"PMN(1)","10X_ntph_M"
"Male_NTPH_TCCTAATAGAGCAGCT-1",1.94591660043312,"PMN(1)","10X_ntph_M"
"Male_NTPH_TCATGCCTCCACTGGG-1",1.38629790785803,"PMN(5)","10X_ntph_M"
"Male_NTPH_AGGCATTGTTCAAGGG-1",2.30258118469149,"PMN(1)","10X_ntph_M"
"Male_NTPH_CTCACTGCACGACGTC-1",3.29585349563539,"PMN(0)","10X_ntph_M"
"Male_NTPH_TCCATCGTCGTCAGAT-1",1.94590740450772,"PMN(1)","10X_ntph_M"
"Male_NTPH_AAGCGAGTCACTACTT-1",2.30257705275173,"PMN(1)","10X_ntph_M"
"Male_NTPH_AAATGGAGTTGGTACT-1",3.40117828517017,"PMN(2)","10X_ntph_M"
"Male_NTPH_GTAGAGGAGCTCATAC-1",2.39790442310028,"PMN(4)","10X_ntph_M"
"Male_NTPH_ACCTACCTCTTACGTT-1",2.77257630374303,"PMN(0)","10X_ntph_M"
"Male_NTPH_TCCCAGTGTCTGTCAA-1",2.83321912508715,"PMN(2)","10X_ntph_M"
"Male_NTPH_GTCTCACTCAATCCGA-1",3.78419392121674,"PMN(0)","10X_ntph_M"
"Male_NTPH_TTGTTCACAAACCACT-1",3.29581242041963,"PMN(6)","10X_ntph_M"
"Male_NTPH_TGAGGTTGTAAGATTG-1",2.39789655888722,"PMN(3)","10X_ntph_M"
"Male_NTPH_GAATAGACACCCTCTA-1",1.79176029517467,"PMN(1)","10X_ntph_M"
"Male_NTPH_GTAGGTTTCTACCTTA-1",1.94591791818643,"PMN(3)","10X_ntph_M"
"Male_NTPH_CGAATTGGTAGCTTGT-1",3.63757707815816,"PMN(0)","10X_ntph_M"
"Male_NTPH_GGGATCCTCAGGGATG-1",2.48491928360447,"PMN(2)","10X_ntph_M"
"Male_NTPH_AAGAACATCAGGGATG-1",3.13550464624673,"PMN(0)","10X_ntph_M"
"Male_NTPH_TGTGATGGTATGGAGC-1",2.48493017588868,"PMN(2)","10X_ntph_M"
"Male_NTPH_CATTTCACACAATGAA-1",1.60945254973318,"PMN(4)","10X_ntph_M"
"Male_NTPH_CCACGTTAGGTTCACT-1",1.60942952039413,"PMN(1)","10X_ntph_M"
"Male_NTPH_CGTGATACAACGGCCT-1",1.60943864360429,"PMN(4)","10X_ntph_M"
"Male_NTPH_CTAAGTGTCTTGCGCT-1",3.25809107586128,"PMN(0)","10X_ntph_M"
"Male_NTPH_GCGGATCAGCTTGTTG-1",1.09859763810991,"PMN(4)","10X_ntph_M"
"Male_NTPH_TATCAGGAGTACCGGA-1",3.09102389546733,"PMN(3)","10X_ntph_M"
"Male_NTPH_TCATTACTCGCACTCT-1",2.70805004855279,"PMN(3)","10X_ntph_M"
"Male_NTPH_ATGCGATGTGGAACCA-1",2.30257328331582,"PMN(5)","10X_ntph_M"
"Male_NTPH_GTAACCAGTGCCAAGA-1",2.19722790245412,"PMN(3)","10X_ntph_M"
"Male_NTPH_TGATGCAAGGATTACA-1",0.693155267145165,"PMN(4)","10X_ntph_M"
"Male_NTPH_TGATTCTAGTTGCCTA-1",3.0910548197983,"PMN(2)","10X_ntph_M"
"Male_NTPH_CCGGTGACACCGCTAG-1",1.09860973348969,"PMN(4)","10X_ntph_M"
"Male_NTPH_ATGTCTTAGACGGTTG-1",3.21888689587117,"PMN(3)","10X_ntph_M"
"Male_NTPH_CGAAGTTGTCCCGCAA-1",3.29584820788221,"PMN(2)","10X_ntph_M"
"Male_NTPH_ATCATTCGTCGTTGCG-1",2.99573603185659,"PMN(2)","10X_ntph_M"
"Male_NTPH_CTTCTAAGTATTCTCT-1",3.09103702010813,"PMN(0)","10X_ntph_M"
"Male_NTPH_CAGATACGTATGGAAT-1",1.9459196775682,"PMN(5)","10X_ntph_M"
"Male_NTPH_CGAGAAGCAGCATTGT-1",3.55532941684256,"PMN(0)","10X_ntph_M"
"Male_NTPH_GTGGAAGGTTGGCCGT-1",1.33878603987098e-05,"PMN(0)","10X_ntph_M"
"Male_NTPH_GTAATCGAGCTGAGTG-1",3.46574836014904,"PMN(0)","10X_ntph_M"
"Male_NTPH_TCAAGCAAGACCATGG-1",2.83321219725566,"PMN(5)","10X_ntph_M"
"Male_NTPH_CTTCCGAAGAAACCCG-1",3.13549675158712,"PMN(1)","10X_ntph_M"
"Male_NTPH_ACATGCAGTGGCAACA-1",2.48488917142294,"PMN(0)","10X_ntph_M"
"Male_NTPH_CTAACTTCAATTCGTG-1",3.04451560172926,"PMN(2)","10X_ntph_M"
"Male_NTPH_CGTAATGAGATTTGCC-1",-4.56441882784537e-06,"PMN(0)","10X_ntph_M"
"Male_NTPH_AAACGAATCAGTCATG-1",3.36731449259915,"PMN(0)","10X_ntph_M"
"Male_NTPH_TAAGCGTTCCGGACGT-1",3.09102745708688,"PMN(2)","10X_ntph_M"
"Male_NTPH_GCGTTTCTCCAGCACG-1",1.09860255675623,"PMN(1)","10X_ntph_M"
"Male_NTPH_GTACAACTCTACTGAG-1",2.39789791739037,"PMN(6)","10X_ntph_M"
"Male_NTPH_GTCATGAAGAGGTTAT-1",3.25809904569682,"PMN(0)","10X_ntph_M"
"Male_NTPH_TCATGGAGTGACTGTT-1",2.70804803603184,"PMN(3)","10X_ntph_M"
"Male_NTPH_TGAATGCTCCGGGACT-1",3.13549467415718,"PMN(3)","10X_ntph_M"
"Male_NTPH_CGTAAGTTCTCTCTTC-1",1.38630213254849,"PMN(4)","10X_ntph_M"
"Male_NTPH_TAGGGTTGTGTGGACA-1",3.04451927102448,"PMN(2)","10X_ntph_M"
"Male_NTPH_CCTTTGGAGACTTCAC-1",0.693157995184865,"PMN(3)","10X_ntph_M"
"Male_NTPH_TGATCTTGTTTACTGG-1",2.56495715427212,"PMN(0)","10X_ntph_M"
"Male_NTPH_CACTGAATCTCGCGTT-1",3.091059893595,"PMN(0)","10X_ntph_M"
"Male_NTPH_GTACAGTGTCACCGCA-1",3.40119472970467,"PMN(5)","10X_ntph_M"
"Male_NTPH_CCTTGTGTCGACGACC-1",3.63757572766088,"PMN(0)","10X_ntph_M"
"Male_NTPH_CCAATGACACGGATCC-1",3.49650985758985,"PMN(5)","10X_ntph_M"
"Male_NTPH_CGGTCAGCAGAGGCAT-1",3.66357086157684,"PMN(0)","10X_ntph_M"
"Male_NTPH_GACCAATCATGTGACT-1",3.43400106949971,"PMN(2)","10X_ntph_M"
"Male_NTPH_GTCTTTAAGGGTTTCT-1",1.60945741071966,"PMN(4)","10X_ntph_M"
"Male_NTPH_GAGGCAAAGATCGGTG-1",0.693127668816148,"PMN(4)","10X_ntph_M"
"Male_NTPH_AGGTCTAAGAGTGAAG-1",1.38629043615069,"PMN(1)","10X_ntph_M"
"Male_NTPH_GTTACCCTCTTGCAGA-1",3.13550736395061,"PMN(5)","10X_ntph_M"
"Male_NTPH_GTTGCTCAGATAGCTA-1",3.09103269196753,"PMN(0)","10X_ntph_M"
"Male_NTPH_GTGTTAGAGTACCCTA-1",3.43398361165476,"PMN(3)","10X_ntph_M"
"Male_NTPH_ATCAGGTGTGACTCTA-1",3.36728361687891,"PMN(5)","10X_ntph_M"
"Male_NTPH_CTCAAGAGTGGACTAG-1",2.1972164184029,"PMN(3)","10X_ntph_M"
"Male_NTPH_GTGCGTGCAGTAGTTC-1",3.25808934466426,"PMN(5)","10X_ntph_M"
"Male_NTPH_ACCATTTTCTTACGTT-1",2.94443064827917,"PMN(0)","10X_ntph_M"
"Male_NTPH_GTAGAGGTCCATCACC-1",2.8332189327682,"PMN(1)","10X_ntph_M"
"Male_NTPH_CTAGGTATCATGGTAC-1",2.77256754540273,"PMN(2)","10X_ntph_M"
"Male_NTPH_CATGCGGTCTGCCTCA-1",3.33220441859403,"PMN(3)","10X_ntph_M"
"Male_NTPH_AGAGAGCTCTCAAAGC-1",1.09862682313322,"PMN(4)","10X_ntph_M"
"Male_NTPH_AATGGCTGTAAGCAAT-1",3.04450883423518,"PMN(2)","10X_ntph_M"
"Male_NTPH_TTGTTTGGTTTCACTT-1",2.19722925531607,"PMN(3)","10X_ntph_M"
"Male_NTPH_TCCTAATTCTGCATGA-1",3.36728417587888,"PMN(0)","10X_ntph_M"
"Male_NTPH_CGGGTGTCACAGAGAC-1",1.60943499612265,"PMN(1)","10X_ntph_M"
"Male_NTPH_CCGGACACAAGAAATC-1",1.09861391469349,"PMN(4)","10X_ntph_M"
"Male_NTPH_ATCGGCGGTTTCAGAC-1",3.04453217704964,"PMN(0)","10X_ntph_M"
"Male_NTPH_ACTGTGAGTCGCGTCA-1",1.60944027206517,"PMN(4)","10X_ntph_M"
"Male_NTPH_GTTCTATAGATGGTAT-1",2.30257798307092,"PMN(1)","10X_ntph_M"
"Male_NTPH_CTGGTCTTCTAGTTCT-1",1.60944544744069,"PMN(1)","10X_ntph_M"
"Male_NTPH_AATTCCTGTTCGATTG-1",1.9458941104701,"PMN(0)","10X_ntph_M"
"Male_NTPH_TAACCAGTCCTTTAGT-1",3.09104982090137,"PMN(0)","10X_ntph_M"
"Male_NTPH_TACCGGGCAGAGGGTT-1",1.38628456819082,"PMN(0)","10X_ntph_M"
"Male_NTPH_GATCCCTGTAGAGACC-1",1.09860072139191,"PMN(1)","10X_ntph_M"
"Male_NTPH_TTGACCCGTACCTTCC-1",1.07948495437492e-06,"PMN(4)","10X_ntph_M"
"Male_NTPH_TGCGATAGTGTTACAC-1",2.19720416972104,"PMN(5)","10X_ntph_M"
"Male_NTPH_CCTCCTCCACTTTATC-1",3.33219753944124,"PMN(2)","10X_ntph_M"
"Male_NTPH_GAAGCGATCTTTGCGC-1",2.8332051320548,"PMN(0)","10X_ntph_M"
"Male_NTPH_ACCTGAAGTTATAGCC-1",3.5835076968874,"PMN(2)","10X_ntph_M"
"Male_NTPH_AAGCCATTCCACGGGT-1",2.6390592043681,"PMN(2)","10X_ntph_M"
"Male_NTPH_ATCACGATCGGTGTAT-1",3.178054906328,"PMN(2)","10X_ntph_M"
"Male_NTPH_CCCGAAGTCCTGGGTG-1",3.13549955406268,"PMN(3)","10X_ntph_M"
"Male_NTPH_TTGTTCAGTATCGCGC-1",3.2958540900162,"PMN(3)","10X_ntph_M"
"Male_NTPH_CCACGAGTCTCGCTTG-1",0.693145599632086,"PMN(4)","10X_ntph_M"
"Male_NTPH_AAGCATCAGGTTGTTC-1",2.30260497712177,"PMN(2)","10X_ntph_M"
"Male_NTPH_GCAACCGTCATTGCCC-1",2.89035354051362,"PMN(2)","10X_ntph_M"
"Male_NTPH_TAACCAGTCAAACGTC-1",-1.71038749625598e-05,"PMN(0)","10X_ntph_M"
"Male_NTPH_ACACAGTCACCTGTCT-1",2.89036176946601,"PMN(4)","10X_ntph_M"
"Male_NTPH_TGTGCGGGTTCGCGTG-1",1.6094352513376,"PMN(1)","10X_ntph_M"
"Male_NTPH_GGTTGTATCCGCTTAC-1",2.70804930152836,"PMN(0)","10X_ntph_M"
"Male_NTPH_ATAGAGATCGGTTGTA-1",2.63907372649313,"PMN(2)","10X_ntph_M"
"Male_NTPH_TGCTGAAAGATAACAC-1",3.17804928559577,"PMN(0)","10X_ntph_M"
"Male_NTPH_GTATTTCCAGAACATA-1",2.30259549683677,"PMN(3)","10X_ntph_M"
"Male_NTPH_TCATGCCTCAATCGGT-1",2.48490835191744,"PMN(2)","10X_ntph_M"
"Male_NTPH_AGGGTTTAGGACCCAA-1",2.89038047519413,"PMN(2)","10X_ntph_M"
"Male_NTPH_CCAATTTAGATGACAT-1",1.94592145812135,"PMN(3)","10X_ntph_M"
"Male_NTPH_CATTCTAGTAGGATAT-1",1.38627602449141,"PMN(1)","10X_ntph_M"
"Male_NTPH_AGGTCATAGTCTGCGC-1",0.693153507245637,"PMN(4)","10X_ntph_M"
"Male_NTPH_TAGGGTTAGCTGACTT-1",1.94590559971941,"PMN(1)","10X_ntph_M"
"Male_NTPH_TTCCAATGTATAGCTC-1",2.07943689544707,"PMN(1)","10X_ntph_M"
"Male_NTPH_GATCCCTTCACGGGAA-1",2.30257436839395,"PMN(2)","10X_ntph_M"
"Male_NTPH_TGTAGACTCAGTGGGA-1",0.6931436245051,"PMN(4)","10X_ntph_M"
"Male_NTPH_CCCTCTCTCGTTACCC-1",1.60942452643455,"PMN(1)","10X_ntph_M"
"Male_NTPH_TCGCTTGTCACCATCC-1",3.63757790627147,"PMN(0)","10X_ntph_M"
"Male_NTPH_CCCTGATTCGCTTAAG-1",2.39789534087391,"PMN(2)","10X_ntph_M"
"Male_NTPH_GTAGCTACAGTATACC-1",1.94590762612777,"PMN(1)","10X_ntph_M"
"Male_NTPH_CTTCTAACAGTCAGCC-1",1.94591760740767,"PMN(5)","10X_ntph_M"
"Male_NTPH_GTTCGCTGTACAGAAT-1",2.63903477579573,"PMN(3)","10X_ntph_M"
"Male_NTPH_CAGCAATAGTTTGCTG-1",3.40120570107942,"PMN(5)","10X_ntph_M"
"Male_NTPH_GCCTGTTTCTTCGTGC-1",2.19722917796289,"PMN(1)","10X_ntph_M"
"Male_NTPH_ATTTACCCATACCAGT-1",-1.30342519481486e-05,"PMN(7)","10X_ntph_M"
"Male_NTPH_GACTGATGTCCTTTGC-1",3.33219960528509,"PMN(2)","10X_ntph_M"
"Male_NTPH_GCGTTTCTCGGCTCTT-1",1.60943457608998,"PMN(1)","10X_ntph_M"
"Male_NTPH_CCTCCAAGTGAACGGT-1",2.5649489446414,"PMN(2)","10X_ntph_M"
"Male_NTPH_TACGTCCCACTCTAGA-1",2.19721369300695,"PMN(1)","10X_ntph_M"
"Male_NTPH_TCATCATCATAAGCGG-1",2.30257299557382,"PMN(4)","10X_ntph_M"
"Male_NTPH_AGTGTTGGTCCGGTCA-1",1.60945575904946,"PMN(3)","10X_ntph_M"
"Male_NTPH_CCCTCTCTCCCTCGTA-1",3.09103307843043,"PMN(2)","10X_ntph_M"
"Male_NTPH_GAAGGGTGTTACACAC-1",1.60942945135467,"PMN(0)","10X_ntph_M"
"Male_NTPH_CTGTGAATCTCATGGA-1",2.1972249794948,"PMN(1)","10X_ntph_M"
"Male_NTPH_GTCACGGAGACTGAGC-1",2.83322344391283,"PMN(0)","10X_ntph_M"
"Male_NTPH_AGCGCTGTCGTCTACC-1",1.94590051256558,"PMN(1)","10X_ntph_M"
"Male_NTPH_TGAGGTTCACATCCCT-1",2.75889897187711e-06,"PMN(4)","10X_ntph_M"
"Male_NTPH_CTAGGTAGTCTACAGT-1",3.04453431562659,"PMN(0)","10X_ntph_M"
"Male_NTPH_ATGTCCCAGTATCCTG-1",2.07944307395511,"PMN(3)","10X_ntph_M"
"Male_NTPH_ACTGATGCACTTGGGC-1",2.56494730647114,"PMN(5)","10X_ntph_M"
"Male_NTPH_AATCGTGGTCTTGCTC-1",1.79176287197619,"PMN(0)","10X_ntph_M"
"Male_NTPH_CTTACCGAGGAGTCTG-1",1.60943899574704,"PMN(1)","10X_ntph_M"
"Male_NTPH_GACTATGCAGTGGTGA-1",3.33219436969495,"PMN(0)","10X_ntph_M"
"Male_NTPH_CTACCCAGTTGTCTAG-1",1.94591324854051,"PMN(1)","10X_ntph_M"
"Male_NTPH_GTGAGGACAGCGTATT-1",2.19721582835939,"PMN(0)","10X_ntph_M"
"Male_NTPH_CAATCGAAGGTCCTGC-1",2.48492596377762,"PMN(3)","10X_ntph_M"
"Male_NTPH_AGTAACCGTCACTTCC-1",1.6094289981925,"PMN(1)","10X_ntph_M"
"Male_NTPH_TTGCGTCTCTACTTCA-1",1.38631047622913,"PMN(3)","10X_ntph_M"
"Male_NTPH_CTCGAGGCAAGTGCAG-1",1.60944224023681,"PMN(2)","10X_ntph_M"
"Male_NTPH_GAGGGTAGTTCCGCTT-1",2.19723048773891,"PMN(1)","10X_ntph_M"
"Male_NTPH_GAGATGGCAGTCTCTC-1",1.25088324798785e-07,"PMN(6)","10X_ntph_M"
"Male_NTPH_TCGCTTGGTTGCTTGA-1",2.63904337834853,"PMN(5)","10X_ntph_M"
"Male_NTPH_TCCGTGTCACTAAACC-1",1.60943754518915,"PMN(1)","10X_ntph_M"
"Male_NTPH_GGAGGATTCTTGTTAC-1",1.94590789086515,"PMN(1)","10X_ntph_M"
"Male_NTPH_TAGACCATCTTGAGCA-1",3.46575963085328,"PMN(2)","10X_ntph_M"
"Male_NTPH_GGGTCACAGGGATCGT-1",2.83321722651319,"PMN(3)","10X_ntph_M"
"Male_NTPH_TTATTGCAGTGGGAAA-1",1.94590901118272,"PMN(5)","10X_ntph_M"
"Male_NTPH_AGAAATGCATTGAAAG-1",3.73767040852758,"PMN(0)","10X_ntph_M"
"Male_NTPH_GATTCGACACGTTCGG-1",2.56497012282459,"PMN(3)","10X_ntph_M"
"Male_NTPH_GAGAAATGTCTGTGCG-1",2.07942543789842,"PMN(2)","10X_ntph_M"
"Male_NTPH_GTGGTTATCACTGTTT-1",2.94443816307689,"PMN(4)","10X_ntph_M"
"Male_NTPH_TTGTTGTTCTCGGTAA-1",1.38629587414033,"PMN(0)","10X_ntph_M"
"Male_NTPH_GGTGAAGCAGAAGTGC-1",1.38629722376926,"PMN(4)","10X_ntph_M"
"Male_NTPH_CGTGAATGTAGGTAGC-1",1.38630816606947,"PMN(0)","10X_ntph_M"
"Male_NTPH_TAATCTCCAGTCGCAC-1",3.09103525730968,"PMN(2)","10X_ntph_M"
"Male_NTPH_GAAACCTAGGTAGTAT-1",2.89035136951063,"PMN(1)","10X_ntph_M"
"Male_NTPH_AGGCCACGTATCTCTT-1",-5.27351130718042e-06,"PMN(0)","10X_ntph_M"
"Male_NTPH_AAGCATCAGCTACTGT-1",1.09860436396595,"PMN(1)","10X_ntph_M"
"Male_NTPH_TCCCAGTAGATGCTAA-1",1.60941880370043,"PMN(1)","10X_ntph_M"
"Male_NTPH_ATTTCACAGGCAGCTA-1",0.693149133073718,"PMN(4)","10X_ntph_M"
"Male_NTPH_CCATCACCATTAGGCT-1",3.68888078628763,"PMN(2)","10X_ntph_M"
"Male_NTPH_CGTGTCTGTATCTCGA-1",-9.46696952107715e-06,"PMN(0)","10X_ntph_M"
"Male_NTPH_GGGAAGTAGCCTTTCC-1",3.52638199176089,"PMN(6)","10X_ntph_M"
"Male_NTPH_CGGACACCAGATCCTA-1",3.7135867071923,"PMN(6)","10X_ntph_M"
"Male_NTPH_TCTTGCGTCAGAGTTC-1",2.77258247586738,"PMN(2)","10X_ntph_M"
"Male_NTPH_CACTTCGTCCTCAGGG-1",3.33221787564915,"PMN(1)","10X_ntph_M"
"Male_NTPH_AGTAACCTCACCATGA-1",1.60942617313036,"PMN(2)","10X_ntph_M"
"Male_NTPH_AGGTCATAGAGAGCAA-1",3.21887729307521,"PMN(0)","10X_ntph_M"
"Male_NTPH_GAAACCTTCAACTGAC-1",2.99575504516069,"PMN(1)","10X_ntph_M"
"Male_NTPH_TAACCAGCAGGCTACC-1",2.63906662847934,"PMN(0)","10X_ntph_M"
"Male_NTPH_CGCCAGATCGATGCAT-1",3.04451855674291,"PMN(2)","10X_ntph_M"
"Male_NTPH_GCGGAAAAGGATACCG-1",3.40117572685427,"PMN(0)","10X_ntph_M"
"Male_NTPH_CGAGGAAGTCAACCTA-1",3.25810379360106,"PMN(2)","10X_ntph_M"
"Male_NTPH_TGCAGATAGGACGGAG-1",-8.30307381264326e-06,"PMN(4)","10X_ntph_M"
"Male_NTPH_ACGTCCTGTCTTTCTA-1",3.29585367299799,"PMN(0)","10X_ntph_M"
"Male_NTPH_AAGATAGTCTCTAAGG-1",0.693160318204934,"PMN(4)","10X_ntph_M"
"Male_NTPH_GTAACACGTGGCAGAT-1",1.60944142620602,"PMN(1)","10X_ntph_M"
"Male_NTPH_CATGCTCTCAGCGTCG-1",2.30259919493154,"PMN(5)","10X_ntph_M"
"Male_NTPH_CCCATTGGTACTTGTG-1",3.29582150639018,"PMN(6)","10X_ntph_M"
"Male_NTPH_AGTCAACAGGGAGATA-1",2.56497109347591,"PMN(3)","10X_ntph_M"
"Male_NTPH_GCGTTTCTCTTTACAC-1",1.61774115014025e-05,"PMN(0)","10X_ntph_M"
"Male_NTPH_ACCAACATCGACGATT-1",1.7917717665627,"PMN(1)","10X_ntph_M"
"Male_NTPH_AAGAACAGTAACTAAG-1",1.38629903016607,"PMN(3)","10X_ntph_M"
"Male_NTPH_CTGGTCTGTGATACAA-1",3.17804574451389,"PMN(2)","10X_ntph_M"
"Male_NTPH_CCCGAAGTCGTTCTAT-1",2.94443416341385,"PMN(2)","10X_ntph_M"
"Male_NTPH_TTACCATGTTGCATGT-1",1.60943387689259,"PMN(1)","10X_ntph_M"
"Male_NTPH_ACCAACAGTTATAGCC-1",2.30259868610025,"PMN(1)","10X_ntph_M"
"Male_NTPH_GGAGCAAAGTCGCCAC-1",3.49648832438519,"PMN(0)","10X_ntph_M"
"Male_NTPH_TGGTACAAGTAACGTA-1",3.49650430478588,"PMN(5)","10X_ntph_M"
"Male_NTPH_CTTCCTTTCCGCGATG-1",3.0445280809329,"PMN(0)","10X_ntph_M"
"Male_NTPH_GAAGGGTTCACAATGC-1",3.17803683989754,"PMN(2)","10X_ntph_M"
"Male_NTPH_CCTCTCCAGAACGCGT-1",3.49650223192684,"PMN(0)","10X_ntph_M"
"Male_NTPH_AGAGAGCCAAGGTCTT-1",3.58353473112384,"PMN(0)","10X_ntph_M"
"Male_NTPH_TGTAACGGTACTGTTG-1",1.69913878585151e-06,"PMN(7)","10X_ntph_M"
"Male_NTPH_GTAGGAGTCATGCGGC-1",1.60944911692141,"PMN(1)","10X_ntph_M"
"Male_NTPH_AGAAGTAAGACTTGTC-1",3.04452167802696,"PMN(2)","10X_ntph_M"
"Male_NTPH_CTGAGGCCAGGAACCA-1",0.693156394266929,"PMN(4)","10X_ntph_M"
"Male_NTPH_AGTGTTGGTAACCAGG-1",2.1972301838795,"PMN(1)","10X_ntph_M"
"Male_NTPH_TGAGACTCAGGTTACT-1",2.89038248146779,"PMN(2)","10X_ntph_M"
"Male_NTPH_AGTAGTCAGATTTGCC-1",3.07934272965297e-07,"PMN(7)","10X_ntph_M"
"Male_NTPH_TTGTTTGGTGAACTAA-1",1.60942782990215,"PMN(5)","10X_ntph_M"
"Male_NTPH_AAAGTCCAGAACTGAT-1",-1.35857152556018e-05,"PMN(0)","10X_ntph_M"
"Male_NTPH_CACTGGGGTTCAAAGA-1",1.38630198018144,"PMN(1)","10X_ntph_M"
"Male_NTPH_ATGCATGTCAGCGTCG-1",1.94590591851404,"PMN(4)","10X_ntph_M"
"Male_NTPH_CGCCAGAAGAGTGACC-1",1.79175129609137,"PMN(1)","10X_ntph_M"
"Male_NTPH_TGTTTGTGTGACTCTA-1",6.88527469023279e-06,"PMN(0)","10X_ntph_M"
"Male_NTPH_CTATCCGTCTCAATCT-1",3.55535197865186,"PMN(1)","10X_ntph_M"
"Male_NTPH_GTCCACTAGTTGAATG-1",3.43397567408978,"PMN(0)","10X_ntph_M"
"Male_NTPH_AGCCAATTCATCTCTA-1",1.38627757250438,"PMN(1)","10X_ntph_M"
"Male_NTPH_TTGCGTCTCAAAGGTA-1",-1.47789646815392e-05,"PMN(7)","10X_ntph_M"
"Male_NTPH_TACGGTAAGCTTGTGT-1",0.693162129959038,"PMN(0)","10X_ntph_M"
"Male_NTPH_TACCCACTCCCGGTAG-1",2.56495393475127,"PMN(5)","10X_ntph_M"
"Male_NTPH_GTTACAGGTCCTGGGT-1",2.63905461353527,"PMN(2)","10X_ntph_M"
"Male_NTPH_GACCGTGTCGTTGTAG-1",1.0986175014086,"PMN(4)","10X_ntph_M"
"Male_NTPH_GATAGAATCGACGATT-1",-9.45048756362431e-07,"PMN(6)","10X_ntph_M"
"Male_NTPH_GAGTGAGGTAACCCGC-1",3.25808150216084,"PMN(0)","10X_ntph_M"
"Male_NTPH_GGGACAACATAACGGG-1",2.63906606011734,"PMN(0)","10X_ntph_M"
"Male_NTPH_CGAATTGGTGGCTCTG-1",1.79176893258709,"PMN(1)","10X_ntph_M"
"Male_NTPH_TTTACGTTCCCTTGTG-1",2.70803678425976,"PMN(3)","10X_ntph_M"
"Male_NTPH_GAAGGGTAGGGTTGCA-1",2.89038584450064,"PMN(2)","10X_ntph_M"
"Male_NTPH_ACATGCATCTGTACAG-1",3.04452100933473,"PMN(3)","10X_ntph_M"
"Male_NTPH_AATGGCTTCATGGGAG-1",3.55534047322351,"PMN(3)","10X_ntph_M"
"Male_NTPH_CCAATGAGTCAAGCGA-1",3.33223698993787,"PMN(0)","10X_ntph_M"
"Male_NTPH_CAATGACAGGCTAGCA-1",3.78418792180158,"PMN(0)","10X_ntph_M"
"Male_NTPH_ATGAGTCTCTAGAGCT-1",2.99571536448133,"PMN(3)","10X_ntph_M"
"Male_NTPH_CGAGTGCAGGCCTAGA-1",2.70805115769298,"PMN(5)","10X_ntph_M"
"Male_NTPH_TCATTCATCACAGTGT-1",2.19723067884233,"PMN(5)","10X_ntph_M"
"Male_NTPH_TAAGTCGAGCACGTCC-1",3.04453361059605,"PMN(2)","10X_ntph_M"
"Male_NTPH_GATCACACATGAATCC-1",2.63906114115423,"PMN(2)","10X_ntph_M"
"Male_NTPH_TGATGGTAGAGCCCAA-1",3.49650643285921,"PMN(3)","10X_ntph_M"
"Male_NTPH_ATTCACTGTAACACGG-1",2.99572650314625,"PMN(2)","10X_ntph_M"
"Male_NTPH_CAGCAGCCAGGTCAAG-1",2.48491270453984,"PMN(5)","10X_ntph_M"
"Male_NTPH_CCGGACAAGTCTTCCC-1",1.09860536003392,"PMN(1)","10X_ntph_M"
"Male_NTPH_GAATCGTCAGATACCT-1",1.60944693680534,"PMN(3)","10X_ntph_M"
"Male_NTPH_GGTTAACCAGCAGATG-1",0.693143392662248,"PMN(4)","10X_ntph_M"
"Male_NTPH_CATGCCTGTTGCATGT-1",2.83319238271458,"PMN(3)","10X_ntph_M"
"Male_NTPH_ATACTTCCACAGCATT-1",2.70805850443082,"PMN(2)","10X_ntph_M"
"Male_NTPH_CTGCATCGTATGAGAT-1",2.19722181916634,"PMN(2)","10X_ntph_M"
"Male_NTPH_ATGTCCCAGAGAGAAC-1",2.7725889775737,"PMN(2)","10X_ntph_M"
"Male_NTPH_TTCAGGAAGTACCATC-1",1.38631051822443,"PMN(3)","10X_ntph_M"
"Male_NTPH_AGACACTCAAGACGGT-1",2.079439799906,"PMN(1)","10X_ntph_M"
"Male_NTPH_GAACTGTCACTGGATT-1",3.4011997441181,"PMN(0)","10X_ntph_M"
"Male_NTPH_CTCTGGTAGGGTTGCA-1",3.43398869954769,"PMN(0)","10X_ntph_M"
"Male_NTPH_ATCGCCTGTGACGTCC-1",2.89038711383263,"PMN(2)","10X_ntph_M"
"Male_NTPH_GATGGAGCACGGTGCT-1",2.30258199513064,"PMN(3)","10X_ntph_M"
"Male_NTPH_AGGCATTCATACTTTC-1",3.17804581200894,"PMN(2)","10X_ntph_M"
"Male_NTPH_ACCCTCACAGCTGTAT-1",1.60943051428452,"PMN(1)","10X_ntph_M"
"Male_NTPH_CAATACGGTACAAACA-1",2.30256412021865,"PMN(1)","10X_ntph_M"
"Male_NTPH_GATCCCTGTCAGTCCG-1",2.83319465473764,"PMN(2)","10X_ntph_M"
"Male_NTPH_CAGCAATTCCACGTGG-1",2.19723759743652,"PMN(1)","10X_ntph_M"
"Male_NTPH_TCACGCTTCGTGGACC-1",2.89037122405535,"PMN(2)","10X_ntph_M"
"Male_NTPH_GACTGATTCTATACGG-1",7.62112705653033e-07,"PMN(5)","10X_ntph_M"
"Male_NTPH_GGGCTACTCCACGGAC-1",2.30574859670521e-06,"PMN(7)","10X_ntph_M"
"Male_NTPH_GAGCCTGCACCGTCGA-1",3.25810858584373,"PMN(2)","10X_ntph_M"
"Male_NTPH_AAGCGTTTCTGGCCGA-1",2.94443621086277,"PMN(3)","10X_ntph_M"
"Male_NTPH_GTTATGGAGTGGTCAG-1",2.89037006442751,"PMN(2)","10X_ntph_M"
"Male_NTPH_GTGCACGCAATTGTGC-1",3.13550355788505,"PMN(2)","10X_ntph_M"
"Male_NTPH_AGGGCTCTCTCAGAAC-1",2.30259634674809,"PMN(5)","10X_ntph_M"
"Male_NTPH_GGCTGTGAGCCTTTCC-1",3.49651734678949,"PMN(3)","10X_ntph_M"
"Male_NTPH_AAGCCATAGCCTAGGA-1",1.38628277435143,"PMN(4)","10X_ntph_M"
"Male_NTPH_AGCTACATCTCCAAGA-1",3.09104444410187,"PMN(6)","10X_ntph_M"
"Male_NTPH_ATAGACCAGCTTAAGA-1",3.09103798073752,"PMN(2)","10X_ntph_M"
"Male_NTPH_TGTGAGTCAATGTTGC-1",0.693142661350089,"PMN(0)","10X_ntph_M"
"Male_NTPH_AAGACAAAGCCTCTTC-1",1.38629721688995,"PMN(1)","10X_ntph_M"
"Male_NTPH_GTAGTACTCTGACCCT-1",2.19724002781199,"PMN(3)","10X_ntph_M"
"Male_NTPH_GGTGTCGAGCCAAGGT-1",1.09859510570791,"PMN(4)","10X_ntph_M"
"Male_NTPH_CATGGTAGTGCAAGAC-1",1.60942952572916,"PMN(3)","10X_ntph_M"
"Male_NTPH_TCTCCGAAGGCGTTGA-1",3.09104219533188,"PMN(0)","10X_ntph_M"
"Male_NTPH_CGTGATAGTTGCTTGA-1",3.43398337670339,"PMN(0)","10X_ntph_M"
"Male_NTPH_TAAGCACGTTGAAGTA-1",2.19723308664453,"PMN(2)","10X_ntph_M"
"Male_NTPH_AACCTGAGTAAGCAAT-1",1.38629236989862,"PMN(2)","10X_ntph_M"
"Male_NTPH_CCTAACCTCCGACATA-1",2.39789050567206,"PMN(4)","10X_ntph_M"
"Male_NTPH_CCGGGTAAGAGAGGTA-1",1.41342071773614e-05,"PMN(6)","10X_ntph_M"
"Male_NTPH_TGTCCCAAGACTAAGT-1",2.99574159886656,"PMN(1)","10X_ntph_M"
"Male_NTPH_TCCAGAAAGAAGCGCT-1",3.43397704951682,"PMN(2)","10X_ntph_M"
"Male_NTPH_TCTCTGGAGATACATG-1",3.58350117626981,"PMN(0)","10X_ntph_M"
"Male_NTPH_AGGAGGTAGGCCGCTT-1",2.19722692064105,"PMN(2)","10X_ntph_M"
"Male_NTPH_TCTACATTCAAATGAG-1",3.29586087086736,"PMN(0)","10X_ntph_M"
"Male_NTPH_GTTACAGGTGGTAATA-1",-4.91308837336571e-06,"PMN(1)","10X_ntph_M"
"Male_NTPH_AGTGTTGGTCTCAGGC-1",-1.38466306172485e-05,"PMN(0)","10X_ntph_M"
"Male_NTPH_ATCGTGATCACCATGA-1",3.49649682738706,"PMN(2)","10X_ntph_M"
"Male_NTPH_CTGGCAGCAGCTATTG-1",2.56493609352415,"PMN(1)","10X_ntph_M"
"Male_NTPH_AGGATCTTCGAACCAT-1",2.30258162747677,"PMN(7)","10X_ntph_M"
"Male_NTPH_TTGAACGTCTTGGATG-1",2.30259477866465,"PMN(1)","10X_ntph_M"
"Male_NTPH_ACCTGTCTCATTACTC-1",3.36729893526838,"PMN(0)","10X_ntph_M"
"Male_NTPH_GACTCAACACTCCCTA-1",3.13550446849714,"PMN(2)","10X_ntph_M"
"Male_NTPH_GTGCGTGTCTTTCAGT-1",3.36730755538749,"PMN(6)","10X_ntph_M"
"Male_NTPH_GATAGAAGTCATGGCC-1",2.07944393847186,"PMN(1)","10X_ntph_M"
"Male_NTPH_GTAATCGTCGCCTCTA-1",3.589113004433e-06,"PMN(1)","10X_ntph_M"
"Male_NTPH_CTGAGGCTCCGTTGGG-1",1.60942819780934,"PMN(0)","10X_ntph_M"
"Male_NTPH_TGGGAGACAGACTGCC-1",1.6094445661208,"PMN(1)","10X_ntph_M"
"Male_NTPH_CTATCTATCCGTGCGA-1",3.61091873566502,"PMN(0)","10X_ntph_M"
"Male_NTPH_AAAGGATTCGGCCAAC-1",3.33219676860023,"PMN(5)","10X_ntph_M"
"Male_NTPH_GTATTTCCATGAGAAT-1",2.48490323467391,"PMN(1)","10X_ntph_M"
"Male_NTPH_AACAACCGTTCTCTCG-1",1.94591223324136,"PMN(5)","10X_ntph_M"
"Male_NTPH_AGTCAACGTTTCGATG-1",1.94593435763905,"PMN(3)","10X_ntph_M"
"Male_NTPH_CCTCATGGTCGCATGC-1",1.38630717285691,"PMN(1)","10X_ntph_M"
"Male_NTPH_TCCTCCCCAAGTGGTG-1",3.49649839948091,"PMN(0)","10X_ntph_M"
"Male_NTPH_CTCCTTTAGCTTACGT-1",3.43399374833451,"PMN(2)","10X_ntph_M"
"Male_NTPH_GACTGATAGGTTGGAC-1",2.99572348287555,"PMN(6)","10X_ntph_M"
"Male_NTPH_CGGGCATGTGGCTTAT-1",1.94591593820297,"PMN(3)","10X_ntph_M"
"Male_NTPH_GACGTTAAGCTCCGAC-1",1.09859979233057,"PMN(4)","10X_ntph_M"
"Male_NTPH_ACAGCCGCAATATCCG-1",3.25808225128266,"PMN(5)","10X_ntph_M"
"Male_NTPH_GTGGCGTTCTATGTGG-1",2.94444079585076,"PMN(6)","10X_ntph_M"
"Male_NTPH_TGATTCTAGCAAGTCG-1",2.56495853496902,"PMN(2)","10X_ntph_M"
"Male_NTPH_CTGTAGAAGTCGGGAT-1",2.77257945234845,"PMN(6)","10X_ntph_M"
"Male_NTPH_GTAATGCGTCTGCAAT-1",3.46574537679984,"PMN(0)","10X_ntph_M"
"Male_NTPH_TTGACCCAGTTTCAGC-1",1.09862474068544,"PMN(4)","10X_ntph_M"
"Male_NTPH_AAAGAACTCGTCCTCA-1",1.0986188601377,"PMN(4)","10X_ntph_M"
"Male_NTPH_GCTTGGGAGCCTATTG-1",2.83322451914229,"PMN(2)","10X_ntph_M"
"Male_NTPH_TGCATCCAGCATCCCG-1",1.38629548189726,"PMN(5)","10X_ntph_M"
"Male_NTPH_CTTTCAAGTTGATGTC-1",3.04453989791367,"PMN(0)","10X_ntph_M"
"Male_NTPH_TTTGACTGTTTCAGAC-1",1.0986217419707,"PMN(5)","10X_ntph_M"
"Male_NTPH_TTGTTCAGTCTTGAAC-1",2.30258718458786,"PMN(5)","10X_ntph_M"
"Male_NTPH_TCCCAGTTCCCGAATA-1",2.99572640251591,"PMN(2)","10X_ntph_M"
"Male_NTPH_CTACTATAGTCCCGGT-1",2.89037355974872,"PMN(2)","10X_ntph_M"
"Male_NTPH_ACCCTTGAGGAGGTTC-1",2.0794538437311,"PMN(1)","10X_ntph_M"
"Male_NTPH_GATCATGGTCACAGTT-1",2.48491327286555,"PMN(0)","10X_ntph_M"
"Male_NTPH_GGCTTTCTCGTGCTCT-1",-6.81924463915033e-06,"PMN(4)","10X_ntph_M"
"Male_NTPH_ATCACAGTCAAGAATG-1",0.693138981869997,"PMN(4)","10X_ntph_M"
"Male_NTPH_GCTTTCGTCCACTTCG-1",3.4012027444682,"PMN(0)","10X_ntph_M"
"Male_NTPH_TCGCAGGAGCCGATTT-1",3.1354843930367,"PMN(2)","10X_ntph_M"
"Male_NTPH_CACGAATGTCGCGTTG-1",3.29585059025981,"PMN(0)","10X_ntph_M"
"Male_NTPH_TTGTGGAGTTCTCGTC-1",-4.55041489403703e-07,"PMN(0)","10X_ntph_M"
"Male_NTPH_TGGGAGACACGGCCAT-1",2.83321527189968,"PMN(5)","10X_ntph_M"
"Male_NTPH_TACTTGTAGTTCGGTT-1",1.60941609015986,"PMN(1)","10X_ntph_M"
"Male_NTPH_CAACGGCGTACTCCGG-1",0.693160261524345,"PMN(1)","10X_ntph_M"
"Male_NTPH_AATGGAAAGATAGTGT-1",3.61091424246985,"PMN(2)","10X_ntph_M"
"Male_NTPH_CTGGCAGGTTGCTAGT-1",2.83322161362994,"PMN(2)","10X_ntph_M"
"Male_NTPH_AATCGACGTACTAACC-1",-2.05058792060247e-05,"PMN(0)","10X_ntph_M"
"Male_NTPH_GAGTGAGGTTTACACG-1",3.17805924749266,"PMN(2)","10X_ntph_M"
"Male_NTPH_GAATAGACACTGGCCA-1",0.693150810450122,"PMN(3)","10X_ntph_M"
"Male_NTPH_AAGACAAAGAAACTAC-1",2.07942562588159,"PMN(5)","10X_ntph_M"
"Male_NTPH_CTGCATCTCTGAGTCA-1",1.72832277745282e-06,"PMN(0)","10X_ntph_M"
"Male_NTPH_TTGTTGTGTGCAGTGA-1",0.693134450923399,"PMN(4)","10X_ntph_M"
"Male_NTPH_TACGCTCGTCGCTTAA-1",1.60942923347984,"PMN(1)","10X_ntph_M"
"Male_NTPH_CACATGACATCGTGCG-1",2.77259498545083,"PMN(2)","10X_ntph_M"
"Male_NTPH_GACTATGAGGTCCAGA-1",0.693146124253534,"PMN(4)","10X_ntph_M"
"Male_NTPH_CACACAAGTTCAAGGG-1",2.19722201412189,"PMN(1)","10X_ntph_M"
"Male_NTPH_TATTCCAGTCACAGTT-1",-7.18732416592086e-06,"PMN(4)","10X_ntph_M"
"Male_NTPH_CGAAGGAAGCGTGCTC-1",2.0794213403087,"PMN(5)","10X_ntph_M"
"Male_NTPH_AATTCCTAGCTATCCA-1",1.38629825725001,"PMN(4)","10X_ntph_M"
"Male_NTPH_GGGCTACCAAATGAGT-1",3.36727191006466,"PMN(6)","10X_ntph_M"
"Male_NTPH_TCAAGCAAGACTCAAA-1",2.94444960482492,"PMN(6)","10X_ntph_M"
"Male_NTPH_GCACTAAAGAATACAC-1",2.63905901637246,"PMN(6)","10X_ntph_M"
"Male_NTPH_CAATGACAGATTGAGT-1",3.5553490390115,"PMN(2)","10X_ntph_M"
"Male_NTPH_CGTCAAATCGATAACC-1",3.17804908805395,"PMN(2)","10X_ntph_M"
"Male_NTPH_GCAGGCTAGTTAACGA-1",1.60941657617589,"PMN(1)","10X_ntph_M"
"Male_NTPH_GCCAGGTCAGACCAGA-1",3.33220931919117,"PMN(5)","10X_ntph_M"
"Male_NTPH_AATTTCCCAACAGCTT-1",3.76120317854041,"PMN(3)","10X_ntph_M"
"Male_NTPH_TACAGGTCAGGATTCT-1",3.17804991891235,"PMN(0)","10X_ntph_M"
"Male_NTPH_CGAGAAGGTGTTATCG-1",3.33220728462228,"PMN(2)","10X_ntph_M"
"Male_NTPH_GCTGAATTCCATCTGC-1",1.09862037705916,"PMN(4)","10X_ntph_M"
"Male_NTPH_AGACAAATCCAGTTCC-1",3.04452718932235,"PMN(2)","10X_ntph_M"
"Male_NTPH_GCACGTGTCATTGAGC-1",0.693153723513817,"PMN(1)","10X_ntph_M"
"Male_NTPH_CGGCAGTGTCTCTCAC-1",1.60944281314995,"PMN(5)","10X_ntph_M"
"Male_NTPH_TCACAAGAGTAGACAT-1",2.94443274815485,"PMN(2)","10X_ntph_M"
"Male_NTPH_ACATCGATCACTAGCA-1",1.38631372067171,"PMN(2)","10X_ntph_M"
